b_lam,b_xw,sc_s_key,sc_lam_key,C,power,r_squared
0.1,0.01,,no,2.4885976858218966,0.0,0.0
0.1,0.01,,D,1.8539313411825051,0.13343805629980346,0.9974791865144851
0.1,0.01,,mixed,0.8172095894905302,0.4420477389749492,0.9692427969090248
0.1,0.01,,beta,0.7073795633686593,0.3059635899802967,0.17255494221648848
0.1,0.01,x,no,2.2333847135937526,0.007178947683636055,0.9471374768779656
0.1,0.01,x,D,1.02323369427149,0.3626280151346736,0.9988240605455596
0.1,0.01,x,mixed,0.32576355476219726,0.828311981246362,0.9982122998550714
0.1,0.01,x,beta,0.08444525219099508,1.374514758149081,0.9200088770671389
0.1,0.01,w,no,0.3803589079890911,0.11562648124312894,0.7858808859751071
0.1,0.01,w,D,1.1472165815740103,-0.5055744233894566,0.6519509232380256
0.1,0.01,w,mixed,1.2121602547368713,-0.5429518273164023,0.6939169995187566
0.1,0.01,w,beta,1.2301086888413193,-0.5384432212964034,0.6798988223736204
0.1,0.01,xw,no,0.06690004353164747,0.9965292080398417,0.9999990093629337
0.1,0.01,xw,D,0.06622909676579311,1.0,1.0
0.1,0.01,xw,mixed,0.007295599248107255,1.9542249545438244,0.9984813016550786
0.1,0.01,xw,beta,0.0035568373503518614,2.1478186152748395,0.9490102536017662
0.1,0.035,,no,2.4885976858218966,0.0,0.0
0.1,0.035,,D,1.8539313411825051,0.13343805629980346,0.9974791865144851
0.1,0.035,,mixed,0.8172095894905302,0.4420477389749492,0.9692427969090248
0.1,0.035,,beta,0.7073795633686593,0.3059635899802967,0.17255494221648848
0.1,0.035,x,no,2.1987107237807066,0.03578309682629985,0.9298368550663707
0.1,0.035,x,D,1.0875797243481777,0.3673388142001435,0.9985555410234391
0.1,0.035,x,mixed,0.35662875288573104,0.8250087511664518,0.9974319610133929
0.1,0.035,x,beta,0.10031754765641807,1.3272326342087584,0.9007664169333535
0.1,0.035,w,no,0.25508448606799683,0.9661075176483542,0.9973640283013305
0.1,0.035,w,D,0.5971638681441086,0.5246382133652842,0.9671195552506049
0.1,0.035,w,mixed,0.40187499640099505,0.5317377976319545,0.33166405108173813
0.1,0.035,w,beta,0.7852505574353472,-0.009585290886050259,0.0002251562280115582
0.1,0.035,xw,no,0.24057045278203712,0.9674003860002639,0.9999341333368272
0.1,0.035,xw,D,0.2202794255479216,0.9999999999999999,1.0
0.1,0.035,xw,mixed,0.029183344896525673,1.8955403602285879,0.9985391182299231
0.1,0.035,xw,beta,0.01041190830935173,2.2621467876250074,0.9509565121351732
0.1,0.060000000000000005,,no,2.4885976858218966,0.0,0.0
0.1,0.060000000000000005,,D,1.8539313411825051,0.13343805629980346,0.9974791865144851
0.1,0.060000000000000005,,mixed,0.8172095894905302,0.4420477389749492,0.9692427969090248
0.1,0.060000000000000005,,beta,0.7073795633686593,0.3059635899802967,0.17255494221648848
0.1,0.060000000000000005,x,no,2.1424813038388884,0.07751833658457281,0.9246036187601794
0.1,0.060000000000000005,x,D,1.1414738614233795,0.3885527714422805,0.998711455722269
0.1,0.060000000000000005,x,mixed,0.3824296070378343,0.8444361786134107,0.9952733097438495
0.1,0.060000000000000005,x,beta,0.11032735436810075,1.3257596912077856,0.873592387795055
0.1,0.060000000000000005,w,no,0.4949377805918643,0.8511742961341381,0.9972215043095374
0.1,0.060000000000000005,w,D,0.7252101765768012,0.6263454220639577,0.9875143735594375
0.1,0.060000000000000005,w,mixed,0.24905853259865846,1.058071910387934,0.8184017663823524
0.1,0.060000000000000005,w,beta,0.26945839920424525,0.84819232029337,0.4371883060197832
0.1,0.060000000000000005,xw,no,0.4220607158881493,0.9350744108662207,0.999836013818719
0.1,0.060000000000000005,xw,D,0.3578773668100254,1.0,1.0
0.1,0.060000000000000005,xw,mixed,0.06363374433016038,1.7825690492695403,0.9965867087114356
0.1,0.060000000000000005,xw,beta,0.015196819761038175,2.378731370357433,0.9579301382951529
0.1,0.085,,no,2.4885976858218966,0.0,0.0
0.1,0.085,,D,1.8539313411825051,0.13343805629980346,0.9974791865144851
0.1,0.085,,mixed,0.8172095894905302,0.4420477389749492,0.9692427969090248
0.1,0.085,,beta,0.7073795633686593,0.3059635899802967,0.17255494221648848
0.1,0.085,x,no,2.07199621862695,0.1292139792999369,0.9258010832041844
0.1,0.085,x,D,1.1868074386343594,0.4194720876452951,0.9991225988125285
0.1,0.085,x,mixed,0.402034294882593,0.8798277248430821,0.9919997442636036
0.1,0.085,x,beta,0.12371465944492953,1.3032517458172541,0.8182294389084732
0.1,0.085,w,no,0.7382933267104439,0.7736016858273292,0.9974337749524205
0.1,0.085,w,D,0.8191584792850551,0.6784519331859898,0.9927133449941203
0.1,0.085,w,mixed,0.29564488053520815,1.112265807691276,0.9452410609355224
0.1,0.085,w,beta,0.16255974770918205,1.2901690644931383,0.6868326893035124
0.1,0.085,xw,no,0.6029834507005212,0.9119847490438283,0.9998230570753915
0.1,0.085,xw,D,0.48587057161188696,1.0,1.0
0.1,0.085,xw,mixed,0.11621415332298768,1.6569309877020473,0.9933052205575463
0.1,0.085,xw,beta,0.023147268893698753,2.3711806593593154,0.9619175740335253
0.1,0.11,,no,2.4885976858218966,0.0,0.0
0.1,0.11,,D,1.8539313411825051,0.13343805629980346,0.9974791865144851
0.1,0.11,,mixed,0.8172095894905302,0.4420477389749492,0.9692427969090248
0.1,0.11,,beta,0.7073795633686593,0.3059635899802967,0.17255494221648848
0.1,0.11,x,no,1.994900269710487,0.187404790057993,0.9306225246608613
0.1,0.11,x,D,1.2266926312108521,0.45449319226501467,0.9995100589772299
0.1,0.11,x,mixed,0.41376833726316803,0.9272158917207789,0.9868730430340207
0.1,0.11,x,beta,0.16957595074571902,1.1634320554804736,0.7601127288876713
0.1,0.11,w,no,0.9653560677826897,0.7230622001000397,0.9972666228463906
0.1,0.11,w,D,0.897585142382579,0.7116803774216409,0.9949741944620107
0.1,0.11,w,mixed,0.3543844047257368,1.1142331215405017,0.9827137874866819
0.1,0.11,w,beta,0.13607931770234713,1.5004640721084226,0.809326601016686
0.1,0.11,xw,no,0.7791965691068353,0.8967699247605992,0.9998554199800777
0.1,0.11,xw,D,0.6075442726931792,1.0,1.0
0.1,0.11,xw,mixed,0.1856616612930646,1.548182087365129,0.9904610588947343
0.1,0.11,xw,beta,0.03597721061506381,2.2975180381590743,0.9649477319655734
0.1,0.135,,no,2.4885976858218966,0.0,0.0
0.1,0.135,,D,1.8539313411825051,0.13343805629980346,0.9974791865144851
0.1,0.135,,mixed,0.8172095894905302,0.4420477389749492,0.9692427969090248
0.1,0.135,,beta,0.7073795633686593,0.3059635899802967,0.17255494221648848
0.1,0.135,x,no,1.9180364222838193,0.2487396017733024,0.9373597370674174
0.1,0.135,x,D,1.2639001326674646,0.4899003966796883,0.9997629077230306
0.1,0.135,x,mixed,0.4813510284715238,0.906198200525174,0.9959087849616348
0.1,0.135,x,beta,0.458328130240526,0.8067016047280302,0.9886032004939542
0.1,0.135,w,no,1.1764006475048505,0.6872720443957495,0.9975069909223346
0.1,0.135,w,D,0.9669651658518706,0.7358552838155697,0.9962203374194711
0.1,0.135,w,mixed,0.41159945900094086,1.1094429849527432,0.9927140456943199
0.1,0.135,w,beta,0.14164736937308198,1.5671069943185338,0.8696205919690618
0.1,0.135,xw,no,0.9503097099012299,0.8863550618799041,0.999888942455331
0.1,0.135,xw,D,0.7243762156940897,0.9999999999999999,1.0
0.1,0.135,xw,mixed,0.3050129550607133,1.3927891877281935,0.9974027204287493
0.1,0.135,xw,beta,0.14096201661956836,1.7185593643679347,0.9785573802371667
0.1,0.16000000000000003,,no,2.4885976858218966,0.0,0.0
0.1,0.16000000000000003,,D,1.8539313411825051,0.13343805629980346,0.9974791865144851
0.1,0.16000000000000003,,mixed,0.8172095894905302,0.4420477389749492,0.9692427969090248
0.1,0.16000000000000003,,beta,0.7073795633686593,0.3059635899802967,0.17255494221648848
0.1,0.16000000000000003,x,no,1.8467003554387138,0.310315440587399,0.9448703400922317
0.1,0.16000000000000003,x,D,1.3003345773805548,0.5236275055021585,0.9998930303985273
0.1,0.16000000000000003,x,mixed,0.5370938509780292,0.904589298623686,0.9976645656017173
0.1,0.16000000000000003,x,beta,0.5417835882023107,0.7978941405809389,0.9669408756918463
0.1,0.16000000000000003,w,no,1.3701481067356223,0.6619703345737072,0.9979716644461707
0.1,0.16000000000000003,w,D,1.0304802541493576,0.7549273637409212,0.9970030030761571
0.1,0.16000000000000003,w,mixed,0.4709003800112667,1.0989356773731052,0.9966703922428548
0.1,0.16000000000000003,w,beta,0.1542211715893579,1.5933133127350485,0.9046060308895196
0.1,0.16000000000000003,xw,no,1.1170333883374977,0.8787151473530685,0.9999122393449015
0.1,0.16000000000000003,xw,D,0.8373765459500864,1.0,1.0
0.1,0.16000000000000003,xw,mixed,0.4058933500913561,1.3278128185760811,0.9981133110815014
0.1,0.16000000000000003,xw,beta,0.20647583499184527,1.6159354594441326,0.9847446756178044
0.1,0.18500000000000003,,no,2.4885976858218966,0.0,0.0
0.1,0.18500000000000003,,D,1.8539313411825051,0.13343805629980346,0.9974791865144851
0.1,0.18500000000000003,,mixed,0.8172095894905302,0.4420477389749492,0.9692427969090248
0.1,0.18500000000000003,,beta,0.7073795633686593,0.3059635899802967,0.17255494221648848
0.1,0.18500000000000003,x,no,1.78438496496439,0.36987780949401333,0.9523938570702424
0.1,0.18500000000000003,x,D,1.3370982177581905,0.5547372756808774,0.9999446473740273
0.1,0.18500000000000003,x,mixed,0.5881619380920468,0.9093428537392252,0.9982801031045943
0.1,0.18500000000000003,x,beta,0.613626769137183,0.8063445978463918,0.9983676605414489
0.1,0.18500000000000003,w,no,1.547060200338995,0.6442963898060556,0.9984900813375871
0.1,0.18500000000000003,w,D,1.0899758597529394,0.7707602403411373,0.9975368905982344
0.1,0.18500000000000003,w,mixed,0.5297995335134482,1.0883081619437744,0.9982958800318552
0.1,0.18500000000000003,w,beta,0.17034534610550006,1.6008911462874953,0.9255683525371727
0.1,0.18500000000000003,xw,no,1.2800562358447014,0.8727779638188297,0.9999270365868758
0.1,0.18500000000000003,xw,D,0.9473719752552581,1.0,1.0
0.1,0.18500000000000003,xw,mixed,0.5061917167470054,1.2832082619672676,0.9984239739643757
0.1,0.18500000000000003,xw,beta,0.26770118578641017,1.5596794550767492,0.9883700974216573
0.1,0.21000000000000002,,no,2.4885976858218966,0.0,0.0
0.1,0.21000000000000002,,D,1.8539313411825051,0.13343805629980346,0.9974791865144851
0.1,0.21000000000000002,,mixed,0.8172095894905302,0.4420477389749492,0.9692427969090248
0.1,0.21000000000000002,,beta,0.7073795633686593,0.3059635899802967,0.17255494221648848
0.1,0.21000000000000002,x,no,1.7329293166298174,0.4258740221772952,0.9594601003875713
0.1,0.21000000000000002,x,D,1.374732788939969,0.5829558405983782,0.9999547103477101
0.1,0.21000000000000002,x,mixed,0.6380237364625869,0.9153714515545892,0.9985843183209459
0.1,0.21000000000000002,x,beta,0.6670996560461115,0.8231713440501974,0.9987007398247113
0.1,0.21000000000000002,w,no,1.7084739537012306,0.6322405664400869,0.9989629408282445
0.1,0.21000000000000002,w,D,1.1466280465950474,0.7843419705227891,0.9979225800547814
0.1,0.21000000000000002,w,mixed,0.5873803064413297,1.0791188662158688,0.998926641856488
0.1,0.21000000000000002,w,beta,0.18945986329556078,1.597064603594747,0.9394306580227358
0.1,0.21000000000000002,xw,no,1.4398083363111522,0.868013316561051,0.9999371347515685
0.1,0.21000000000000002,xw,D,1.0550409875568,1.0,1.0
0.1,0.21000000000000002,xw,mixed,0.6068362461135585,1.2495001559918348,0.9986465313349986
0.1,0.21000000000000002,xw,beta,0.329118092065293,1.5193234694496287,0.9904681733217516
0.1,0.23500000000000001,,no,2.4885976858218966,0.0,0.0
0.1,0.23500000000000001,,D,1.8539313411825051,0.13343805629980346,0.9974791865144851
0.1,0.23500000000000001,,mixed,0.8172095894905302,0.4420477389749492,0.9692427969090248
0.1,0.23500000000000001,,beta,0.7073795633686593,0.3059635899802967,0.17255494221648848
0.1,0.23500000000000001,x,no,1.692883785829194,0.4773934716147837,0.9658175453846274
0.1,0.23500000000000001,x,D,1.413443653856476,0.608353564043444,0.9999461438818692
0.1,0.23500000000000001,x,mixed,0.6880485117530054,0.9209730391259779,0.9988480958346684
0.1,0.23500000000000001,x,beta,0.7182662417580395,0.8379741324042773,0.9989521381560337
0.1,0.23500000000000001,w,no,1.8560087982003475,0.6243795199085004,0.9993434972317402
0.1,0.23500000000000001,w,D,1.2012304605263837,0.7962477111974964,0.9982133126670322
0.1,0.23500000000000001,w,mixed,0.6440266572000116,1.071088127787964,0.9991834518136596
0.1,0.23500000000000001,w,beta,0.21348418870685712,1.580620745792747,0.9484389439324185
0.1,0.23500000000000001,xw,no,1.5965069127240052,0.8641568370763918,0.9999453937729081
0.1,0.23500000000000001,xw,D,1.1609241173126292,1.0,1.0
0.1,0.23500000000000001,xw,mixed,0.7071519985359637,1.2233329837433533,0.998783399157033
0.1,0.23500000000000001,xw,beta,0.3909223888451619,1.488325361018729,0.9919342726650644
0.1,0.26,,no,2.4885976858218966,0.0,0.0
0.1,0.26,,D,1.8539313411825051,0.13343805629980346,0.9974791865144851
0.1,0.26,,mixed,0.8172095894905302,0.4420477389749492,0.9692427969090248
0.1,0.26,,beta,0.7073795633686593,0.3059635899802967,0.17255494221648848
0.1,0.26,x,no,1.66392946639823,0.5240424316876929,0.9713685691786489
0.1,0.26,x,D,1.4532551970640306,0.6311552009589386,0.999931232742447
0.1,0.26,x,mixed,0.7378519426302633,0.9262853393089998,0.9990265671469359
0.1,0.26,x,beta,0.769092645174118,0.8502240168973128,0.9990899954686612
0.1,0.26,w,no,1.9912943288818472,0.6196881308578047,0.9996180711257615
0.1,0.26,w,D,1.2543388505091386,0.8068396813379648,0.9984398089350712
0.1,0.26,w,mixed,0.6995485378969902,1.0643540829372113,0.999265293936501
0.1,0.26,w,beta,0.2353594799151595,1.571084424596964,0.9547713392699846
0.1,0.26,xw,no,1.7502467214759818,0.8610645004518899,0.9999533562669177
0.1,0.26,xw,D,1.2654418239975498,1.0,1.0
0.1,0.26,xw,mixed,0.806924226639954,1.202506977910297,0.9988595930827219
0.1,0.26,xw,beta,0.4542423796810169,1.462210080907017,0.9929265579205633
0.1,0.28500000000000003,,no,2.4885976858218966,0.0,0.0
0.1,0.28500000000000003,,D,1.8539313411825051,0.13343805629980346,0.9974791865144851
0.1,0.28500000000000003,,mixed,0.8172095894905302,0.4420477389749492,0.9692427969090248
0.1,0.28500000000000003,,beta,0.7073795633686593,0.3059635899802967,0.17255494221648848
0.1,0.28500000000000003,x,no,1.6452423431928471,0.5658008429301622,0.976114244996868
0.1,0.28500000000000003,x,D,1.4941046358408734,0.6516373631957162,0.9999158762261069
0.1,0.28500000000000003,x,mixed,0.7876769821187162,0.9310743848059851,0.9991697733289664
0.1,0.28500000000000003,x,beta,0.8184168574703125,0.8614961307166903,0.9992441354731831
0.1,0.28500000000000003,w,no,2.115851916793662,0.6174148089938685,0.9997914868784162
0.1,0.28500000000000003,w,D,1.3063520815510608,0.8163619895268829,0.9986209671120094
0.1,0.28500000000000003,w,mixed,0.7544437438641853,1.0584571403942233,0.9992925691865371
0.1,0.28500000000000003,w,beta,0.25831287553112636,1.5603209993855138,0.9598550356122166
0.1,0.28500000000000003,xw,no,1.9010697456648218,0.8586437005543224,0.9999615185207865
0.1,0.28500000000000003,xw,D,1.368916542355211,1.0,1.0
0.1,0.28500000000000003,xw,mixed,0.907508435334,1.1847517686361828,0.9990002614573595
0.1,0.28500000000000003,xw,beta,0.5174962697093846,1.4411875603916042,0.9936031626245696
0.1,0.31000000000000005,,no,2.4885976858218966,0.0,0.0
0.1,0.31000000000000005,,D,1.8539313411825051,0.13343805629980346,0.9974791865144851
0.1,0.31000000000000005,,mixed,0.8172095894905302,0.4420477389749492,0.9692427969090248
0.1,0.31000000000000005,,beta,0.7073795633686593,0.3059635899802967,0.17255494221648848
0.1,0.31000000000000005,x,no,1.6357624882930888,0.6028914304449099,0.9801118663693753
0.1,0.31000000000000005,x,D,1.535893979130518,0.6700777352073027,0.9999025496130088
0.1,0.31000000000000005,x,mixed,0.8371698069350889,0.9355848720675954,0.9992656513375826
0.1,0.31000000000000005,x,beta,0.8674121700670422,0.8713529009132661,0.9993546802018135
0.1,0.31000000000000005,w,no,2.2310505343965708,0.616999276653996,0.9998774959319595
0.1,0.31000000000000005,w,D,1.3575609326172697,0.8249890931673629,0.9987690051073861
0.1,0.31000000000000005,w,mixed,0.8083836538931911,1.0535699533769545,0.9992852807988154
0.1,0.31000000000000005,w,beta,0.2820425785091498,1.5493023679685431,0.9632962417641195
0.1,0.31000000000000005,xw,no,2.0490070859252185,0.856822920183301,0.9999697091820909
0.1,0.31000000000000005,xw,D,1.4715938340229462,1.0,1.0
0.1,0.31000000000000005,xw,mixed,1.0075388760481216,1.170077431715228,0.9990935444373159
0.1,0.31000000000000005,xw,beta,0.5827283890218502,1.422045504260703,0.9940320230774143
0.1,0.335,,no,2.4885976858218966,0.0,0.0
0.1,0.335,,D,1.8539313411825051,0.13343805629980346,0.9974791865144851
0.1,0.335,,mixed,0.8172095894905302,0.4420477389749492,0.9692427969090248
0.1,0.335,,beta,0.7073795633686593,0.3059635899802967,0.17255494221648848
0.1,0.335,x,no,1.634370033861158,0.6356753521800261,0.983445365349797
0.1,0.335,x,D,1.5785168558819629,0.6867326132635659,0.9998920278287375
0.1,0.335,x,mixed,0.8869608839287795,0.9394518601231087,0.9993590409845158
0.1,0.335,x,beta,0.9164376165719049,0.8799131347694703,0.9994482597526231
0.1,0.335,w,no,2.3380979625673746,0.6180176704861936,0.999892980460908
0.1,0.335,w,D,1.4081802470511662,0.8328516517412182,0.9988921446339682
0.1,0.335,w,mixed,0.8617464821777318,1.049352187062238,0.9992852127332613
0.1,0.335,w,beta,0.30582010719097563,1.5394523348137614,0.9659787561571734
0.1,0.335,xw,no,2.19410004318457,0.8555394621296664,0.9999774242855678
0.1,0.335,xw,D,1.5736603081098923,1.0,1.0
0.1,0.335,xw,mixed,1.1074357001883992,1.1575832256308256,0.9991778770371724
0.1,0.335,xw,beta,0.6477725742306596,1.4061524269276404,0.9943001969830902
0.1,0.36000000000000004,,no,2.4885976858218966,0.0,0.0
0.1,0.36000000000000004,,D,1.8539313411825051,0.13343805629980346,0.9974791865144851
0.1,0.36000000000000004,,mixed,0.8172095894905302,0.4420477389749492,0.9692427969090248
0.1,0.36000000000000004,,beta,0.7073795633686593,0.3059635899802967,0.17255494221648848
0.1,0.36000000000000004,x,no,1.639987614607248,0.6645769903631789,0.9862065553417425
0.1,0.36000000000000004,x,D,1.6218712913193358,0.7018290225628091,0.9998843056161192
0.1,0.36000000000000004,x,mixed,0.9368331882477547,0.9428766953496828,0.999436707944488
0.1,0.36000000000000004,x,beta,0.9656932482441472,0.8873144607519162,0.9995125709116954
0.1,0.36000000000000004,w,no,2.4380482236702457,0.62014519984666,0.9998547195022364
0.1,0.36000000000000004,w,D,1.458369297513381,0.8400517323490237,0.9989961056169904
0.1,0.36000000000000004,w,mixed,0.9139293713253471,1.046105324385697,0.99924361254371
0.1,0.36000000000000004,w,beta,0.32783221301784726,1.5334741109999002,0.9679531662454837
0.1,0.36000000000000004,xw,no,2.3364082877272594,0.8547351252473866,0.9999840736699438
0.1,0.36000000000000004,xw,D,1.6752578597983359,1.0,1.0
0.1,0.36000000000000004,xw,mixed,1.2066022026304155,1.1470909526664061,0.999214428284603
0.1,0.36000000000000004,xw,beta,0.7132392661698078,1.3923139594724914,0.9944612193778576
0.1,0.385,,no,2.4885976858218966,0.0,0.0
0.1,0.385,,D,1.8539313411825051,0.13343805629980346,0.9974791865144851
0.1,0.385,,mixed,0.8172095894905302,0.4420477389749492,0.9692427969090248
0.1,0.385,,beta,0.7073795633686593,0.3059635899802967,0.17255494221648848
0.1,0.385,x,no,1.6516325550965365,0.6900340535463229,0.9884843622134591
0.1,0.385,x,D,1.6658650161960888,0.715563868351119,0.9998790622345527
0.1,0.385,x,mixed,0.9867609126126798,0.9459286135190612,0.9995009699776617
0.1,0.385,x,beta,1.014977323680836,0.893870355638011,0.9995698115659859
0.1,0.385,w,no,2.5318157157747385,0.6231302448477798,0.9997777779784848
0.1,0.385,w,D,1.5082471352480966,0.846671374789472,0.9990849821173475
0.1,0.385,w,mixed,0.9666397966625581,1.042756864730094,0.9992739235331075
0.1,0.385,w,beta,0.3517861726934594,1.525159192081523,0.9696172568651054
0.1,0.385,xw,no,2.47601097509274,0.8543550907515017,0.9999891354265298
0.1,0.385,xw,D,1.7764946090784859,1.0,1.0
0.1,0.385,xw,mixed,1.306948722212853,1.1374225964468068,0.9993191858082913
0.1,0.385,xw,beta,0.7781938855557946,1.3807151666811315,0.9944070044995393
0.1,0.41000000000000003,,no,2.4885976858218966,0.0,0.0
0.1,0.41000000000000003,,D,1.8539313411825051,0.13343805629980346,0.9974791865144851
0.1,0.41000000000000003,,mixed,0.8172095894905302,0.4420477389749492,0.9692427969090248
0.1,0.41000000000000003,,beta,0.7073795633686593,0.3059635899802967,0.17255494221648848
0.1,0.41000000000000003,x,no,1.668434707754468,0.7124682359463944,0.990359408916958
0.1,0.41000000000000003,x,D,1.7104169953327868,0.7281061704372682,0.9998758845095465
0.1,0.41000000000000003,x,mixed,1.036530455423695,0.9487666393994011,0.9995561099643075
0.1,0.41000000000000003,x,beta,1.0642835523510399,0.8997386353127083,0.9996183408986361
0.1,0.41000000000000003,w,no,2.6201913600581532,0.6267760432082261,0.9996748661395288
0.1,0.41000000000000003,w,D,1.557902781953549,0.8527782099909672,0.9991617777414943
0.1,0.41000000000000003,w,mixed,1.018857553028085,1.0398963895047315,0.9993172702106301
0.1,0.41000000000000003,w,beta,0.37534438358508343,1.5182272623561661,0.9707697603834696
0.1,0.41000000000000003,xw,no,2.613004355744056,0.8543479531850491,0.9999922340854006
0.1,0.41000000000000003,xw,D,1.8774531649065513,1.0,1.0
0.1,0.41000000000000003,xw,mixed,1.4067547750136158,1.1291123201241335,0.9993915339578648
0.1,0.41000000000000003,xw,beta,0.8454949705058123,1.3692012471099941,0.994540917328234
0.1,0.43500000000000005,,no,2.4885976858218966,0.0,0.0
0.1,0.43500000000000005,,D,1.8539313411825051,0.13343805629980346,0.9974791865144851
0.1,0.43500000000000005,,mixed,0.8172095894905302,0.4420477389749492,0.9692427969090248
0.1,0.43500000000000005,,beta,0.7073795633686593,0.3059635899802967,0.17255494221648848
0.1,0.43500000000000005,x,no,1.6896424760385027,0.7322674601715159,0.9919019082276217
0.1,0.43500000000000005,x,D,1.7554571615355252,0.7396003978971226,0.999874366802344
0.1,0.43500000000000005,x,mixed,1.0863774415142546,0.9513003272235349,0.9996016013819223
0.1,0.43500000000000005,x,beta,1.1136532969590633,0.9049837019781422,0.9996577677447694
0.1,0.43500000000000005,w,no,2.703858502824277,0.6309275130862395,0.999556243229935
0.1,0.43500000000000005,w,D,1.6074028656220178,0.8584290111052755,0.9992287445662204
0.1,0.43500000000000005,w,mixed,1.0704261455414075,1.037555877981987,0.9993266163838262
0.1,0.43500000000000005,w,beta,0.39873785674156986,1.5121676600983205,0.9716407257841095
0.1,0.43500000000000005,xw,no,2.7474980478044677,0.8546660084719979,0.999993164394192
0.1,0.43500000000000005,xw,D,1.9781968255570792,1.0,1.0
0.1,0.43500000000000005,xw,mixed,1.5064521176826373,1.1217730030362758,0.9994480089658057
0.1,0.43500000000000005,xw,beta,0.9122402135357847,1.3594160754585392,0.9945486373223956
0.1,0.46,,no,2.4885976858218966,0.0,0.0
0.1,0.46,,D,1.8539313411825051,0.13343805629980346,0.9974791865144851
0.1,0.46,,mixed,0.8172095894905302,0.4420477389749492,0.9692427969090248
0.1,0.46,,beta,0.7073795633686593,0.3059635899802967,0.17255494221648848
0.1,0.46,x,no,1.714610692698537,0.7497803579517246,0.9931714407315541
0.1,0.46,x,D,1.800925402642535,0.7501699560886642,0.9998741504006853
0.1,0.46,x,mixed,1.136255659573459,0.953590680028731,0.9996403530043935
0.1,0.46,x,beta,1.1635060425531607,0.9095094135279976,0.9996876780362365
0.1,0.46,w,no,2.783407573417788,0.6354616167738744,0.999429899831444
0.1,0.46,w,D,1.656797192535133,0.8636721125524754,0.9992876041740788
0.1,0.46,w,mixed,1.1210105116457496,1.0358430202272113,0.9992970459974919
0.1,0.46,w,beta,0.4227844403896223,1.5058750630156723,0.9725456425488923
0.1,0.46,xw,no,2.8796110618582587,0.8552654878764527,0.9999918813139294
0.1,0.46,xw,D,2.078774224866428,0.9999999999999999,1.0
0.1,0.46,xw,mixed,1.6054266676952633,1.1154581645061474,0.9994690838499004
0.1,0.46,xw,beta,0.9785131165182942,1.3510228541985092,0.9945035056627906
0.1,0.48500000000000004,,no,2.4885976858218966,0.0,0.0
0.1,0.48500000000000004,,D,1.8539313411825051,0.13343805629980346,0.9974791865144851
0.1,0.48500000000000004,,mixed,0.8172095894905302,0.4420477389749492,0.9692427969090248
0.1,0.48500000000000004,,beta,0.7073795633686593,0.3059635899802967,0.17255494221648848
0.1,0.48500000000000004,x,no,1.742792192584284,0.7653136134679153,0.9942177029719388
0.1,0.48500000000000004,x,D,1.8467702889540245,0.7599204257965008,0.9998749342979101
0.1,0.48500000000000004,x,mixed,1.1862105051602163,0.9556471114581315,0.999672468040425
0.1,0.48500000000000004,x,beta,1.2130457411872728,0.9137687667924825,0.9997169477832099
0.1,0.48500000000000004,w,no,2.859349131741884,0.6402802099141165,0.999301860811158
0.1,0.48500000000000004,w,D,1.7061228896362965,0.8685491113247338,0.9993396955855276
0.1,0.48500000000000004,w,mixed,1.1735706478719583,1.0333154563306903,0.9994314386606938
0.1,0.48500000000000004,w,beta,0.4460106601525701,1.5010884937080964,0.9729742797614895
0.1,0.48500000000000004,xw,no,3.0094681488005923,0.8561066456604668,0.9999884724313685
0.1,0.48500000000000004,xw,D,2.1792228208522317,0.9999999999999999,1.0
0.1,0.48500000000000004,xw,mixed,1.7061318815779143,1.109230282948679,0.9995682943860739
0.1,0.48500000000000004,xw,beta,1.044517706254534,1.3436550392881836,0.9943250150480626
0.1,0.51,,no,2.4885976858218966,0.0,0.0
0.1,0.51,,D,1.8539313411825051,0.13343805629980346,0.9974791865144851
0.1,0.51,,mixed,0.8172095894905302,0.4420477389749492,0.9692427969090248
0.1,0.51,,beta,0.7073795633686593,0.3059635899802967,0.17255494221648848
0.1,0.51,x,no,1.7737232350022245,0.7791342870342065,0.9950816744211571
0.1,0.51,x,D,1.8929478263038455,0.7689423942599329,0.9998764733306077
0.1,0.51,x,mixed,1.2361471909699593,0.957539678116749,0.9997002999534588
0.1,0.51,x,beta,1.262585700873218,0.9176592012294361,0.999741952022289
0.1,0.51,w,no,2.932125241224926,0.6453046671485722,0.9991765196937534
0.1,0.51,w,D,1.7554075049931486,0.8730961091495953,0.9993860765580392
0.1,0.51,w,mixed,1.2244427182115891,1.0317128832003561,0.9994496262506903
0.1,0.51,w,beta,0.47024646828575545,1.4955643954672038,0.9732954978107617
0.1,0.51,xw,no,3.137196678788991,0.857153708172077,0.9999831239846315
0.1,0.51,xw,D,2.279571524691701,0.9999999999999999,1.0
0.1,0.51,xw,mixed,1.8056509551392304,1.10396540650353,0.999604169507024
0.1,0.51,xw,beta,1.1131000538320461,1.3358887808451236,0.9944073501128433
0.1405,0.01,,no,2.4885976858218966,0.0,0.0
0.1405,0.01,,D,1.9697838067360727,0.12061070650782536,0.9947380964027112
0.1405,0.01,,mixed,0.8048997617481437,0.5687438347907038,0.9865011720398442
0.1405,0.01,,beta,0.23714483169412545,1.1839783070208996,0.8596030601726156
0.1405,0.01,x,no,2.2333847135937526,0.007178947683636055,0.9471374768779656
0.1405,0.01,x,D,1.1958512545950277,0.3295494346876687,0.9933923450668334
0.1405,0.01,x,mixed,0.3998355819023462,0.8814247815982101,0.9981551218212708
0.1405,0.01,x,beta,0.08903334027023702,1.647460522296116,0.9935795228372527
0.1405,0.01,w,no,0.3803589079890911,0.11562648124312894,0.7858808859751071
0.1405,0.01,w,D,0.5878293858121314,-0.14421691527770514,0.1060016342496547
0.1405,0.01,w,mixed,0.5852829448059328,-0.1296924944802647,0.07501259960632956
0.1405,0.01,w,beta,0.5247206305418265,-0.04957015626380626,0.011224728526739391
0.1405,0.01,xw,no,0.06690004353164747,0.9965292080398417,0.9999990093629337
0.1405,0.01,xw,D,0.06644032416400515,1.0,1.0
0.1405,0.01,xw,mixed,0.009620231288438922,1.984504201482862,0.9999246602371373
0.1405,0.01,xw,beta,0.0017108649065265794,2.8640071944827006,0.994541606385441
0.1405,0.035,,no,2.4885976858218966,0.0,0.0
0.1405,0.035,,D,1.9697838067360727,0.12061070650782536,0.9947380964027112
0.1405,0.035,,mixed,0.8048997617481437,0.5687438347907038,0.9865011720398442
0.1405,0.035,,beta,0.23714483169412545,1.1839783070208996,0.8596030601726156
0.1405,0.035,x,no,2.1987107237807066,0.03578309682629985,0.9298368550663707
0.1405,0.035,x,D,1.255391764545217,0.3270412237351295,0.9928707354224916
0.1405,0.035,x,mixed,0.43658279863170896,0.858861996880592,0.9983982927824345
0.1405,0.035,x,beta,0.09933575696929188,1.6136724219183962,0.991226756647243
0.1405,0.035,w,no,0.25508448606799683,0.9661075176483542,0.9973640283013305
0.1405,0.035,w,D,0.4619006311189676,0.6524272719856842,0.9584245896368291
0.1405,0.035,w,mixed,0.09929308389216239,1.4310461421996221,0.8638991627172463
0.1405,0.035,w,beta,0.06403018778520979,1.6438213238503745,0.7169889547375217
0.1405,0.035,xw,no,0.24057045278203712,0.9674003860002639,0.9999341333368272
0.1405,0.035,xw,D,0.2254739609186141,1.0,1.0
0.1405,0.035,xw,mixed,0.039607811663227355,1.8860551522551803,0.9997591192552937
0.1405,0.035,xw,beta,0.008245280654623134,2.682516829467862,0.9951766912085999
0.1405,0.060000000000000005,,no,2.4885976858218966,0.0,0.0
0.1405,0.060000000000000005,,D,1.9697838067360727,0.12061070650782536,0.9947380964027112
0.1405,0.060000000000000005,,mixed,0.8048997617481437,0.5687438347907038,0.9865011720398442
0.1405,0.060000000000000005,,beta,0.23714483169412545,1.1839783070208996,0.8596030601726156
0.1405,0.060000000000000005,x,no,2.1424813038388884,0.07751833658457281,0.9246036187601794
0.1405,0.060000000000000005,x,D,1.3115814133520682,0.33533628408496546,0.9930660566503919
0.1405,0.060000000000000005,x,mixed,0.47526216494676665,0.84658199781014,0.9988164530827598
0.1405,0.060000000000000005,x,beta,0.10856237226530237,1.599019854998498,0.988462886166314
0.1405,0.060000000000000005,w,no,0.4949377805918643,0.8511742961341381,0.9972215043095374
0.1405,0.060000000000000005,w,D,0.6487379598135218,0.7041550568550413,0.9893659962869779
0.1405,0.060000000000000005,w,mixed,0.16493916022991212,1.4023293609363985,0.9392933394672713
0.1405,0.060000000000000005,w,beta,0.05541908619789278,1.9532384222468857,0.8909714787003233
0.1405,0.060000000000000005,xw,no,0.4220607158881493,0.9350744108662207,0.999836013818719
0.1405,0.060000000000000005,xw,D,0.3710125231032877,1.0,1.0
0.1405,0.060000000000000005,xw,mixed,0.08411584937364175,1.7568084461636648,0.9989712857718831
0.1405,0.060000000000000005,xw,beta,0.02065542695187008,2.4674614001389523,0.9951494724304618
0.1405,0.085,,no,2.4885976858218966,0.0,0.0
0.1405,0.085,,D,1.9697838067360727,0.12061070650782536,0.9947380964027112
0.1405,0.085,,mixed,0.8048997617481437,0.5687438347907038,0.9865011720398442
0.1405,0.085,,beta,0.23714483169412545,1.1839783070208996,0.8596030601726156
0.1405,0.085,x,no,2.07199621862695,0.1292139792999369,0.9258010832041844
0.1405,0.085,x,D,1.3630686246606636,0.35235931858661396,0.9939476738057076
0.1405,0.085,x,mixed,0.5142335392349312,0.8437822090555089,0.9991619323735554
0.1405,0.085,x,beta,0.11471418937669867,1.6076091948301166,0.9845344611391668
0.1405,0.085,w,no,0.7382933267104439,0.7736016858273292,0.9974337749524205
0.1405,0.085,w,D,0.7746451777794202,0.7411853167201442,0.9936621424243971
0.1405,0.085,w,mixed,0.22999822610525072,1.3624259393773133,0.9765327606169539
0.1405,0.085,w,beta,0.06988605614295039,1.9657937345241847,0.9501604540267092
0.1405,0.085,xw,no,0.6029834507005212,0.9119847490438283,0.9998230570753915
0.1405,0.085,xw,D,0.5065101134037497,1.0,1.0
0.1405,0.085,xw,mixed,0.1447647830940713,1.6397109169396182,0.9978235644335819
0.1405,0.085,xw,beta,0.04046821427115054,2.2843707184893822,0.9940726405697049
0.1405,0.11,,no,2.4885976858218966,0.0,0.0
0.1405,0.11,,D,1.9697838067360727,0.12061070650782536,0.9947380964027112
0.1405,0.11,,mixed,0.8048997617481437,0.5687438347907038,0.9865011720398442
0.1405,0.11,,beta,0.23714483169412545,1.1839783070208996,0.8596030601726156
0.1405,0.11,x,no,1.994900269710487,0.187404790057993,0.9306225246608613
0.1405,0.11,x,D,1.4097615489556778,0.3756154890950424,0.9951927221024005
0.1405,0.11,x,mixed,0.5522213856743982,0.8488673677585763,0.9992041530539455
0.1405,0.11,x,beta,0.1159619816744245,1.6421400890726137,0.9780102951548448
0.1405,0.11,w,no,0.9653560677826897,0.7230622001000397,0.9972666228463906
0.1405,0.11,w,D,0.8763269049051372,0.7650981005461851,0.9956029499368623
0.1405,0.11,w,mixed,0.30299084638773477,1.309059386287005,0.9909686354653477
0.1405,0.11,w,beta,0.09908990546634197,1.875464460449999,0.9639078439422072
0.1405,0.11,xw,no,0.7791965691068353,0.8967699247605992,0.9998554199800777
0.1405,0.11,xw,D,0.6353851120417671,1.0,1.0
0.1405,0.11,xw,mixed,0.2198052275228413,1.5430282082892264,0.9967697050055869
0.1405,0.11,xw,beta,0.06817581796241656,2.1356944901775052,0.9922436823529404
0.1405,0.135,,no,2.4885976858218966,0.0,0.0
0.1405,0.135,,D,1.9697838067360727,0.12061070650782536,0.9947380964027112
0.1405,0.135,,mixed,0.8048997617481437,0.5687438347907038,0.9865011720398442
0.1405,0.135,,beta,0.23714483169412545,1.1839783070208996,0.8596030601726156
0.1405,0.135,x,no,1.9180364222838193,0.2487396017733024,0.9373597370674174
0.1405,0.135,x,D,1.4523943512160546,0.4026971113106142,0.9964551843621662
0.1405,0.135,x,mixed,0.5875870526733351,0.8607104254679054,0.9985588732933067
0.1405,0.135,x,beta,0.11099729109969092,1.7051782458548315,0.9664217950656823
0.1405,0.135,w,no,1.1764006475048505,0.6872720443957495,0.9975069909223346
0.1405,0.135,w,D,0.9638779083836987,0.7822341893604976,0.99668206318939
0.1405,0.135,w,mixed,0.3842954247907984,1.2528752973003892,0.9971126063856037
0.1405,0.135,w,beta,0.12838632900838556,1.8101551511240166,0.9742051941033552
0.1405,0.135,xw,no,0.9503097099012299,0.8863550618799041,0.999888942455331
0.1405,0.135,xw,D,0.7593974440315202,1.0,1.0
0.1405,0.135,xw,mixed,0.30612448109248047,1.4653421864329552,0.9960543539799748
0.1405,0.135,xw,beta,0.10338314030539526,2.015951993941436,0.9902686080028282
0.1405,0.16000000000000003,,no,2.4885976858218966,0.0,0.0
0.1405,0.16000000000000003,,D,1.9697838067360727,0.12061070650782536,0.9947380964027112
0.1405,0.16000000000000003,,mixed,0.8048997617481437,0.5687438347907038,0.9865011720398442
0.1405,0.16000000000000003,,beta,0.23714483169412545,1.1839783070208996,0.8596030601726156
0.1405,0.16000000000000003,x,no,1.8467003554387138,0.310315440587399,0.9448703400922317
0.1405,0.16000000000000003,x,D,1.4920671022395566,0.4315872494793346,0.9975272835370067
0.1405,0.16000000000000003,x,mixed,0.6163452396495571,0.8805470275751482,0.9958708703671096
0.1405,0.16000000000000003,x,beta,0.15179228825726945,1.5882401395051937,0.9766804437408536
0.1405,0.16000000000000003,w,no,1.3701481067356223,0.6619703345737072,0.9979716644461707
0.1405,0.16000000000000003,w,D,1.0421966497224442,0.7955393172111312,0.9973630211799183
0.1405,0.16000000000000003,w,mixed,0.4530436260350261,1.2220036836858057,0.9987073495839337
0.1405,0.16000000000000003,w,beta,0.15892889378348554,1.7553631841980932,0.9803324422228193
0.1405,0.16000000000000003,xw,no,1.1170333883374977,0.8787151473530685,0.9999122393449015
0.1405,0.16000000000000003,xw,D,0.8794751640273958,1.0,1.0
0.1405,0.16000000000000003,xw,mixed,0.4004162410589305,1.4033163968621185,0.9957114250327377
0.1405,0.16000000000000003,xw,beta,0.14466791702341614,1.9209070905045722,0.9885301443218295
0.1405,0.18500000000000003,,no,2.4885976858218966,0.0,0.0
0.1405,0.18500000000000003,,D,1.9697838067360727,0.12061070650782536,0.9947380964027112
0.1405,0.18500000000000003,,mixed,0.8048997617481437,0.5687438347907038,0.9865011720398442
0.1405,0.18500000000000003,,beta,0.23714483169412545,1.1839783070208996,0.8596030601726156
0.1405,0.18500000000000003,x,no,1.78438496496439,0.36987780949401333,0.9523938570702424
0.1405,0.18500000000000003,x,D,1.529900636265049,0.4607724210771348,0.9983439370403832
0.1405,0.18500000000000003,x,mixed,0.6632333116251491,0.8854635794935343,0.998035917609407
0.1405,0.18500000000000003,x,beta,0.33813143964108777,1.2164932096650574,0.974669763669344
0.1405,0.18500000000000003,w,no,1.547060200338995,0.6442963898060556,0.9984900813375871
0.1405,0.18500000000000003,w,D,1.1140463716962692,0.8064900652954426,0.9978296471173
0.1405,0.18500000000000003,w,mixed,0.520458435558143,1.1960178277136886,0.9992834305668543
0.1405,0.18500000000000003,w,beta,0.19044733647932865,1.708779528286695,0.9841520851530681
0.1405,0.18500000000000003,xw,no,1.2800562358447014,0.8727779638188297,0.9999270365868758
0.1405,0.18500000000000003,xw,D,0.9962394163132138,0.9999999999999999,1.0
0.1405,0.18500000000000003,xw,mixed,0.5170751960191012,1.3355851316706384,0.9986476613818307
0.1405,0.18500000000000003,xw,beta,0.2524758280502184,1.699321237921977,0.9955076508395105
0.1405,0.21000000000000002,,no,2.4885976858218966,0.0,0.0
0.1405,0.21000000000000002,,D,1.9697838067360727,0.12061070650782536,0.9947380964027112
0.1405,0.21000000000000002,,mixed,0.8048997617481437,0.5687438347907038,0.9865011720398442
0.1405,0.21000000000000002,,beta,0.23714483169412545,1.1839783070208996,0.8596030601726156
0.1405,0.21000000000000002,x,no,1.7329293166298174,0.4258740221772952,0.9594601003875713
0.1405,0.21000000000000002,x,D,1.5668438779219627,0.4892244163489467,0.998923968078201
0.1405,0.21000000000000002,x,mixed,0.7108791200869259,0.8910250708452524,0.998846947616634
0.1405,0.21000000000000002,x,beta,0.4236986048218272,1.1421086268373688,0.9756299200332617
0.1405,0.21000000000000002,w,no,1.7084739537012306,0.6322405664400869,0.9989629408282445
0.1405,0.21000000000000002,w,D,1.181151765119708,0.8158827625494921,0.998168160561214
0.1405,0.21000000000000002,w,mixed,0.5857398306072333,1.1747778672926557,0.9994200951468387
0.1405,0.21000000000000002,w,beta,0.22288442572762113,1.6683737066267161,0.9864632747229602
0.1405,0.21000000000000002,xw,no,1.4398083363111522,0.868013316561051,0.9999371347515685
0.1405,0.21000000000000002,xw,D,1.1101947453620296,1.0,1.0
0.1405,0.21000000000000002,xw,mixed,0.6231366521847673,1.295433986947835,0.9990749337181585
0.1405,0.21000000000000002,xw,beta,0.3288755334766338,1.6200558926276694,0.9964198082975869
0.1405,0.23500000000000001,,no,2.4885976858218966,0.0,0.0
0.1405,0.23500000000000001,,D,1.9697838067360727,0.12061070650782536,0.9947380964027112
0.1405,0.23500000000000001,,mixed,0.8048997617481437,0.5687438347907038,0.9865011720398442
0.1405,0.23500000000000001,,beta,0.23714483169412545,1.1839783070208996,0.8596030601726156
0.1405,0.23500000000000001,x,no,1.692883785829194,0.4773934716147837,0.9658175453846274
0.1405,0.23500000000000001,x,D,1.603606712090641,0.5163155261849711,0.999317259038052
0.1405,0.23500000000000001,x,mixed,0.7576385528895851,0.8978000279496336,0.9991293737953655
0.1405,0.23500000000000001,x,beta,0.48556723028743115,1.1125664092677048,0.9751681266204748
0.1405,0.23500000000000001,w,no,1.8560087982003475,0.6243795199085004,0.9993434972317402
0.1405,0.23500000000000001,w,D,1.2446683192956272,0.8241740563809472,0.9984241455093554
0.1405,0.23500000000000001,w,mixed,0.6498265765897523,1.1566064958819036,0.9994416272628655
0.1405,0.23500000000000001,w,beta,0.25715131217471343,1.6308442065020767,0.9879494763278958
0.1405,0.23500000000000001,xw,no,1.5965069127240052,0.8641568370763918,0.9999453937729081
0.1405,0.23500000000000001,xw,D,1.221781072897485,0.9999999999999999,1.0
0.1405,0.23500000000000001,xw,mixed,0.7287678652546189,1.264243957179919,0.9993303947398412
0.1405,0.23500000000000001,xw,beta,0.4045121305280324,1.5636966880930532,0.9968847365471275
0.1405,0.26,,no,2.4885976858218966,0.0,0.0
0.1405,0.26,,D,1.9697838067360727,0.12061070650782536,0.9947380964027112
0.1405,0.26,,mixed,0.8048997617481437,0.5687438347907038,0.9865011720398442
0.1405,0.26,,beta,0.23714483169412545,1.1839783070208996,0.8596030601726156
0.1405,0.26,x,no,1.66392946639823,0.5240424316876929,0.9713685691786489
0.1405,0.26,x,D,1.6406688483472138,0.5417155653762264,0.9995755251478948
0.1405,0.26,x,mixed,0.8053306889540459,0.90399232982305,0.999327881425215
0.1405,0.26,x,beta,0.561004231082583,1.076631466564551,0.9811333503226556
0.1405,0.26,w,no,1.9912943288818472,0.6196881308578047,0.9996180711257615
0.1405,0.26,w,D,1.3054107757697253,0.8316399351446808,0.9986239339719843
0.1405,0.26,w,mixed,0.7117207523129693,1.1417904718228602,0.9993971744076979
0.1405,0.26,w,beta,0.2906998910346599,1.6004702900621457,0.9889751979200376
0.1405,0.26,xw,no,1.7502467214759818,0.8610645004518899,0.9999533562669177
0.1405,0.26,xw,D,1.3313838111199423,1.0,1.0
0.1405,0.26,xw,mixed,0.8338126009741981,1.2392460957171985,0.9994940541218035
0.1405,0.26,xw,beta,0.48133052809643706,1.519166730228741,0.9972795204028447
0.1405,0.28500000000000003,,no,2.4885976858218966,0.0,0.0
0.1405,0.28500000000000003,,D,1.9697838067360727,0.12061070650782536,0.9947380964027112
0.1405,0.28500000000000003,,mixed,0.8048997617481437,0.5687438347907038,0.9865011720398442
0.1405,0.28500000000000003,,beta,0.23714483169412545,1.1839783070208996,0.8596030601726156
0.1405,0.28500000000000003,x,no,1.6452423431928471,0.5658008429301622,0.976114244996868
0.1405,0.28500000000000003,x,D,1.678322960027655,0.5652976642816481,0.999741116673161
0.1405,0.28500000000000003,x,mixed,0.8539934831297159,0.909431250865297,0.9994882882366779
0.1405,0.28500000000000003,x,beta,0.6215003340565459,1.060475929697262,0.983545488076643
0.1405,0.28500000000000003,w,no,2.115851916793662,0.6174148089938685,0.9997914868784162
0.1405,0.28500000000000003,w,D,1.3639754676605893,0.8384554068195013,0.9987837966375164
0.1405,0.28500000000000003,w,mixed,0.7736684874165252,1.128197456652916,0.999413147827068
0.1405,0.28500000000000003,w,beta,0.3243504575283512,1.5741543273731384,0.9896859134369732
0.1405,0.28500000000000003,xw,no,1.9010697456648218,0.8586437005543224,0.9999615185207865
0.1405,0.28500000000000003,xw,D,1.4393357316311113,1.0,1.0
0.1405,0.28500000000000003,xw,mixed,0.9389792979984186,1.2182914910034028,0.9996621140419152
0.1405,0.28500000000000003,xw,beta,0.5583783671834439,1.4834962349116623,0.9974485660733594
0.1405,0.31000000000000005,,no,2.4885976858218966,0.0,0.0
0.1405,0.31000000000000005,,D,1.9697838067360727,0.12061070650782536,0.9947380964027112
0.1405,0.31000000000000005,,mixed,0.8048997617481437,0.5687438347907038,0.9865011720398442
0.1405,0.31000000000000005,,beta,0.23714483169412545,1.1839783070208996,0.8596030601726156
0.1405,0.31000000000000005,x,no,1.6357624882930888,0.6028914304449099,0.9801118663693753
0.1405,0.31000000000000005,x,D,1.7167248014184697,0.5870638404285379,0.9998451300871561
0.1405,0.31000000000000005,x,mixed,0.9024443910013534,0.9147791661334306,0.9995649870223778
0.1405,0.31000000000000005,x,beta,0.6788053791309977,1.049686410240329,0.9856830292153526
0.1405,0.31000000000000005,w,no,2.2310505343965708,0.616999276653996,0.9998774959319595
0.1405,0.31000000000000005,w,D,1.420811813188049,0.8447364149129996,0.9989143278287802
0.1405,0.31000000000000005,w,mixed,0.8338215771905573,1.1169292175269823,0.9994249173943064
0.1405,0.31000000000000005,w,beta,0.36114337084698644,1.5466098301985245,0.9900581716256421
0.1405,0.31000000000000005,xw,no,2.0490070859252185,0.856822920183301,0.9999697091820909
0.1405,0.31000000000000005,xw,D,1.5459195694281291,1.0,1.0
0.1405,0.31000000000000005,xw,mixed,1.0438983310473648,1.2005803812762714,0.9998102040205972
0.1405,0.31000000000000005,xw,beta,0.6362659285651202,1.453586057783719,0.997555116288896
0.1405,0.335,,no,2.4885976858218966,0.0,0.0
0.1405,0.335,,D,1.9697838067360727,0.12061070650782536,0.9947380964027112
0.1405,0.335,,mixed,0.8048997617481437,0.5687438347907038,0.9865011720398442
0.1405,0.335,,beta,0.23714483169412545,1.1839783070208996,0.8596030601726156
0.1405,0.335,x,no,1.634370033861158,0.6356753521800261,0.983445365349797
0.1405,0.335,x,D,1.7559373309409336,0.6070914122485863,0.9999090802993695
0.1405,0.335,x,mixed,0.9515266678999729,0.9194570800075382,0.9996403916109508
0.1405,0.335,x,beta,0.7334436472030696,1.0424652855494894,0.987337619658452
0.1405,0.335,w,no,2.3380979625673746,0.6180176704861936,0.999892980460908
0.1405,0.335,w,D,1.4762648130847218,0.850563694691523,0.9990227184636745
0.1405,0.335,w,mixed,0.8916698014309242,1.1079549468689243,0.9994271429000893
0.1405,0.335,w,beta,0.3967642210800444,1.5241844177056159,0.9903689891870517
0.1405,0.335,xw,no,2.19410004318457,0.8555394621296664,0.9999774242855678
0.1405,0.335,xw,D,1.651372489531541,1.0,1.0
0.1405,0.335,xw,mixed,1.1476454974551644,1.1858242059738298,0.9998954971164478
0.1405,0.335,xw,beta,0.7149433978802868,1.4279969381476418,0.9976154687778686
0.1405,0.36000000000000004,,no,2.4885976858218966,0.0,0.0
0.1405,0.36000000000000004,,D,1.9697838067360727,0.12061070650782536,0.9947380964027112
0.1405,0.36000000000000004,,mixed,0.8048997617481437,0.5687438347907038,0.9865011720398442
0.1405,0.36000000000000004,,beta,0.23714483169412545,1.1839783070208996,0.8596030601726156
0.1405,0.36000000000000004,x,no,1.639987614607248,0.6645769903631789,0.9862065553417425
0.1405,0.36000000000000004,x,D,1.7959646886818152,0.6254969593970922,0.9999473479130357
0.1405,0.36000000000000004,x,mixed,1.0005977438165388,0.9238334887786266,0.9996852943685507
0.1405,0.36000000000000004,x,beta,0.7874023484863982,1.0368546612754739,0.9887840488036252
0.1405,0.36000000000000004,w,no,2.4380482236702457,0.62014519984666,0.9998547195022364
0.1405,0.36000000000000004,w,D,1.5306043760959684,0.8559957486454285,0.9991140161860882
0.1405,0.36000000000000004,w,mixed,0.9476079986721959,1.100719754310703,0.999437352743691
0.1405,0.36000000000000004,w,beta,0.43238445562837713,1.5043814837811171,0.9905683758801149
0.1405,0.36000000000000004,xw,no,2.3364082877272594,0.8547351252473866,0.9999840736699438
0.1405,0.36000000000000004,xw,D,1.7558916536753466,0.9999999999999999,1.0
0.1405,0.36000000000000004,xw,mixed,1.2500124782198925,1.1734958469020356,0.9999307954671101
0.1405,0.36000000000000004,xw,beta,0.7945480579488627,1.4056369119849548,0.997655707571181
0.1405,0.385,,no,2.4885976858218966,0.0,0.0
0.1405,0.385,,D,1.9697838067360727,0.12061070650782536,0.9947380964027112
0.1405,0.385,,mixed,0.8048997617481437,0.5687438347907038,0.9865011720398442
0.1405,0.385,,beta,0.23714483169412545,1.1839783070208996,0.8596030601726156
0.1405,0.385,x,no,1.6516325550965365,0.6900340535463229,0.9884843622134591
0.1405,0.385,x,D,1.8367763089443778,0.6424134127973677,0.9999693493593724
0.1405,0.385,x,mixed,1.0497856035697015,0.9278353430338235,0.9997174753754001
0.1405,0.385,x,beta,0.8398943281177474,1.0329309522794183,0.9900331606072184
0.1405,0.385,w,no,2.5318157157747385,0.6231302448477798,0.9997777779784848
0.1405,0.385,w,D,1.5840438918146373,0.8610770096852313,0.999191863705222
0.1405,0.385,w,mixed,1.002325904850688,1.094624300349776,0.9994555988150129
0.1405,0.385,w,beta,0.4680483040083782,1.4867002616483473,0.9906497761456698
0.1405,0.385,xw,no,2.47601097509274,0.8543550907515017,0.9999891354265298
0.1405,0.385,xw,D,1.859640029079429,1.0,1.0
0.1405,0.385,xw,mixed,1.3516274667577373,1.1628770005038964,0.9999506340741517
0.1405,0.385,xw,beta,0.8744910722824358,1.386185022103919,0.9976746201830374
0.1405,0.41000000000000003,,no,2.4885976858218966,0.0,0.0
0.1405,0.41000000000000003,,D,1.9697838067360727,0.12061070650782536,0.9947380964027112
0.1405,0.41000000000000003,,mixed,0.8048997617481437,0.5687438347907038,0.9865011720398442
0.1405,0.41000000000000003,,beta,0.23714483169412545,1.1839783070208996,0.8596030601726156
0.1405,0.41000000000000003,x,no,1.668434707754468,0.7124682359463944,0.990359408916958
0.1405,0.41000000000000003,x,D,1.8783230405417093,0.6579762774421402,0.9999811739814582
0.1405,0.41000000000000003,x,mixed,1.0993985061535823,0.9313283303380825,0.9997545488789961
0.1405,0.41000000000000003,x,beta,0.8915321322483083,1.0300050389583821,0.9910724632593306
0.1405,0.41000000000000003,w,no,2.6201913600581532,0.6267760432082261,0.9996748661395288
0.1405,0.41000000000000003,w,D,1.6367537140896822,0.8658426043558596,0.9992589517449453
0.1405,0.41000000000000003,w,mixed,1.0561343404625547,1.0893799109546058,0.9994782419511622
0.1405,0.41000000000000003,w,beta,0.5037472069343195,1.4708149263989274,0.9906906794883797
0.1405,0.41000000000000003,xw,no,2.613004355744056,0.8543479531850491,0.9999922340854006
0.1405,0.41000000000000003,xw,D,1.9627518773432207,0.9999999999999999,1.0
0.1405,0.41000000000000003,xw,mixed,1.4527125033505157,1.1535890804716846,0.9999630583914006
0.1405,0.41000000000000003,xw,beta,0.9547558593732458,1.369063797296276,0.9976417182922451
0.1405,0.43500000000000005,,no,2.4885976858218966,0.0,0.0
0.1405,0.43500000000000005,,D,1.9697838067360727,0.12061070650782536,0.9947380964027112
0.1405,0.43500000000000005,,mixed,0.8048997617481437,0.5687438347907038,0.9865011720398442
0.1405,0.43500000000000005,,beta,0.23714483169412545,1.1839783070208996,0.8596030601726156
0.1405,0.43500000000000005,x,no,1.6896424760385027,0.7322674601715159,0.9919019082276217
0.1405,0.43500000000000005,x,D,1.9205474663626854,0.6723158591524067,0.9999867281782907
0.1405,0.43500000000000005,x,mixed,1.1490071577427907,0.9345581274264103,0.9997826972947118
0.1405,0.43500000000000005,x,beta,0.9429370042491655,1.0275589945240982,0.9919439290998693
0.1405,0.43500000000000005,w,no,2.703858502824277,0.6309275130862395,0.999556243229935
0.1405,0.43500000000000005,w,D,1.6888708248477675,0.8703213206012906,0.9993173078121933
0.1405,0.43500000000000005,w,mixed,1.1092332851237712,1.084801145889959,0.9995028041915301
0.1405,0.43500000000000005,w,beta,0.5383514212146315,1.45756644109361,0.9906491065070807
0.1405,0.43500000000000005,xw,no,2.7474980478044677,0.8546660084719979,0.999993164394192
0.1405,0.43500000000000005,xw,D,2.0653376437795097,0.9999999999999999,1.0
0.1405,0.43500000000000005,xw,mixed,1.5534005112617206,1.145373746618753,0.9999713730249132
0.1405,0.43500000000000005,xw,beta,1.0353085788210112,1.3538654009820192,0.9975850591592288
0.1405,0.46,,no,2.4885976858218966,0.0,0.0
0.1405,0.46,,D,1.9697838067360727,0.12061070650782536,0.9947380964027112
0.1405,0.46,,mixed,0.8048997617481437,0.5687438347907038,0.9865011720398442
0.1405,0.46,,beta,0.23714483169412545,1.1839783070208996,0.8596030601726156
0.1405,0.46,x,no,1.714610692698537,0.7497803579517246,0.9931714407315541
0.1405,0.46,x,D,1.963390185156145,0.6855532988097217,0.999988503070473
0.1405,0.46,x,mixed,1.1987264041687542,0.937491071740583,0.999806112166458
0.1405,0.46,x,beta,0.993741235884049,1.0257002184271484,0.9926946320880122
0.1405,0.46,w,no,2.783407573417788,0.6354616167738744,0.999429899831444
0.1405,0.46,w,D,1.7405059842724575,0.8745374758118937,0.9993684863654014
0.1405,0.46,w,mixed,1.1617661436361508,1.080757401872275,0.9995277895865237
0.1405,0.46,w,beta,0.5755949896874388,1.443091221538751,0.9906656955289437
0.1405,0.46,xw,no,2.8796110618582587,0.8552654878764527,0.9999918813139294
0.1405,0.46,xw,D,2.167488156289364,0.9999999999999999,1.0
0.1405,0.46,xw,mixed,1.6537848766284942,1.1380414304272994,0.9999772081552759
0.1405,0.46,xw,beta,1.1168625974519228,1.3399237396297394,0.997575783152476
0.1405,0.48500000000000004,,no,2.4885976858218966,0.0,0.0
0.1405,0.48500000000000004,,D,1.9697838067360727,0.12061070650782536,0.9947380964027112
0.1405,0.48500000000000004,,mixed,0.8048997617481437,0.5687438347907038,0.9865011720398442
0.1405,0.48500000000000004,,beta,0.23714483169412545,1.1839783070208996,0.8596030601726156
0.1405,0.48500000000000004,x,no,1.742792192584284,0.7653136134679153,0.9942177029719388
0.1405,0.48500000000000004,x,D,2.0067934925846194,0.6977988990694712,0.9999880780475695
0.1405,0.48500000000000004,x,mixed,1.2484424709817858,0.9402030801147285,0.9998252216994918
0.1405,0.48500000000000004,x,beta,1.0442805601806484,1.0241713599874607,0.9933452765346061
0.1405,0.48500000000000004,w,no,2.859349131741884,0.6402802099141165,0.999301860811158
0.1405,0.48500000000000004,w,D,1.7917491385696291,0.8785121119085085,0.9994136975505741
0.1405,0.48500000000000004,w,mixed,1.213840880019456,1.0771522714505803,0.9995523404297096
0.1405,0.48500000000000004,w,beta,0.6099952398525998,1.432410486184776,0.9904702189213713
0.1405,0.48500000000000004,xw,no,3.0094681488005923,0.8561066456604668,0.9999884724313685
0.1405,0.48500000000000004,xw,D,2.2692781491913925,0.9999999999999999,1.0
0.1405,0.48500000000000004,xw,mixed,1.7539341465242366,1.131448176123022,0.9999814548661007
0.1405,0.48500000000000004,xw,beta,1.1978602563932366,1.327726622305985,0.9974814982674869
0.1405,0.51,,no,2.4885976858218966,0.0,0.0
0.1405,0.51,,D,1.9697838067360727,0.12061070650782536,0.9947380964027112
0.1405,0.51,,mixed,0.8048997617481437,0.5687438347907038,0.9865011720398442
0.1405,0.51,,beta,0.23714483169412545,1.1839783070208996,0.8596030601726156
0.1405,0.51,x,no,1.7737232350022245,0.7791342870342065,0.9950816744211571
0.1405,0.51,x,D,2.050703173124202,0.7091518679137991,0.9999864475545431
0.1405,0.51,x,mixed,1.2982068010680372,0.9426920460269754,0.9998414549236804
0.1405,0.51,x,beta,1.0945784271674286,1.0229104014773491,0.9939151475936121
0.1405,0.51,w,no,2.932125241224926,0.6453046671485722,0.9991765196937534
0.1405,0.51,w,D,1.8426735705104043,0.8822637777241694,0.9994538964344003
0.1405,0.51,w,mixed,1.2655418970526868,1.0739120230681223,0.999575976967894
0.1405,0.51,w,beta,0.644850103665946,1.422245290501697,0.9903584408759417
0.1405,0.51,xw,no,3.137196678788991,0.857153708172077,0.9999831239846315
0.1405,0.51,xw,D,2.3707691782590516,0.9999999999999998,1.0
0.1405,0.51,xw,mixed,1.8539008849036607,1.1254815710542998,0.9999846368923326
0.1405,0.51,xw,beta,1.28008520487618,1.3162678661831735,0.9974598182760235
0.181,0.01,,no,2.4885976858218966,0.0,0.0
0.181,0.01,,D,2.061563576910196,0.10837614420965369,0.9902320463683795
0.181,0.01,,mixed,0.8265582923901253,0.6591526709113075,0.9842837762915786
0.181,0.01,,beta,0.21971207714476057,1.425605274056883,0.9815207592343539
0.181,0.01,x,no,2.2333847135937526,0.007178947683636055,0.9471374768779656
0.181,0.01,x,D,1.3588626611401033,0.29132132116210263,0.9853304968492039
0.181,0.01,x,mixed,0.4689898555835,0.9238210596717142,0.9990554179279619
0.181,0.01,x,beta,0.1301952634351684,1.6669821281072765,0.9994175708176956
0.181,0.01,w,no,0.3803589079890911,0.11562648124312894,0.7858808859751071
0.181,0.01,w,D,0.6264044114459618,-0.18145337900574093,0.15481011400161826
0.181,0.01,w,mixed,0.4911882826843418,0.03961826264297059,0.004346660646154077
0.181,0.01,w,beta,0.1967116857631604,0.6687541732016169,0.4265350929353944
0.181,0.01,xw,no,0.06690004353164747,0.9965292080398417,0.9999990093629337
0.181,0.01,xw,D,0.06652909129547903,0.9999999999999999,1.0
0.181,0.01,xw,mixed,0.012279914224730881,1.9881143806247679,0.9999982109839953
0.181,0.01,xw,beta,0.0024263730365175944,2.9397848210909405,0.9993062734902849
0.181,0.035,,no,2.4885976858218966,0.0,0.0
0.181,0.035,,D,2.061563576910196,0.10837614420965369,0.9902320463683795
0.181,0.035,,mixed,0.8265582923901253,0.6591526709113075,0.9842837762915786
0.181,0.035,,beta,0.21971207714476057,1.425605274056883,0.9815207592343539
0.181,0.035,x,no,2.1987107237807066,0.03578309682629985,0.9298368550663707
0.181,0.035,x,D,1.4119407283661165,0.28687085278675306,0.9845100537219094
0.181,0.035,x,mixed,0.5001456841857735,0.9045933469769158,0.998898711196989
0.181,0.035,x,beta,0.14013624222400553,1.6419672160104346,0.9990791209319646
0.181,0.035,w,no,0.25508448606799683,0.9661075176483542,0.9973640283013305
0.181,0.035,w,D,0.29771108110540373,0.8833669357364381,0.968138091508538
0.181,0.035,w,mixed,0.09195073907559971,1.584333219285869,0.9317416926997628
0.181,0.035,w,beta,0.028290636994729383,2.2884393270396837,0.9461853921321841
0.181,0.035,xw,no,0.24057045278203712,0.9674003860002639,0.9999341333368272
0.181,0.035,xw,D,0.22818318104626012,0.9999999999999999,1.0
0.181,0.035,xw,mixed,0.04982274429279178,1.886382813818052,0.9998621162107052
0.181,0.035,xw,beta,0.013028431024399616,2.670841512530009,0.999034697183812
0.181,0.060000000000000005,,no,2.4885976858218966,0.0,0.0
0.181,0.060000000000000005,,D,2.061563576910196,0.10837614420965369,0.9902320463683795
0.181,0.060000000000000005,,mixed,0.8265582923901253,0.6591526709113075,0.9842837762915786
0.181,0.060000000000000005,,beta,0.21971207714476057,1.425605274056883,0.9815207592343539
0.181,0.060000000000000005,x,no,2.1424813038388884,0.07751833658457281,0.9246036187601794
0.181,0.060000000000000005,x,D,1.4656122611975306,0.28930215129844317,0.9844320660197421
0.181,0.060000000000000005,x,mixed,0.5351868722626923,0.8895447588286335,0.9988451525534066
0.181,0.060000000000000005,x,beta,0.15140126270815976,1.6204002753023443,0.9985761713706578
0.181,0.060000000000000005,w,no,0.4949377805918643,0.8511742961341381,0.9972215043095374
0.181,0.060000000000000005,w,D,0.5849742113369925,0.7705326135122108,0.9925988280323691
0.181,0.060000000000000005,w,mixed,0.1488090141902254,1.563675421050073,0.9822559693908154
0.181,0.060000000000000005,w,beta,0.05221618071119956,2.178065809171061,0.9745895271069464
0.181,0.060000000000000005,xw,no,0.4220607158881493,0.9350744108662207,0.999836013818719
0.181,0.060000000000000005,xw,D,0.37925472143092215,0.9999999999999999,1.0
0.181,0.060000000000000005,xw,mixed,0.10228093857014053,1.7598113229136156,0.9994669589080075
0.181,0.060000000000000005,xw,beta,0.03302379523291957,2.415624746721021,0.9982751353845978
0.181,0.085,,no,2.4885976858218966,0.0,0.0
0.181,0.085,,D,2.061563576910196,0.10837614420965369,0.9902320463683795
0.181,0.085,,mixed,0.8265582923901253,0.6591526709113075,0.9842837762915786
0.181,0.085,,beta,0.21971207714476057,1.425605274056883,0.9815207592343539
0.181,0.085,x,no,2.07199621862695,0.1292139792999369,0.9258010832041844
0.181,0.085,x,D,1.5182525884982048,0.298070043099793,0.9852251808631777
0.181,0.085,x,mixed,0.5731922076283967,0.8789757969375872,0.9988959998262819
0.181,0.085,x,beta,0.16321628362637083,1.6044025586037705,0.9978103197899768
0.181,0.085,w,no,0.7382933267104439,0.7736016858273292,0.9974337749524205
0.181,0.085,w,D,0.732322560770648,0.7937244219426461,0.9952323926548376
0.181,0.085,w,mixed,0.21584311999929956,1.4993266726151113,0.9937593381101619
0.181,0.085,w,beta,0.08096402251329199,2.0673312895965537,0.9891579252064211
0.181,0.085,xw,no,0.6029834507005212,0.9119847490438283,0.9998230570753915
0.181,0.085,xw,D,0.5206867585196571,1.0,1.0
0.181,0.085,xw,mixed,0.1693277658239402,1.6491885884334578,0.9990151665691707
0.181,0.085,xw,beta,0.06240139624522902,2.223483111537242,0.9973759580638425
0.181,0.11,,no,2.4885976858218966,0.0,0.0
0.181,0.11,,D,2.061563576910196,0.10837614420965369,0.9902320463683795
0.181,0.11,,mixed,0.8265582923901253,0.6591526709113075,0.9842837762915786
0.181,0.11,,beta,0.21971207714476057,1.425605274056883,0.9815207592343539
0.181,0.11,x,no,1.994900269710487,0.187404790057993,0.9306225246608613
0.181,0.11,x,D,1.5687582192145562,0.312273220486162,0.9867582770268526
0.181,0.11,x,mixed,0.6133386657753905,0.8727020146458926,0.9990234340999459
0.181,0.11,x,beta,0.1745714142932155,1.5958863643391992,0.9966087930535537
0.181,0.11,w,no,0.9653560677826897,0.7230622001000397,0.9972666228463906
0.181,0.11,w,D,0.8518579348484753,0.8098589528997633,0.9965702177852898
0.181,0.11,w,mixed,0.29549872121709825,1.4223820220958123,0.9965422913453927
0.181,0.11,w,beta,0.11410022514989793,1.968509331546559,0.9936387738445135
0.181,0.11,xw,no,0.7791965691068353,0.8967699247605992,0.9998554199800777
0.181,0.11,xw,D,0.6551400515666065,1.0,1.0
0.181,0.11,xw,mixed,0.2487197846406406,1.558816311088771,0.998663498502697
0.181,0.11,xw,beta,0.10036875670588907,2.0772969614661534,0.996425089079539
0.181,0.135,,no,2.4885976858218966,0.0,0.0
0.181,0.135,,D,2.061563576910196,0.10837614420965369,0.9902320463683795
0.181,0.135,,mixed,0.8265582923901253,0.6591526709113075,0.9842837762915786
0.181,0.135,,beta,0.21971207714476057,1.425605274056883,0.9815207592343539
0.181,0.135,x,no,1.9180364222838193,0.2487396017733024,0.9373597370674174
0.181,0.135,x,D,1.6165623186823377,0.33081072416004703,0.9887295943394312
0.181,0.135,x,mixed,0.6549667205439321,0.8701907715813445,0.999187867860175
0.181,0.135,x,beta,0.1844257641505784,1.5961089145803877,0.9946693262111216
0.181,0.135,w,no,1.1764006475048505,0.6872720443957495,0.9975069909223346
0.181,0.135,w,D,0.9541157236901747,0.8216338264801719,0.9973511153857262
0.181,0.135,w,mixed,0.3765869673731495,1.360659150208915,0.9981398814051694
0.181,0.135,w,beta,0.15135968924838009,1.8813746878067399,0.9946220380328549
0.181,0.135,xw,no,0.9503097099012299,0.8863550618799041,0.999888942455331
0.181,0.135,xw,D,0.7845273736389615,1.0,1.0
0.181,0.135,xw,mixed,0.33799441735267316,1.4856366556032279,0.9984788220939507
0.181,0.135,xw,beta,0.14595702721485332,1.9628452301406119,0.9954683147618135
0.181,0.16000000000000003,,no,2.4885976858218966,0.0,0.0
0.181,0.16000000000000003,,D,2.061563576910196,0.10837614420965369,0.9902320463683795
0.181,0.16000000000000003,,mixed,0.8265582923901253,0.6591526709113075,0.9842837762915786
0.181,0.16000000000000003,,beta,0.21971207714476057,1.425605274056883,0.9815207592343539
0.181,0.16000000000000003,x,no,1.8467003554387138,0.310315440587399,0.9448703400922317
0.181,0.16000000000000003,x,D,1.6615626026995396,0.3525281443001129,0.990814554007774
0.181,0.16000000000000003,x,mixed,0.697603567277906,0.8707203524581819,0.999353790327472
0.181,0.16000000000000003,x,beta,0.19147380120362123,1.6067142186115513,0.9915541991647516
0.181,0.16000000000000003,w,no,1.3701481067356223,0.6619703345737072,0.9979716644461707
0.181,0.16000000000000003,w,D,1.0447872383426013,0.8307486428106133,0.9978568021200681
0.181,0.16000000000000003,w,mixed,0.4517679527692125,1.317496602684438,0.9989384207574945
0.181,0.16000000000000003,w,beta,0.19021393944759207,1.810576489077912,0.9951092828468069
0.181,0.16000000000000003,xw,no,1.1170333883374977,0.8787151473530685,0.9999122393449015
0.181,0.16000000000000003,xw,D,0.9099533457064879,1.0,1.0
0.181,0.16000000000000003,xw,mixed,0.43476801546794225,1.426122737758068,0.9984716825835079
0.181,0.16000000000000003,xw,beta,0.19812885181166734,1.8709542381724913,0.9945483984121583
0.181,0.18500000000000003,,no,2.4885976858218966,0.0,0.0
0.181,0.18500000000000003,,D,2.061563576910196,0.10837614420965369,0.9902320463683795
0.181,0.18500000000000003,,mixed,0.8265582923901253,0.6591526709113075,0.9842837762915786
0.181,0.18500000000000003,,beta,0.21971207714476057,1.425605274056883,0.9815207592343539
0.181,0.18500000000000003,x,no,1.78438496496439,0.36987780949401333,0.9523938570702424
0.181,0.18500000000000003,x,D,1.705155966899865,0.3757973301453412,0.9924316599113965
0.181,0.18500000000000003,x,mixed,0.7409459212427078,0.8735232243553022,0.9994976916014358
0.181,0.18500000000000003,x,beta,0.19502017031684146,1.62771334324941,0.9867585961049695
0.181,0.18500000000000003,w,no,1.547060200338995,0.6442963898060556,0.9984900813375871
0.181,0.18500000000000003,w,D,1.1272176804491931,0.8381885146419584,0.9982096635526755
0.181,0.18500000000000003,w,mixed,0.5268586408302695,1.2804942763367444,0.9996280567594344
0.181,0.18500000000000003,w,beta,0.22852326476875442,1.7555263696203378,0.9957499304603575
0.181,0.18500000000000003,xw,no,1.2800562358447014,0.8727779638188297,0.9999270365868758
0.181,0.18500000000000003,xw,D,1.032069878768884,1.0,1.0
0.181,0.18500000000000003,xw,mixed,0.5369350065695184,1.3773386946397739,0.9986193852271292
0.181,0.18500000000000003,xw,beta,0.2559769357566834,1.795411911340734,0.9937023344352546
0.181,0.21000000000000002,,no,2.4885976858218966,0.0,0.0
0.181,0.21000000000000002,,D,2.061563576910196,0.10837614420965369,0.9902320463683795
0.181,0.21000000000000002,,mixed,0.8265582923901253,0.6591526709113075,0.9842837762915786
0.181,0.21000000000000002,,beta,0.21971207714476057,1.425605274056883,0.9815207592343539
0.181,0.21000000000000002,x,no,1.7329293166298174,0.4258740221772952,0.9594601003875713
0.181,0.21000000000000002,x,D,1.7543939545146536,0.396730176360837,0.9915322255875304
0.181,0.21000000000000002,x,mixed,0.7848146553849041,0.8778924302057008,0.9996082552063281
0.181,0.21000000000000002,x,beta,0.2602278575332731,1.509190255307065,0.9938619756970276
0.181,0.21000000000000002,w,no,1.7084739537012306,0.6322405664400869,0.9989629408282445
0.181,0.21000000000000002,w,D,1.2035249184699168,0.8445299558211998,0.998469637709806
0.181,0.21000000000000002,w,mixed,0.5973578360833552,1.2523530834779057,0.9996552100016556
0.181,0.21000000000000002,w,beta,0.2681905168679409,1.7072847712990855,0.9960579797629485
0.181,0.21000000000000002,xw,no,1.4398083363111522,0.868013316561051,0.9999371347515685
0.181,0.21000000000000002,xw,D,1.151318806699279,1.0,1.0
0.181,0.21000000000000002,xw,mixed,0.6426097537005301,1.3371237448313984,0.9988542183570613
0.181,0.21000000000000002,xw,beta,0.31839277213062595,1.732588745830024,0.9929228114951374
0.181,0.23500000000000001,,no,2.4885976858218966,0.0,0.0
0.181,0.23500000000000001,,D,2.061563576910196,0.10837614420965369,0.9902320463683795
0.181,0.23500000000000001,,mixed,0.8265582923901253,0.6591526709113075,0.9842837762915786
0.181,0.23500000000000001,,beta,0.21971207714476057,1.425605274056883,0.9815207592343539
0.181,0.23500000000000001,x,no,1.692883785829194,0.4773934716147837,0.9658175453846274
0.181,0.23500000000000001,x,D,1.819133129904252,0.4107707702637769,0.9832747446347028
0.181,0.23500000000000001,x,mixed,0.8290937955097467,0.8832482037006657,0.9996819532958431
0.181,0.23500000000000001,x,beta,0.36340102234008514,1.3649183372245752,0.989483995722978
0.181,0.23500000000000001,w,no,1.8560087982003475,0.6243795199085004,0.9993434972317402
0.181,0.23500000000000001,w,D,1.2751322443392357,0.8501193884179261,0.9986690815914633
0.181,0.23500000000000001,w,mixed,0.6661408183687471,1.2285625213068818,0.9996383359820004
0.181,0.23500000000000001,w,beta,0.3081694181022004,1.6661027896813245,0.9962340938613603
0.181,0.23500000000000001,xw,no,1.5965069127240052,0.8641568370763918,0.9999453937729081
0.181,0.23500000000000001,xw,D,1.2680486953728265,1.0,1.0
0.181,0.23500000000000001,xw,mixed,0.7535949382545298,1.3014170463844232,0.9996052035937093
0.181,0.23500000000000001,xw,beta,0.42834482218156067,1.623069868266491,0.997495028580344
0.181,0.26,,no,2.4885976858218966,0.0,0.0
0.181,0.26,,D,2.061563576910196,0.10837614420965369,0.9902320463683795
0.181,0.26,,mixed,0.8265582923901253,0.6591526709113075,0.9842837762915786
0.181,0.26,,beta,0.21971207714476057,1.425605274056883,0.9815207592343539
0.181,0.26,x,no,1.66392946639823,0.5240424316876929,0.9713685691786489
0.181,0.26,x,D,1.8619889360722794,0.4338031422925212,0.9869301897466365
0.181,0.26,x,mixed,0.8736232966435046,0.8891970050182947,0.9997145610150447
0.181,0.26,x,beta,0.43112237852788265,1.306078697847718,0.9911715747351612
0.181,0.26,w,no,1.9912943288818472,0.6196881308578047,0.9996180711257615
0.181,0.26,w,D,1.343042153452252,0.8551708824365121,0.9988268811401929
0.181,0.26,w,mixed,0.7324808991006793,1.2088578696109584,0.9996060434885955
0.181,0.26,w,beta,0.34764104840129234,1.6315435519091421,0.9963677342071204
0.181,0.26,xw,no,1.7502467214759818,0.8610645004518899,0.9999533562669177
0.181,0.26,xw,D,1.3825619298894591,0.9999999999999999,1.0
0.181,0.26,xw,mixed,0.8617824642787195,1.2741193965908337,0.9998201007507792
0.181,0.26,xw,beta,0.512284880464982,1.5705902865738537,0.9979551244481472
0.181,0.28500000000000003,,no,2.4885976858218966,0.0,0.0
0.181,0.28500000000000003,,D,2.061563576910196,0.10837614420965369,0.9902320463683795
0.181,0.28500000000000003,,mixed,0.8265582923901253,0.6591526709113075,0.9842837762915786
0.181,0.28500000000000003,,beta,0.21971207714476057,1.425605274056883,0.9815207592343539
0.181,0.28500000000000003,x,no,1.6452423431928471,0.5658008429301622,0.976114244996868
0.181,0.28500000000000003,x,D,1.8944610887114999,0.4602828656860187,0.9912308779311867
0.181,0.28500000000000003,x,mixed,0.9179343178238607,0.8956546637956252,0.9996722889220198
0.181,0.28500000000000003,x,beta,0.48048076568752374,1.2791680073427245,0.9901860350034841
0.181,0.28500000000000003,w,no,2.115851916793662,0.6174148089938685,0.9997914868784162
0.181,0.28500000000000003,w,D,1.4079885507129943,0.8598197650285717,0.9989547768815037
0.181,0.28500000000000003,w,mixed,0.7951111342107614,1.1933764337494146,0.9995743981341055
0.181,0.28500000000000003,w,beta,0.3883777504462283,1.5996700889996884,0.9963942785877317
0.181,0.28500000000000003,xw,no,1.9010697456648218,0.8586437005543224,0.9999615185207865
0.181,0.28500000000000003,xw,D,1.4951307440174582,1.0,1.0
0.181,0.28500000000000003,xw,mixed,0.9681121134523116,1.2522444076576265,0.9998903663707345
0.181,0.28500000000000003,xw,beta,0.5960016728401261,1.5288882948366191,0.9981963546774361
0.181,0.31000000000000005,,no,2.4885976858218966,0.0,0.0
0.181,0.31000000000000005,,D,2.061563576910196,0.10837614420965369,0.9902320463683795
0.181,0.31000000000000005,,mixed,0.8265582923901253,0.6591526709113075,0.9842837762915786
0.181,0.31000000000000005,,beta,0.21971207714476057,1.425605274056883,0.9815207592343539
0.181,0.31000000000000005,x,no,1.6357624882930888,0.6028914304449099,0.9801118663693753
0.181,0.31000000000000005,x,D,1.9237382615566307,0.48694646393747204,0.994154405241926
0.181,0.31000000000000005,x,mixed,0.9638760454529287,0.9012777501229396,0.999699316357319
0.181,0.31000000000000005,x,beta,0.543854941973342,1.2430046930679977,0.9911251393051759
0.181,0.31000000000000005,w,no,2.2310505343965708,0.616999276653996,0.9998774959319595
0.181,0.31000000000000005,w,D,1.4705244087168867,0.8641538472035553,0.999060452474591
0.181,0.31000000000000005,w,mixed,0.8554532052842861,1.1804979549519077,0.9995657215102127
0.181,0.31000000000000005,w,beta,0.42923460143503606,1.5715175156477001,0.9963876353307988
0.181,0.31000000000000005,xw,no,2.0490070859252185,0.856822920183301,0.9999697091820909
0.181,0.31000000000000005,xw,D,1.606001517480619,1.0,1.0
0.181,0.31000000000000005,xw,mixed,1.0733724064032988,1.2340042501771569,0.9999252490626053
0.181,0.31000000000000005,xw,beta,0.6804303801435589,1.4940257422345504,0.9983503973204076
0.181,0.335,,no,2.4885976858218966,0.0,0.0
0.181,0.335,,D,2.061563576910196,0.10837614420965369,0.9902320463683795
0.181,0.335,,mixed,0.8265582923901253,0.6591526709113075,0.9842837762915786
0.181,0.335,,beta,0.21971207714476057,1.425605274056883,0.9815207592343539
0.181,0.335,x,no,1.634370033861158,0.6356753521800261,0.983445365349797
0.181,0.335,x,D,1.9532986961859606,0.5122738212824192,0.9958508403072172
0.181,0.335,x,mixed,1.0107967202952117,0.9063696818386752,0.9997307137830975
0.181,0.335,x,beta,0.5976123101829083,1.221430537160814,0.9914057531558204
0.181,0.335,w,no,2.3380979625673746,0.6180176704861936,0.999892980460908
0.181,0.335,w,D,1.5310774454694909,0.8682310767765411,0.9991491538786105
0.181,0.335,w,mixed,0.9141270031379017,1.1694868764801718,0.9995701166839724
0.181,0.335,w,beta,0.4702422395981454,1.546373182102037,0.9963445356555616
0.181,0.335,xw,no,2.19410004318457,0.8555394621296664,0.9999774242855678
0.181,0.335,xw,D,1.7153956387963052,1.0,1.0
0.181,0.335,xw,mixed,1.1777793248949249,1.2184768224177864,0.9999456849163272
0.181,0.335,xw,beta,0.7655303826455135,1.464261676839312,0.9984536079533891
0.181,0.36000000000000004,,no,2.4885976858218966,0.0,0.0
0.181,0.36000000000000004,,D,2.061563576910196,0.10837614420965369,0.9902320463683795
0.181,0.36000000000000004,,mixed,0.8265582923901253,0.6591526709113075,0.9842837762915786
0.181,0.36000000000000004,,beta,0.21971207714476057,1.425605274056883,0.9815207592343539
0.181,0.36000000000000004,x,no,1.639987614607248,0.6645769903631789,0.9862065553417425
0.181,0.36000000000000004,x,D,1.9843308001264908,0.5358013813392193,0.9968106855045497
0.181,0.36000000000000004,x,mixed,1.0581681299639396,0.9111500698584113,0.9997557191094447
0.181,0.36000000000000004,x,beta,0.6508878413483108,1.2034921320508631,0.9919130326129483
0.181,0.36000000000000004,w,no,2.4380482236702457,0.62014519984666,0.9998547195022364
0.181,0.36000000000000004,w,D,1.5899848269025338,0.8720906676380161,0.9992245905922319
0.181,0.36000000000000004,w,mixed,0.9714731684554148,1.15992294908917,0.9995814063003555
0.181,0.36000000000000004,w,beta,0.5103079031632851,1.5248721038444044,0.9963056083073176
0.181,0.36000000000000004,xw,no,2.3364082877272594,0.8547351252473866,0.9999840736699438
0.181,0.36000000000000004,xw,D,1.8235100116385454,0.9999999999999999,1.0
0.181,0.36000000000000004,xw,mixed,1.2814533019161454,1.2050590548084104,0.9999588252780436
0.181,0.36000000000000004,xw,beta,0.8513613203674641,1.4383675691427842,0.9985229152612962
0.181,0.385,,no,2.4885976858218966,0.0,0.0
0.181,0.385,,D,2.061563576910196,0.10837614420965369,0.9902320463683795
0.181,0.385,,mixed,0.8265582923901253,0.6591526709113075,0.9842837762915786
0.181,0.385,,beta,0.21971207714476057,1.425605274056883,0.9815207592343539
0.181,0.385,x,no,1.6516325550965365,0.6900340535463229,0.9884843622134591
0.181,0.385,x,D,2.0167804654457906,0.5576197652595926,0.9975137039324247
0.181,0.385,x,mixed,1.1061809419393107,0.9154722804145295,0.9997794846913513
0.181,0.385,x,beta,0.7029535945358734,1.1889048838298968,0.9923441751836319
0.181,0.385,w,no,2.5318157157747385,0.6231302448477798,0.9997777779784848
0.181,0.385,w,D,1.6475167380445879,0.8757598159145228,0.999289463585203
0.181,0.385,w,mixed,1.0277280169352876,1.1515203140561587,0.9995961271284426
0.181,0.385,w,beta,0.5511969543188093,1.504673184729082,0.9962480927522894
0.181,0.385,xw,no,2.47601097509274,0.8543550907515017,0.9999891354265298
0.181,0.385,xw,D,1.9305180759354226,1.0,1.0
0.181,0.385,xw,mixed,1.3844903474561612,1.193323540332755,0.9999678260049447
0.181,0.385,xw,beta,0.9364762150259535,1.4163389582850603,0.9984956465702516
0.181,0.41000000000000003,,no,2.4885976858218966,0.0,0.0
0.181,0.41000000000000003,,D,2.061563576910196,0.10837614420965369,0.9902320463683795
0.181,0.41000000000000003,,mixed,0.8265582923901253,0.6591526709113075,0.9842837762915786
0.181,0.41000000000000003,,beta,0.21971207714476057,1.425605274056883,0.9815207592343539
0.181,0.41000000000000003,x,no,1.668434707754468,0.7124682359463944,0.990359408916958
0.181,0.41000000000000003,x,D,2.0506904660431924,0.5777754598582217,0.9979881199736903
0.181,0.41000000000000003,x,mixed,1.1547939288981741,0.919344672227004,0.9998089107615055
0.181,0.41000000000000003,x,beta,0.7545165367081774,1.1765485143257393,0.9928206228180416
0.181,0.41000000000000003,w,no,2.6201913600581532,0.6267760432082261,0.9996748661395288
0.181,0.41000000000000003,w,D,1.7038925610763924,0.8792579567701779,0.9993457884857698
0.181,0.41000000000000003,w,mixed,1.0830691075669518,1.1440707897062392,0.9996123704721152
0.181,0.41000000000000003,w,beta,0.5929148680115615,1.4856295897862537,0.9961487542467795
0.181,0.41000000000000003,xw,no,2.613004355744056,0.8543479531850491,0.9999922340854006
0.181,0.41000000000000003,xw,D,2.0365713921000372,0.9999999999999999,1.0
0.181,0.41000000000000003,xw,mixed,1.486973150058838,1.1829557761105638,0.9999742760944025
0.181,0.41000000000000003,xw,beta,1.0239092549418929,1.3958171539459745,0.998563279476947
0.181,0.43500000000000005,,no,2.4885976858218966,0.0,0.0
0.181,0.43500000000000005,,D,2.061563576910196,0.10837614420965369,0.9902320463683795
0.181,0.43500000000000005,,mixed,0.8265582923901253,0.6591526709113075,0.9842837762915786
0.181,0.43500000000000005,,beta,0.21971207714476057,1.425605274056883,0.9815207592343539
0.181,0.43500000000000005,x,no,1.6896424760385027,0.7322674601715159,0.9919019082276217
0.181,0.43500000000000005,x,D,2.086961714952878,0.5959934532684935,0.9982157071329567
0.181,0.43500000000000005,x,mixed,1.203567800829271,0.9229710987150506,0.9998297602624862
0.181,0.43500000000000005,x,beta,0.805860242663651,1.1658179174071257,0.9932957309964222
0.181,0.43500000000000005,w,no,2.703858502824277,0.6309275130862395,0.999556243229935
0.181,0.43500000000000005,w,D,1.75929235501277,0.8825994801480727,0.9993951011589599
0.181,0.43500000000000005,w,mixed,1.137637530434343,1.1374155476710068,0.9996290542684498
0.181,0.43500000000000005,w,beta,0.6345177718565045,1.4684145353317042,0.9960919827933404
0.181,0.43500000000000005,xw,no,2.7474980478044677,0.8546660084719979,0.999993164394192
0.181,0.43500000000000005,xw,D,2.1418015965391217,1.0,1.0
0.181,0.43500000000000005,xw,mixed,1.5889774757065496,1.1737169168650534,0.9999790646009692
0.181,0.43500000000000005,xw,beta,1.111430439537194,1.3776410849112528,0.9985975072149894
0.181,0.46,,no,2.4885976858218966,0.0,0.0
0.181,0.46,,D,2.061563576910196,0.10837614420965369,0.9902320463683795
0.181,0.46,,mixed,0.8265582923901253,0.6591526709113075,0.9842837762915786
0.181,0.46,,beta,0.21971207714476057,1.425605274056883,0.9815207592343539
0.181,0.46,x,no,1.714610692698537,0.7497803579517246,0.9931714407315541
0.181,0.46,x,D,2.1238647755676436,0.6130556899460744,0.998501877632092
0.181,0.46,x,mixed,1.2524072714555874,0.9263851835791289,0.9998427251910977
0.181,0.46,x,beta,0.8565100996919706,1.1567121338514819,0.9937475353085542
0.181,0.46,w,no,2.783407573417788,0.6354616167738744,0.999429899831444
0.181,0.46,w,D,1.8138652092770797,0.8857954800888471,0.9994385929304888
0.181,0.46,w,mixed,1.1915468931827056,1.1314307774007144,0.9996455995063758
0.181,0.46,w,beta,0.675979985243622,1.4527938058374583,0.9959964956269888
0.181,0.46,xw,no,2.8796110618582587,0.8552654878764527,0.9999918813139294
0.181,0.46,xw,D,2.2463225168549212,0.9999999999999999,1.0
0.181,0.46,xw,mixed,1.6905689488608866,1.1654228966957165,0.999982714289065
0.181,0.46,xw,beta,1.1983786091086583,1.3616964573861183,0.9985662486977962
0.181,0.48500000000000004,,no,2.4885976858218966,0.0,0.0
0.181,0.48500000000000004,,D,2.061563576910196,0.10837614420965369,0.9902320463683795
0.181,0.48500000000000004,,mixed,0.8265582923901253,0.6591526709113075,0.9842837762915786
0.181,0.48500000000000004,,beta,0.21971207714476057,1.425605274056883,0.9815207592343539
0.181,0.48500000000000004,x,no,1.742792192584284,0.7653136134679153,0.9942177029719388
0.181,0.48500000000000004,x,D,2.1623809415465316,0.6286480348551187,0.9986912603972322
0.181,0.48500000000000004,x,mixed,1.301340253343319,0.9295725237056347,0.9998505658599323
0.181,0.48500000000000004,x,beta,0.9071038706542615,1.1485910519650144,0.9941451410722025
0.181,0.48500000000000004,w,no,2.859349131741884,0.6402802099141165,0.999301860811158
0.181,0.48500000000000004,w,D,1.8677354626549965,0.8888548871838996,0.9994772021855797
0.181,0.48500000000000004,w,mixed,1.2448931564147199,1.1260167052027172,0.9996616471928547
0.181,0.48500000000000004,w,beta,0.7174797646648712,1.4384284880989229,0.9959042220975951
0.181,0.48500000000000004,xw,no,3.0094681488005923,0.8561066456604668,0.9999884724313685
0.181,0.48500000000000004,xw,D,2.3502322833786455,0.9999999999999999,1.0
0.181,0.48500000000000004,xw,mixed,1.7918061962876912,1.157928649964025,0.9999855561780039
0.181,0.48500000000000004,xw,beta,1.286848058701687,1.3467509366385086,0.9985968987892848
0.181,0.51,,no,2.4885976858218966,0.0,0.0
0.181,0.51,,D,2.061563576910196,0.10837614420965369,0.9902320463683795
0.181,0.51,,mixed,0.8265582923901253,0.6591526709113075,0.9842837762915786
0.181,0.51,,beta,0.21971207714476057,1.425605274056883,0.9815207592343539
0.181,0.51,x,no,1.7737232350022245,0.7791342870342065,0.9950816744211571
0.181,0.51,x,D,2.202070699136621,0.6430142952231912,0.99881318754813
0.181,0.51,x,mixed,1.3507757684501227,0.9323733199023603,0.9998659285982968
0.181,0.51,x,beta,0.9572668160488169,1.141507635743402,0.9945087652359319
0.181,0.51,w,no,2.932125241224926,0.6453046671485722,0.9991765196937534
0.181,0.51,w,D,1.9210074250166127,0.8917852034004213,0.9995116780381068
0.181,0.51,w,mixed,1.2977557771397994,1.1210928762892454,0.999677028827897
0.181,0.51,w,beta,0.7592805241387529,1.424983662925619,0.9958460420703469
0.181,0.51,xw,no,3.137196678788991,0.857153708172077,0.9999831239846315
0.181,0.51,xw,D,2.453615330987431,0.9999999999999999,1.0
0.181,0.51,xw,mixed,1.892741458049425,1.1511180571479804,0.9999878098119855
0.181,0.51,xw,beta,1.3745549439857412,1.3335558949210067,0.9985643510115478
0.2215,0.01,,no,2.4885976858218966,0.0,0.0
0.2215,0.01,,D,2.1373504138430355,0.09697728199616994,0.9837043855572133
0.2215,0.01,,mixed,0.8446019191434758,0.7395420863296257,0.9882044132793493
0.2215,0.01,,beta,0.2653724944780822,1.485804340259348,0.9980875060658438
0.2215,0.01,x,no,2.2333847135937526,0.007178947683636055,0.9471374768779656
0.2215,0.01,x,D,1.5058134989767173,0.25553757845981584,0.9761563261482299
0.2215,0.01,x,mixed,0.5441778338694362,0.9483584566306248,0.9995705173111398
0.2215,0.01,x,beta,0.18804738783125416,1.6447526482680372,0.9997578979424897
0.2215,0.01,w,no,0.3803589079890911,0.11562648124312894,0.7858808859751071
0.2215,0.01,w,D,0.4097492366197045,0.0722404945512817,0.10383752411383129
0.2215,0.01,w,mixed,0.2476640574185607,0.5162818223682611,0.43008482257388636
0.2215,0.01,w,beta,0.04771232607590244,1.621250281362738,0.7801844650704185
0.2215,0.01,xw,no,0.06690004353164747,0.9965292080398417,0.9999990093629337
0.2215,0.01,xw,D,0.06657439431154377,1.0,1.0
0.2215,0.01,xw,mixed,0.015011654614446788,1.9880644307795885,0.999998525788188
0.2215,0.01,xw,beta,0.0036083029625101405,2.938899416891797,0.9998869688170499
0.2215,0.035,,no,2.4885976858218966,0.0,0.0
0.2215,0.035,,D,2.1373504138430355,0.09697728199616994,0.9837043855572133
0.2215,0.035,,mixed,0.8446019191434758,0.7395420863296257,0.9882044132793493
0.2215,0.035,,beta,0.2653724944780822,1.485804340259348,0.9980875060658438
0.2215,0.035,x,no,2.1987107237807066,0.03578309682629985,0.9298368550663707
0.2215,0.035,x,D,1.5528615266177688,0.25069210290182553,0.9749449219254451
0.2215,0.035,x,mixed,0.5697136461880558,0.9341347651162767,0.9994654923867453
0.2215,0.035,x,beta,0.1976521522787405,1.6271543764438983,0.9997193825596012
0.2215,0.035,w,no,0.25508448606799683,0.9661075176483542,0.9973640283013305
0.2215,0.035,w,D,0.2618631805083255,0.9484165454780845,0.9967401897398378
0.2215,0.035,w,mixed,0.08416091687182893,1.7254154272910065,0.9894021289726762
0.2215,0.035,w,beta,0.031216536895788204,2.4093832156918826,0.9868385934933535
0.2215,0.035,xw,no,0.24057045278203712,0.9674003860002639,0.9999341333368272
0.2215,0.035,xw,D,0.22973173190858326,0.9999999999999999,1.0
0.2215,0.035,xw,mixed,0.060179474607055874,1.8869513805596898,0.9998901877675204
0.2215,0.035,xw,beta,0.020601893959089148,2.6120017278224528,0.9992556160037995
0.2215,0.060000000000000005,,no,2.4885976858218966,0.0,0.0
0.2215,0.060000000000000005,,D,2.1373504138430355,0.09697728199616994,0.9837043855572133
0.2215,0.060000000000000005,,mixed,0.8446019191434758,0.7395420863296257,0.9882044132793493
0.2215,0.060000000000000005,,beta,0.2653724944780822,1.485804340259348,0.9980875060658438
0.2215,0.060000000000000005,x,no,2.1424813038388884,0.07751833658457281,0.9246036187601794
0.2215,0.060000000000000005,x,D,1.6024592856148088,0.2503554275425776,0.9743989465328048
0.2215,0.060000000000000005,x,mixed,0.5991463249632937,0.9217906000219294,0.9993756378995685
0.2215,0.060000000000000005,x,beta,0.2092156659405395,1.6094514757549763,0.9996162797071785
0.2215,0.060000000000000005,w,no,0.4949377805918643,0.8511742961341381,0.9972215043095374
0.2215,0.060000000000000005,w,D,0.5363547703132734,0.8240359092363044,0.9957754721245967
0.2215,0.060000000000000005,w,mixed,0.1516684045115727,1.6452900591903161,0.9956034986010844
0.2215,0.060000000000000005,w,beta,0.06519434334923509,2.219109167150559,0.9936523007240363
0.2215,0.060000000000000005,xw,no,0.4220607158881493,0.9350744108662207,0.999836013818719
0.2215,0.060000000000000005,xw,D,0.38462513949043386,0.9999999999999999,1.0
0.2215,0.060000000000000005,xw,mixed,0.12060628427273908,1.764652904159473,0.9996313037097098
0.2215,0.060000000000000005,xw,beta,0.05036043001594616,2.3526899325783064,0.9983850738094772
0.2215,0.085,,no,2.4885976858218966,0.0,0.0
0.2215,0.085,,D,2.1373504138430355,0.09697728199616994,0.9837043855572133
0.2215,0.085,,mixed,0.8446019191434758,0.7395420863296257,0.9882044132793493
0.2215,0.085,,beta,0.2653724944780822,1.485804340259348,0.9980875060658438
0.2215,0.085,x,no,2.07199621862695,0.1292139792999369,0.9258010832041844
0.2215,0.085,x,D,1.6533478411194011,0.25443947283009083,0.9747181138741339
0.2215,0.085,x,mixed,0.6320285004019952,0.9115963290062015,0.9993093872473793
0.2215,0.085,x,beta,0.2224455547350315,1.5925610613463361,0.9994253160270903
0.2215,0.085,w,no,0.7382933267104439,0.7736016858273292,0.9974337749524205
0.2215,0.085,w,D,0.6979017814270285,0.8352482220914417,0.9966636269326802
0.2215,0.085,w,mixed,0.2299196785833755,1.5556371437256629,0.9979954080555886
0.2215,0.085,w,beta,0.10521475156812687,2.0770207636707574,0.996567389390951
0.2215,0.085,xw,no,0.6029834507005212,0.9119847490438283,0.9998230570753915
0.2215,0.085,xw,D,0.5307998753076851,1.0,1.0
0.2215,0.085,xw,mixed,0.19427449656737567,1.6598586462573697,0.9994095904223147
0.2215,0.085,xw,beta,0.08999490505257379,2.1717329880944356,0.9977313514523578
0.2215,0.11,,no,2.4885976858218966,0.0,0.0
0.2215,0.11,,D,2.1373504138430355,0.09697728199616994,0.9837043855572133
0.2215,0.11,,mixed,0.8446019191434758,0.7395420863296257,0.9882044132793493
0.2215,0.11,,beta,0.2653724944780822,1.485804340259348,0.9980875060658438
0.2215,0.11,x,no,1.994900269710487,0.187404790057993,0.9306225246608613
0.2215,0.11,x,D,1.7044175981793632,0.2626631704092473,0.9759362905527761
0.2215,0.11,x,mixed,0.6678422374381237,0.9036920032072339,0.9992752883555936
0.2215,0.11,x,beta,0.2368771901845992,1.577508350302101,0.9990971685562752
0.2215,0.11,w,no,0.9653560677826897,0.7230622001000397,0.9972666228463906
0.2215,0.11,w,D,0.8304279483027069,0.8454745054151734,0.9974819797966192
0.2215,0.11,w,mixed,0.3083247295538767,1.487757386130586,0.9990660504072685
0.2215,0.11,w,beta,0.14746192489935864,1.9732556744028835,0.9978770454348583
0.2215,0.11,xw,no,0.7791965691068353,0.8967699247605992,0.9998554199800777
0.2215,0.11,xw,D,0.6699398356234169,1.0,1.0
0.2215,0.11,xw,mixed,0.2783528824988409,1.5748389920985397,0.9993016386462128
0.2215,0.11,xw,beta,0.13759630792789532,2.037630052194817,0.997227689822796
0.2215,0.135,,no,2.4885976858218966,0.0,0.0
0.2215,0.135,,D,2.1373504138430355,0.09697728199616994,0.9837043855572133
0.2215,0.135,,mixed,0.8446019191434758,0.7395420863296257,0.9882044132793493
0.2215,0.135,,beta,0.2653724944780822,1.485804340259348,0.9980875060658438
0.2215,0.135,x,no,1.9180364222838193,0.2487396017733024,0.9373597370674174
0.2215,0.135,x,D,1.7547743848520816,0.27459247858653857,0.9779136780187427
0.2215,0.135,x,mixed,0.7060838958535948,0.898050785870515,0.9992750851665596
0.2215,0.135,x,beta,0.25202282750846083,1.5650317574010348,0.9985707686143014
0.2215,0.135,w,no,1.1764006475048505,0.6872720443957495,0.9975069909223346
0.2215,0.135,w,D,0.9444103568120055,0.8533116893985725,0.9979961436014878
0.2215,0.135,w,mixed,0.39179123505687175,1.4256370556029554,0.9991373109746374
0.2215,0.135,w,beta,0.1924445227160419,1.88836376025256,0.9977627116718436
0.2215,0.135,xw,no,0.9503097099012299,0.8863550618799041,0.999888942455331
0.2215,0.135,xw,D,0.803768730037282,1.0,1.0
0.2215,0.135,xw,mixed,0.3706511942573158,1.5057957307940486,0.9993083923837076
0.2215,0.135,xw,beta,0.19202064663414878,1.9330028364835568,0.9968026474454004
0.2215,0.16000000000000003,,no,2.4885976858218966,0.0,0.0
0.2215,0.16000000000000003,,D,2.1373504138430355,0.09697728199616994,0.9837043855572133
0.2215,0.16000000000000003,,mixed,0.8446019191434758,0.7395420863296257,0.9882044132793493
0.2215,0.16000000000000003,,beta,0.2653724944780822,1.485804340259348,0.9980875060658438
0.2215,0.16000000000000003,x,no,1.8467003554387138,0.310315440587399,0.9448703400922317
0.2215,0.16000000000000003,x,D,1.8056917033343531,0.2888285077189504,0.9792707965824013
0.2215,0.16000000000000003,x,mixed,0.7462971294357741,0.8945087734553222,0.9993042076205498
0.2215,0.16000000000000003,x,beta,0.267257691425347,1.55586761739578,0.9977526200605791
0.2215,0.16000000000000003,w,no,1.3701481067356223,0.6619703345737072,0.9979716644461707
0.2215,0.16000000000000003,w,D,1.0453641232958706,0.8594738692087601,0.9983425426842409
0.2215,0.16000000000000003,w,mixed,0.4721217597885673,1.378078725932411,0.9993977465610956
0.2215,0.16000000000000003,w,beta,0.23747299598460622,1.8217664275230379,0.9978783163826109
0.2215,0.16000000000000003,xw,no,1.1170333883374977,0.8787151473530685,0.9999122393449015
0.2215,0.16000000000000003,xw,D,0.9334914617046995,1.0,1.0
0.2215,0.16000000000000003,xw,mixed,0.4693081188313505,1.4491922097258707,0.9994062343977875
0.2215,0.16000000000000003,xw,beta,0.25233187080972835,1.8485295631660599,0.9964212705993366
0.2215,0.18500000000000003,,no,2.4885976858218966,0.0,0.0
0.2215,0.18500000000000003,,D,2.1373504138430355,0.09697728199616994,0.9837043855572133
0.2215,0.18500000000000003,,mixed,0.8446019191434758,0.7395420863296257,0.9882044132793493
0.2215,0.18500000000000003,,beta,0.2653724944780822,1.485804340259348,0.9980875060658438
0.2215,0.18500000000000003,x,no,1.78438496496439,0.36987780949401333,0.9523938570702424
0.2215,0.18500000000000003,x,D,1.8775204634209521,0.295778144467381,0.9645289617249675
0.2215,0.18500000000000003,x,mixed,0.7880924784190412,0.8928077358332381,0.9993543616814213
0.2215,0.18500000000000003,x,beta,0.28173122111797455,1.5509269811267363,0.9964857140297689
0.2215,0.18500000000000003,w,no,1.547060200338995,0.6442963898060556,0.9984900813375871
0.2215,0.18500000000000003,w,D,1.1368106361284314,0.8645046289407652,0.9985902431124575
0.2215,0.18500000000000003,w,mixed,0.5504429819178909,1.33919316707977,0.9996696934754218
0.2215,0.18500000000000003,w,beta,0.28265831574049477,1.7668617079171318,0.9979604093893966
0.2215,0.18500000000000003,xw,no,1.2800562358447014,0.8727779638188297,0.9999270365868758
0.2215,0.18500000000000003,xw,D,1.0598681450197491,1.0,1.0
0.2215,0.18500000000000003,xw,mixed,0.5725700912476571,1.402437542614516,0.999554331434279
0.2215,0.18500000000000003,xw,beta,0.31775322943025913,1.7785504998421602,0.9960818740839643
0.2215,0.21000000000000002,,no,2.4885976858218966,0.0,0.0
0.2215,0.21000000000000002,,D,2.1373504138430355,0.09697728199616994,0.9837043855572133
0.2215,0.21000000000000002,,mixed,0.8446019191434758,0.7395420863296257,0.9882044132793493
0.2215,0.21000000000000002,,beta,0.2653724944780822,1.485804340259348,0.9980875060658438
0.2215,0.21000000000000002,x,no,1.7329293166298174,0.4258740221772952,0.9594601003875713
0.2215,0.21000000000000002,x,D,2.0921263292979453,0.24587973155138929,0.6618004098313196
0.2215,0.21000000000000002,x,mixed,0.8311544479755507,0.8926393708949422,0.9994164102596186
0.2215,0.21000000000000002,x,beta,0.29483916658111486,1.5504551002475828,0.9946282072746077
0.2215,0.21000000000000002,w,no,1.7084739537012306,0.6322405664400869,0.9989629408282445
0.2215,0.21000000000000002,w,D,1.2210812208692177,0.8687700845387286,0.9987760108133895
0.2215,0.21000000000000002,w,mixed,0.626426091796336,1.3070136388177427,0.9998640454853965
0.2215,0.21000000000000002,w,beta,0.32721904258407947,1.721519582932907,0.9980129166962138
0.2215,0.21000000000000002,xw,no,1.4398083363111522,0.868013316561051,0.9999371347515685
0.2215,0.21000000000000002,xw,D,1.183385526579329,0.9999999999999999,1.0
0.2215,0.21000000000000002,xw,mixed,0.6786113089608673,1.3637861185701194,0.9996932350277079
0.2215,0.21000000000000002,xw,beta,0.3873981420076062,1.71970290333858,0.9957699535001691
0.2215,0.23500000000000001,,no,2.4885976858218966,0.0,0.0
0.2215,0.23500000000000001,,D,2.1373504138430355,0.09697728199616994,0.9837043855572133
0.2215,0.23500000000000001,,mixed,0.8446019191434758,0.7395420863296257,0.9882044132793493
0.2215,0.23500000000000001,,beta,0.2653724944780822,1.485804340259348,0.9980875060658438
0.2215,0.23500000000000001,x,no,1.692883785829194,0.4773934716147837,0.9658175453846274
0.2215,0.23500000000000001,x,D,2.205369858819553,0.24066531145072462,0.5291023756102944
0.2215,0.23500000000000001,x,mixed,0.875236609942618,0.8936847392344469,0.9994824721327658
0.2215,0.23500000000000001,x,beta,0.30630128637454945,1.554110334799525,0.992091078217928
0.2215,0.23500000000000001,w,no,1.8560087982003475,0.6243795199085004,0.9993434972317402
0.2215,0.23500000000000001,w,D,1.299780846872105,0.872510600123656,0.9989206630465057
0.2215,0.23500000000000001,w,mixed,0.6965534123234957,1.2827343735040178,0.9998287758060294
0.2215,0.23500000000000001,w,beta,0.3724625984850278,1.6813667167587263,0.9980135416813288
0.2215,0.23500000000000001,xw,no,1.5965069127240052,0.8641568370763918,0.9999453937729081
0.2215,0.23500000000000001,xw,D,1.3043828708043856,1.0,1.0
0.2215,0.23500000000000001,xw,mixed,0.7857829961845393,1.331873924604407,0.9997873103487437
0.2215,0.23500000000000001,xw,beta,0.4607370146067005,1.6693036499100415,0.9955026592806506
0.2215,0.26,,no,2.4885976858218966,0.0,0.0
0.2215,0.26,,D,2.1373504138430355,0.09697728199616994,0.9837043855572133
0.2215,0.26,,mixed,0.8446019191434758,0.7395420863296257,0.9882044132793493
0.2215,0.26,,beta,0.2653724944780822,1.485804340259348,0.9980875060658438
0.2215,0.26,x,no,1.66392946639823,0.5240424316876929,0.9713685691786489
0.2215,0.26,x,D,2.264560494884107,0.25915133549316877,0.4984554475795063
0.2215,0.26,x,mixed,0.9201539225866132,0.8956413523195276,0.9995467863564107
0.2215,0.26,x,beta,0.36405085946514637,1.4873474123123616,0.9941243323461268
0.2215,0.26,w,no,1.9912943288818472,0.6196881308578047,0.9996180711257615
0.2215,0.26,w,D,1.374055712405858,0.8758834387253871,0.9990366897189216
0.2215,0.26,w,mixed,0.7630116941787105,1.2630733309964572,0.9998015689239038
0.2215,0.26,w,beta,0.41761457811667657,1.6463535063027486,0.9980059595732063
0.2215,0.26,xw,no,1.7502467214759818,0.8610645004518899,0.9999533562669177
0.2215,0.26,xw,D,1.4231239423926476,1.0,1.0
0.2215,0.26,xw,mixed,0.8931581672573254,1.3053178492179882,0.9998460472319916
0.2215,0.26,xw,beta,0.5376235518102546,1.625207039059741,0.9953536855076534
0.2215,0.28500000000000003,,no,2.4885976858218966,0.0,0.0
0.2215,0.28500000000000003,,D,2.1373504138430355,0.09697728199616994,0.9837043855572133
0.2215,0.28500000000000003,,mixed,0.8446019191434758,0.7395420863296257,0.9882044132793493
0.2215,0.28500000000000003,,beta,0.2653724944780822,1.485804340259348,0.9980875060658438
0.2215,0.28500000000000003,x,no,1.6452423431928471,0.5658008429301622,0.976114244996868
0.2215,0.28500000000000003,x,D,2.1360084866844193,0.3462651799726329,0.7298016650075481
0.2215,0.28500000000000003,x,mixed,0.9657681774818698,0.8982423129924195,0.9996058494224456
0.2215,0.28500000000000003,x,beta,0.452665829158479,1.396515909134185,0.9976061257283432
0.2215,0.28500000000000003,w,no,2.115851916793662,0.6174148089938685,0.9997914868784162
0.2215,0.28500000000000003,w,D,1.4447497741235442,0.8789923314717515,0.9991319774370815
0.2215,0.28500000000000003,w,mixed,0.8270411673880259,1.2464088334077161,0.9997885578812297
0.2215,0.28500000000000003,w,beta,0.462674149192219,1.6154493135292254,0.9980012433674611
0.2215,0.28500000000000003,xw,no,1.9010697456648218,0.8586437005543224,0.9999615185207865
0.2215,0.28500000000000003,xw,D,1.5398331455334808,1.0,1.0
0.2215,0.28500000000000003,xw,mixed,1.0003058992874134,1.2829330902284477,0.9998841554232497
0.2215,0.28500000000000003,xw,beta,0.6454181598650874,1.5630183215067994,0.9979967161712487
0.2215,0.31000000000000005,,no,2.4885976858218966,0.0,0.0
0.2215,0.31000000000000005,,D,2.1373504138430355,0.09697728199616994,0.9837043855572133
0.2215,0.31000000000000005,,mixed,0.8446019191434758,0.7395420863296257,0.9882044132793493
0.2215,0.31000000000000005,,beta,0.2653724944780822,1.485804340259348,0.9980875060658438
0.2215,0.31000000000000005,x,no,1.6357624882930888,0.6028914304449099,0.9801118663693753
0.2215,0.31000000000000005,x,D,1.9823196951752051,0.4433455320670245,0.9812072873267453
0.2215,0.31000000000000005,x,mixed,1.0119763653100966,0.9012642563630443,0.9996579825290676
0.2215,0.31000000000000005,x,beta,0.5060814022109769,1.3612435191409944,0.9972076870029777
0.2215,0.31000000000000005,w,no,2.2310505343965708,0.616999276653996,0.9998774959319595
0.2215,0.31000000000000005,w,D,1.5125017229298234,0.8819059671113588,0.9992117320478009
0.2215,0.31000000000000005,w,mixed,0.8891535554197971,1.2319986701047234,0.9997834477738602
0.2215,0.31000000000000005,w,beta,0.5077409134435522,1.5878032596088105,0.9980011853941831
0.2215,0.31000000000000005,xw,no,2.0490070859252185,0.856822920183301,0.9999697091820909
0.2215,0.31000000000000005,xw,D,1.6547118494789113,1.0,1.0
0.2215,0.31000000000000005,xw,mixed,1.107008849774038,1.2638199566277384,0.9999102077271124
0.2215,0.31000000000000005,xw,beta,0.7349798541146749,1.5260304771450477,0.9983651591275117
0.2215,0.335,,no,2.4885976858218966,0.0,0.0
0.2215,0.335,,D,2.1373504138430355,0.09697728199616994,0.9837043855572133
0.2215,0.335,,mixed,0.8446019191434758,0.7395420863296257,0.9882044132793493
0.2215,0.335,,beta,0.2653724944780822,1.485804340259348,0.9980875060658438
0.2215,0.335,x,no,1.634370033861158,0.6356753521800261,0.983445365349797
0.2215,0.335,x,D,1.9849355654603278,0.4788578936807522,0.9819485821758845
0.2215,0.335,x,mixed,1.058698773067469,0.9045294476576423,0.9997027997909235
0.2215,0.335,x,beta,0.5549273083375132,1.3358055026941695,0.9969569891704031
0.2215,0.335,w,no,2.3380979625673746,0.6180176704861936,0.999892980460908
0.2215,0.335,w,D,1.577805966576724,0.884670081575264,0.9992795244947795
0.2215,0.335,w,mixed,0.9496802706630265,1.2193716203369862,0.9997826398937301
0.2215,0.335,w,beta,0.5526861568357885,1.5630040510908694,0.997986929553058
0.2215,0.335,xw,no,2.19410004318457,0.8555394621296664,0.9999774242855678
0.2215,0.335,xw,D,1.7679449217696561,1.0,1.0
0.2215,0.335,xw,mixed,1.2131589992008667,1.2473077532456,0.999928815130804
0.2215,0.335,xw,beta,0.8242577693025688,1.4948861999694825,0.9985738769591805
0.2215,0.36000000000000004,,no,2.4885976858218966,0.0,0.0
0.2215,0.36000000000000004,,D,2.1373504138430355,0.09697728199616994,0.9837043855572133
0.2215,0.36000000000000004,,mixed,0.8446019191434758,0.7395420863296257,0.9882044132793493
0.2215,0.36000000000000004,,beta,0.2653724944780822,1.485804340259348,0.9980875060658438
0.2215,0.36000000000000004,x,no,1.639987614607248,0.6645769903631789,0.9862065553417425
0.2215,0.36000000000000004,x,D,1.9945403872306597,0.5106140955401164,0.9833687813604453
0.2215,0.36000000000000004,x,mixed,1.105870687658125,0.9079026072797203,0.9997406899803989
0.2215,0.36000000000000004,x,beta,0.5961320840573455,1.3207239937776551,0.9965035957622229
0.2215,0.36000000000000004,w,no,2.4380482236702457,0.62014519984666,0.9998547195022364
0.2215,0.36000000000000004,w,D,1.64105282665352,0.8873151790352674,0.9993378872746369
0.2215,0.36000000000000004,w,mixed,1.008865694908071,1.20819621137834,0.999784249830841
0.2215,0.36000000000000004,w,beta,0.5976899980420216,1.540451411706837,0.9979854344162254
0.2215,0.36000000000000004,xw,no,2.3364082877272594,0.8547351252473866,0.9999840736699438
0.2215,0.36000000000000004,xw,D,1.8797029242010763,0.9999999999999999,1.0
0.2215,0.36000000000000004,xw,mixed,1.3187132002390975,1.2328922751417006,0.9999425693305724
0.2215,0.36000000000000004,xw,beta,0.9128161328973767,1.468464436929893,0.9986455157383504
0.2215,0.385,,no,2.4885976858218966,0.0,0.0
0.2215,0.385,,D,2.1373504138430355,0.09697728199616994,0.9837043855572133
0.2215,0.385,,mixed,0.8446019191434758,0.7395420863296257,0.9882044132793493
0.2215,0.385,,beta,0.2653724944780822,1.485804340259348,0.9980875060658438
0.2215,0.385,x,no,1.6516325550965365,0.6900340535463229,0.9884843622134591
0.2215,0.385,x,D,2.01060458771911,0.5386053178837977,0.9841201103692777
0.2215,0.385,x,mixed,1.15343705699559,0.9112850440077086,0.9997724275301193
0.2215,0.385,x,beta,0.6521153272487763,1.295385816433354,0.9967691322431742
0.2215,0.385,w,no,2.5318157157747385,0.6231302448477798,0.9997777779784848
0.2215,0.385,w,D,1.7025556630553713,0.8898615975355765,0.9993886691761538
0.2215,0.385,w,mixed,1.0669031717611002,1.1982250765215996,0.9997872288306701
0.2215,0.385,w,beta,0.642743615596054,1.5198383385549656,0.9979872167785274
0.2215,0.385,xw,no,2.47601097509274,0.8543550907515017,0.9999891354265298
0.2215,0.385,xw,D,1.9901426831034343,0.9999999999999999,1.0
0.2215,0.385,xw,mixed,1.4236662622440062,1.2201900937717878,0.999953000951876
0.2215,0.385,xw,beta,1.0035607379658966,1.4442105099323161,0.9987847991612019
0.2215,0.41000000000000003,,no,2.4885976858218966,0.0,0.0
0.2215,0.41000000000000003,,D,2.1373504138430355,0.09697728199616994,0.9837043855572133
0.2215,0.41000000000000003,,mixed,0.8446019191434758,0.7395420863296257,0.9882044132793493
0.2215,0.41000000000000003,,beta,0.2653724944780822,1.485804340259348,0.9980875060658438
0.2215,0.41000000000000003,x,no,1.668434707754468,0.7124682359463944,0.990359408916958
0.2215,0.41000000000000003,x,D,2.0317629901318086,0.5636070017653739,0.9852979551806785
0.2215,0.41000000000000003,x,mixed,1.201349034585661,0.914608045755782,0.9997989167603851
0.2215,0.41000000000000003,x,beta,0.7004146278573724,1.279149113481313,0.9967513110353902
0.2215,0.41000000000000003,w,no,2.6201913600581532,0.6267760432082261,0.9996748661395288
0.2215,0.41000000000000003,w,D,1.7625696835311302,0.8923228691745921,0.9994332542698607
0.2215,0.41000000000000003,w,mixed,1.1239468938547732,1.1892689874356615,0.9997910655751221
0.2215,0.41000000000000003,w,beta,0.6875230252986124,1.5011593293454437,0.9979613889692865
0.2215,0.41000000000000003,xw,no,2.613004355744056,0.8543479531850491,0.9999922340854006
0.2215,0.41000000000000003,xw,D,2.09940746277722,0.9999999999999999,1.0
0.2215,0.41000000000000003,xw,mixed,1.5280386807066366,1.2089044316586737,0.9999610832779702
0.2215,0.41000000000000003,xw,beta,1.0941473183003938,1.4228997878164653,0.9988702934902391
0.2215,0.43500000000000005,,no,2.4885976858218966,0.0,0.0
0.2215,0.43500000000000005,,D,2.1373504138430355,0.09697728199616994,0.9837043855572133
0.2215,0.43500000000000005,,mixed,0.8446019191434758,0.7395420863296257,0.9882044132793493
0.2215,0.43500000000000005,,beta,0.2653724944780822,1.485804340259348,0.9980875060658438
0.2215,0.43500000000000005,x,no,1.6896424760385027,0.7322674601715159,0.9919019082276217
0.2215,0.43500000000000005,x,D,2.057132624003739,0.5860108532566878,0.9865920665160816
0.2215,0.43500000000000005,x,mixed,1.24956223142479,0.9178263399679377,0.9998210427902561
0.2215,0.43500000000000005,x,beta,0.7492610335956215,1.2644265590386587,0.9968088797639754
0.2215,0.43500000000000005,w,no,2.703858502824277,0.6309275130862395,0.999556243229935
0.2215,0.43500000000000005,w,D,1.8213053000151513,0.8947079742765606,0.999472701667583
0.2215,0.43500000000000005,w,mixed,1.1801277653539668,1.1811768494086938,0.9997953967417291
0.2215,0.43500000000000005,w,beta,0.732657200216523,1.4837038617543665,0.9979766428851196
0.2215,0.43500000000000005,xw,no,2.7474980478044677,0.8546660084719979,0.999993164394192
0.2215,0.43500000000000005,xw,D,2.207627225617286,0.9999999999999999,1.0
0.2215,0.43500000000000005,xw,mixed,1.631863907474087,1.1988032845164878,0.9999674517089217
0.2215,0.43500000000000005,xw,beta,1.1846564750870516,1.4039585329465802,0.9989080347888563
0.2215,0.46,,no,2.4885976858218966,0.0,0.0
0.2215,0.46,,D,2.1373504138430355,0.09697728199616994,0.9837043855572133
0.2215,0.46,,mixed,0.8446019191434758,0.7395420863296257,0.9882044132793493
0.2215,0.46,,beta,0.2653724944780822,1.485804340259348,0.9980875060658438
0.2215,0.46,x,no,1.714610692698537,0.7497803579517246,0.9931714407315541
0.2215,0.46,x,D,2.0862346117122885,0.6059909651449368,0.9876253116608676
0.2215,0.46,x,mixed,1.2980365847708364,0.9209120322059496,0.9998395949505793
0.2215,0.46,x,beta,0.797719629622636,1.2515779415100987,0.9968745170084351
0.2215,0.46,w,no,2.783407573417788,0.6354616167738744,0.999429899831444
0.2215,0.46,w,D,1.8789378260425618,0.897022864297337,0.999507837422879
0.2215,0.46,w,mixed,1.235552849892736,1.173828358269225,0.9998000773173229
0.2215,0.46,w,beta,0.7776061839868618,1.4677092223344308,0.9979716775861552
0.2215,0.46,xw,no,2.8796110618582587,0.8552654878764527,0.9999918813139294
0.2215,0.46,xw,D,2.314919114271182,0.9999999999999998,1.0
0.2215,0.46,xw,mixed,1.7351830979197624,1.1897026101315986,0.9999725420066166
0.2215,0.46,xw,beta,1.2762476254072546,1.3865050424709304,0.9989754192665623
0.2215,0.48500000000000004,,no,2.4885976858218966,0.0,0.0
0.2215,0.48500000000000004,,D,2.1373504138430355,0.09697728199616994,0.9837043855572133
0.2215,0.48500000000000004,,mixed,0.8446019191434758,0.7395420863296257,0.9882044132793493
0.2215,0.48500000000000004,,beta,0.2653724944780822,1.485804340259348,0.9980875060658438
0.2215,0.48500000000000004,x,no,1.742792192584284,0.7653136134679153,0.9942177029719388
0.2215,0.48500000000000004,x,D,2.118159890961676,0.6240379605913544,0.9886156267267796
0.2215,0.48500000000000004,x,mixed,1.3467353199040017,0.9238501455560747,0.9998552458051974
0.2215,0.48500000000000004,x,beta,0.8460429332662042,1.2401494793320724,0.9969611007197323
0.2215,0.48500000000000004,w,no,2.859349131741884,0.6402802099141165,0.999301860811158
0.2215,0.48500000000000004,w,D,1.9356146463163044,0.8992714993371944,0.9995393166162462
0.2215,0.48500000000000004,w,mixed,1.2903142482744725,1.1671245546639522,0.9998049946307696
0.2215,0.48500000000000004,w,beta,0.8225705630491095,1.4528729340233901,0.997961980778204
0.2215,0.48500000000000004,xw,no,3.0094681488005923,0.8561066456604668,0.9999884724313685
0.2215,0.48500000000000004,xw,D,2.421388144801809,0.9999999999999999,1.0
0.2215,0.48500000000000004,xw,mixed,1.8380385069250442,1.1814553670470267,0.9999766530384698
0.2215,0.48500000000000004,xw,beta,1.3673449515082075,1.3709370309201754,0.998992892810561
0.2215,0.51,,no,2.4885976858218966,0.0,0.0
0.2215,0.51,,D,2.1373504138430355,0.09697728199616994,0.9837043855572133
0.2215,0.51,,mixed,0.8446019191434758,0.7395420863296257,0.9882044132793493
0.2215,0.51,,beta,0.2653724944780822,1.485804340259348,0.9980875060658438
0.2215,0.51,x,no,1.7737232350022245,0.7791342870342065,0.9950816744211571
0.2215,0.51,x,D,2.1523075000033653,0.6404544056786662,0.9894966819395894
0.2215,0.51,x,mixed,1.3956258077334296,0.9266344543348536,0.9998685457449935
0.2215,0.51,x,beta,0.8950776653563971,1.229428906582065,0.9970645151134199
0.2215,0.51,w,no,2.932125241224926,0.6453046671485722,0.9991765196937534
0.2215,0.51,w,D,1.9914606197342664,0.9014565544801003,0.9995676663403159
0.2215,0.51,w,mixed,1.3444917617658243,1.1609831195638731,0.9998100577838009
0.2215,0.51,w,beta,0.8675207105237843,1.4390886130532938,0.9979550349411276
0.2215,0.51,xw,no,3.137196678788991,0.857153708172077,0.9999831239846315
0.2215,0.51,xw,D,2.5271280503414193,0.9999999999999998,1.0
0.2215,0.51,xw,mixed,1.9404736180372733,1.173942068638272,0.9999800054015452
0.2215,0.51,xw,beta,1.459390404745991,1.3564426499072075,0.9990377420268967
0.262,0.01,,no,2.4885976858218966,0.0,0.0
0.262,0.01,,D,2.20123883410888,0.08657978446293157,0.9756977826822137
0.262,0.01,,mixed,0.875374001259036,0.800850827832287,0.9927112865920164
0.262,0.01,,beta,0.33398405899775385,1.4971591651339717,0.9995170963716458
0.262,0.01,x,no,2.2333847135937526,0.007178947683636055,0.9471374768779656
0.262,0.01,x,D,1.6355606564589542,0.2240626295462378,0.9666636381502599
0.262,0.01,x,mixed,0.6238806671232143,0.9627866212973345,0.9997791037762621
0.262,0.01,x,beta,0.2594267658763659,1.614791888077049,0.999725351049103
0.262,0.01,w,no,0.3803589079890911,0.11562648124312894,0.7858808859751071
0.262,0.01,w,D,0.38685267133589424,0.10711414197408506,0.6629853948005335
0.262,0.01,w,mixed,0.1425263979130726,0.9005635952830626,0.7386613979803474
0.262,0.01,w,beta,0.019577774328905465,2.2505873383673145,0.9052036372045313
0.262,0.01,xw,no,0.06690004353164747,0.9965292080398417,0.9999990093629337
0.262,0.01,xw,D,0.0666005481139087,1.0,1.0
0.262,0.01,xw,mixed,0.017745342488370175,1.9880435048396954,0.9999985829296297
0.262,0.01,xw,beta,0.005158247243284374,2.9231051383309423,0.9999539603301186
0.262,0.035,,no,2.4885976858218966,0.0,0.0
0.262,0.035,,D,2.20123883410888,0.08657978446293157,0.9756977826822137
0.262,0.035,,mixed,0.875374001259036,0.800850827832287,0.9927112865920164
0.262,0.035,,beta,0.33398405899775385,1.4971591651339717,0.9995170963716458
0.262,0.035,x,no,2.1987107237807066,0.03578309682629985,0.9298368550663707
0.262,0.035,x,D,1.6773248563984606,0.21933757693665057,0.9650417808995304
0.262,0.035,x,mixed,0.6453845859746955,0.9521007170532372,0.9997194941737138
0.262,0.035,x,beta,0.2687007145309005,1.6021160890860626,0.9997162118897398
0.262,0.035,w,no,0.25508448606799683,0.9661075176483542,0.9973640283013305
0.262,0.035,w,D,0.2544780553568734,0.9609447287947027,0.9981206138119801
0.262,0.035,w,mixed,0.08985553797522762,1.771805273896358,0.9948138011262168
0.262,0.035,w,beta,0.039976831670732814,2.4236202613161333,0.9957035482309435
0.262,0.035,xw,no,0.24057045278203712,0.9674003860002639,0.9999341333368272
0.262,0.035,xw,D,0.23068637134507833,0.9999999999999999,1.0
0.262,0.035,xw,mixed,0.07056934448900064,1.8878499216740239,0.9998986157673254
0.262,0.035,xw,beta,0.030886343095217386,2.5485991868458537,0.9990516662845623
0.262,0.060000000000000005,,no,2.4885976858218966,0.0,0.0
0.262,0.060000000000000005,,D,2.20123883410888,0.08657978446293157,0.9756977826822137
0.262,0.060000000000000005,,mixed,0.875374001259036,0.800850827832287,0.9927112865920164
0.262,0.060000000000000005,,beta,0.33398405899775385,1.4971591651339717,0.9995170963716458
0.262,0.060000000000000005,x,no,2.1424813038388884,0.07751833658457281,0.9246036187601794
0.262,0.060000000000000005,x,D,1.7225345121997881,0.21767179603637885,0.9639719875370237
0.262,0.060000000000000005,x,mixed,0.6703644129390635,0.9424259822345036,0.9996631452886563
0.262,0.060000000000000005,x,beta,0.2800392072668351,1.5886794721032345,0.999680645427271
0.262,0.060000000000000005,w,no,0.4949377805918643,0.8511742961341381,0.9972215043095374
0.262,0.060000000000000005,w,D,0.4917621102869737,0.875459075788835,0.9981426285431895
0.262,0.060000000000000005,w,mixed,0.1633776364136477,1.6856514656456338,0.9992809276594619
0.262,0.060000000000000005,w,beta,0.08577488575550213,2.206829137832704,0.9979258073101257
0.262,0.060000000000000005,xw,no,0.4220607158881493,0.9350744108662207,0.999836013818719
0.262,0.060000000000000005,xw,D,0.3882483884175595,0.9999999999999999,1.0
0.262,0.060000000000000005,xw,mixed,0.13916555122507637,1.7689991191550938,0.9996786684360386
0.262,0.060000000000000005,xw,beta,0.07272531602741343,2.2921220839987617,0.9981646607636938
0.262,0.085,,no,2.4885976858218966,0.0,0.0
0.262,0.085,,D,2.20123883410888,0.08657978446293157,0.9756977826822137
0.262,0.085,,mixed,0.875374001259036,0.800850827832287,0.9927112865920164
0.262,0.085,,beta,0.33398405899775385,1.4971591651339717,0.9995170963716458
0.262,0.085,x,no,2.07199621862695,0.1292139792999369,0.9258010832041844
0.262,0.085,x,D,1.7703098288697068,0.21910463761563118,0.963668279298961
0.262,0.085,x,mixed,0.6985658216113885,0.9339449541259358,0.9996137769967522
0.262,0.085,x,beta,0.2933523095550728,1.5748348992270713,0.9996134932912227
0.262,0.085,w,no,0.7382933267104439,0.7736016858273292,0.9974337749524205
0.262,0.085,w,D,0.6713354500776336,0.8673013750475254,0.9977280488412988
0.262,0.085,w,mixed,0.24830075998676623,1.5934520422298395,0.9994489228879533
0.262,0.085,w,beta,0.13757031059456362,2.060141299564129,0.9981815497357128
0.262,0.085,xw,no,0.6029834507005212,0.9119847490438283,0.9998230570753915
0.262,0.085,xw,D,0.538163958572189,0.9999999999999999,1.0
0.262,0.085,xw,mixed,0.21990105494417395,1.6688423446112968,0.9995158201052707
0.262,0.085,xw,beta,0.12401272370359014,2.1233783422830506,0.9976646397047328
0.262,0.11,,no,2.4885976858218966,0.0,0.0
0.262,0.11,,D,2.20123883410888,0.08657978446293157,0.9756977826822137
0.262,0.11,,mixed,0.875374001259036,0.800850827832287,0.9927112865920164
0.262,0.11,,beta,0.33398405899775385,1.4971591651339717,0.9995170963716458
0.262,0.11,x,no,1.994900269710487,0.187404790057993,0.9306225246608613
0.262,0.11,x,D,1.8197830444736502,0.22357800595761113,0.9642541238642119
0.262,0.11,x,mixed,0.7297098994859217,0.9267671357701625,0.9995740671632144
0.262,0.11,x,beta,0.3084263067496111,1.5610799444357553,0.9994979351921951
0.262,0.11,w,no,0.9653560677826897,0.7230622001000397,0.9972666228463906
0.262,0.11,w,D,0.8130405785988823,0.8733423283401754,0.9981974504708974
0.262,0.11,w,mixed,0.33588254178101146,1.5197003793039205,0.9994619868826055
0.262,0.11,w,beta,0.1909815285528658,1.9557103930750817,0.998177395447374
0.262,0.11,xw,no,0.7791965691068353,0.8967699247605992,0.9998554199800777
0.262,0.11,xw,D,0.6812912289290785,1.0,1.0
0.262,0.11,xw,mixed,0.30921034620032134,1.5883784188652976,0.9994576149868633
0.262,0.11,xw,beta,0.18184656933864984,2.0012491555853043,0.9973874828074138
0.262,0.135,,no,2.4885976858218966,0.0,0.0
0.262,0.135,,D,2.20123883410888,0.08657978446293157,0.9756977826822137
0.262,0.135,,mixed,0.875374001259036,0.800850827832287,0.9927112865920164
0.262,0.135,,beta,0.33398405899775385,1.4971591651339717,0.9995170963716458
0.262,0.135,x,no,1.9180364222838193,0.2487396017733024,0.9373597370674174
0.262,0.135,x,D,1.8701506969665882,0.230941218264383,0.9657199069167023
0.262,0.135,x,mixed,0.7635039309553415,0.9209305960546592,0.9995454467388465
0.262,0.135,x,beta,0.3250366299283312,1.547817034647599,0.99931801699512
0.262,0.135,w,no,1.1764006475048505,0.6872720443957495,0.9975069909223346
0.262,0.135,w,D,0.9363440479636762,0.8783405076233158,0.9985190999677838
0.262,0.135,w,mixed,0.4227699803171658,1.4613345228187122,0.9995839609757607
0.262,0.135,w,beta,0.24435675004421326,1.8767141092642363,0.9981899438783826
0.262,0.135,xw,no,0.9503097099012299,0.8863550618799041,0.999888942455331
0.262,0.135,xw,D,0.8189833393402813,0.9999999999999999,1.0
0.262,0.135,xw,mixed,0.40490671648794885,1.5232699967248085,0.99948095284235
0.262,0.135,xw,beta,0.245037810558599,1.9066567419480598,0.9972207796086362
0.262,0.16000000000000003,,no,2.4885976858218966,0.0,0.0
0.262,0.16000000000000003,,D,2.20123883410888,0.08657978446293157,0.9756977826822137
0.262,0.16000000000000003,,mixed,0.875374001259036,0.800850827832287,0.9927112865920164
0.262,0.16000000000000003,,beta,0.33398405899775385,1.4971591651339717,0.9995170963716458
0.262,0.16000000000000003,x,no,1.8467003554387138,0.310315440587399,0.9448703400922317
0.262,0.16000000000000003,x,D,1.92870996411442,0.2375264468119012,0.9607701576696299
0.262,0.16000000000000003,x,mixed,0.7996522857789459,0.9164099706440163,0.9995281398602822
0.262,0.16000000000000003,x,beta,0.3428411340839955,1.535522025526687,0.9990426447276686
0.262,0.16000000000000003,w,no,1.3701481067356223,0.6619703345737072,0.9979716644461707
0.262,0.16000000000000003,w,D,1.045968077213574,0.8824104722871174,0.9987468413832945
0.262,0.16000000000000003,w,mixed,0.5077592182388516,1.4141914468201149,0.9998112564890084
0.262,0.16000000000000003,w,beta,0.29710078494957737,1.8141182624328047,0.9982189253901351
0.262,0.16000000000000003,xw,no,1.1170333883374977,0.8787151473530685,0.9999122393449015
0.262,0.16000000000000003,xw,D,0.9523967356091808,1.0,1.0
0.262,0.16000000000000003,xw,mixed,0.505426732360672,1.4698657582213013,0.9995502585548437
0.262,0.16000000000000003,xw,beta,0.31292101730813937,1.8300910981386604,0.9971101412175295
0.262,0.18500000000000003,,no,2.4885976858218966,0.0,0.0
0.262,0.18500000000000003,,D,2.20123883410888,0.08657978446293157,0.9756977826822137
0.262,0.18500000000000003,,mixed,0.875374001259036,0.800850827832287,0.9927112865920164
0.262,0.18500000000000003,,beta,0.33398405899775385,1.4971591651339717,0.9995170963716458
0.262,0.18500000000000003,x,no,1.78438496496439,0.36987780949401333,0.9523938570702424
0.262,0.18500000000000003,x,D,2.0362922267141808,0.22603291903371914,0.8854933929332001
0.262,0.18500000000000003,x,mixed,0.837854182732092,0.9131367227801447,0.999522107609019
0.262,0.18500000000000003,x,beta,0.36142721495956415,1.5246441670634014,0.9986281395784171
0.262,0.18500000000000003,w,no,1.547060200338995,0.6442963898060556,0.9984900813375871
0.262,0.18500000000000003,w,D,1.1452653872060217,0.8857749309042947,0.9989147051788583
0.262,0.18500000000000003,w,mixed,0.5892533111432947,1.376385200283507,0.9999691772389256
0.262,0.18500000000000003,w,beta,0.3490961279566648,1.7626838265828282,0.9982691484180064
0.262,0.18500000000000003,xw,no,1.2800562358447014,0.8727779638188297,0.9999270365868758
0.262,0.18500000000000003,xw,D,1.0823562808415983,1.0,1.0
0.262,0.18500000000000003,xw,mixed,0.6094140803160444,1.425596036606594,0.9996332307292609
0.262,0.18500000000000003,xw,beta,0.38495095173487626,1.7662957907337464,0.997029728418086
0.262,0.21000000000000002,,no,2.4885976858218966,0.0,0.0
0.262,0.21000000000000002,,D,2.20123883410888,0.08657978446293157,0.9756977826822137
0.262,0.21000000000000002,,mixed,0.875374001259036,0.800850827832287,0.9927112865920164
0.262,0.21000000000000002,,beta,0.33398405899775385,1.4971591651339717,0.9995170963716458
0.262,0.21000000000000002,x,no,1.7329293166298174,0.4258740221772952,0.9594601003875713
0.262,0.21000000000000002,x,D,2.2551212539229644,0.1735913958075852,0.5294092291243012
0.262,0.21000000000000002,x,mixed,0.8778124894380717,0.9110112157520944,0.9995270525851605
0.262,0.21000000000000002,x,beta,0.38035609888252536,1.5155441159931762,0.9980224337965846
0.262,0.21000000000000002,w,no,1.7084739537012306,0.6322405664400869,0.9989629408282445
0.262,0.21000000000000002,w,D,1.2365989685267862,0.8886302188424968,0.999043163314812
0.262,0.21000000000000002,w,mixed,0.664797957507096,1.347433031742719,0.9999555955066912
0.262,0.21000000000000002,w,beta,0.40040848808506696,1.7192087846891548,0.9983303635897627
0.262,0.21000000000000002,xw,no,1.4398083363111522,0.868013316561051,0.9999371347515685
0.262,0.21000000000000002,xw,D,1.2094177550026997,0.9999999999999999,1.0
0.262,0.21000000000000002,xw,mixed,0.7156620294184696,1.3886099586854252,0.9997088486872466
0.262,0.21000000000000002,xw,beta,0.4606105118488421,1.7120641965176049,0.9969684038726773
0.262,0.23500000000000001,,no,2.4885976858218966,0.0,0.0
0.262,0.23500000000000001,,D,2.20123883410888,0.08657978446293157,0.9756977826822137
0.262,0.23500000000000001,,mixed,0.875374001259036,0.800850827832287,0.9927112865920164
0.262,0.23500000000000001,,beta,0.33398405899775385,1.4971591651339717,0.9995170963716458
0.262,0.23500000000000001,x,no,1.692883785829194,0.4773934716147837,0.9658175453846274
0.262,0.23500000000000001,x,D,2.5276894115940594,0.10646914680448012,0.17028604333798092
0.262,0.23500000000000001,x,mixed,0.9192613082638793,0.9099026181900828,0.9995413831538859
0.262,0.23500000000000001,x,beta,0.39915507133563005,1.508526906266683,0.9971655987187724
0.262,0.23500000000000001,w,no,1.8560087982003475,0.6243795199085004,0.9993434972317402
0.262,0.23500000000000001,w,D,1.3216606379054894,0.8911246784645704,0.9991446970416313
0.262,0.23500000000000001,w,mixed,0.7364297581118258,1.3237435244468554,0.9999404702103143
0.262,0.23500000000000001,w,beta,0.4508850930944048,1.6819653276094573,0.9983912916146095
0.262,0.23500000000000001,xw,no,1.5965069127240052,0.8641568370763918,0.9999453937729081
0.262,0.23500000000000001,xw,D,1.3339594412254165,0.9999999999999999,1.0
0.262,0.23500000000000001,xw,mixed,0.8232113646985916,1.3574676862051653,0.9997698527350235
0.262,0.23500000000000001,xw,beta,0.5394150615970059,1.6652673558387896,0.9969229803463046
0.262,0.26,,no,2.4885976858218966,0.0,0.0
0.262,0.26,,D,2.20123883410888,0.08657978446293157,0.9756977826822137
0.262,0.26,,mixed,0.875374001259036,0.800850827832287,0.9927112865920164
0.262,0.26,,beta,0.33398405899775385,1.4971591651339717,0.9995170963716458
0.262,0.26,x,no,1.66392946639823,0.5240424316876929,0.9713685691786489
0.262,0.26,x,D,2.8014665880396645,0.04513478048111425,0.02357678255015916
0.262,0.26,x,mixed,0.9619690252357369,0.9096637218377703,0.9995628146820816
0.262,0.26,x,beta,0.41744732906293497,1.5036989480581473,0.9960047590260164
0.262,0.26,w,no,1.9912943288818472,0.6196881308578047,0.9996180711257615
0.262,0.26,w,D,1.4016890677395155,0.8933645393614346,0.9992271524976744
0.262,0.26,w,mixed,0.8051535715419428,1.3036611642112448,0.9999309110131805
0.262,0.26,w,beta,0.5008884834844995,1.6492409356522761,0.9984623647897104
0.262,0.26,xw,no,1.7502467214759818,0.8610645004518899,0.9999533562669177
0.262,0.26,xw,D,1.4562533250053764,1.0,1.0
0.262,0.26,xw,mixed,0.9313821655768854,1.3310121530154428,0.9998169905955265
0.262,0.26,xw,beta,0.6209452006035592,1.6243859573197208,0.9968953490082425
0.262,0.28500000000000003,,no,2.4885976858218966,0.0,0.0
0.262,0.28500000000000003,,D,2.20123883410888,0.08657978446293157,0.9756977826822137
0.262,0.28500000000000003,,mixed,0.875374001259036,0.800850827832287,0.9927112865920164
0.262,0.28500000000000003,,beta,0.33398405899775385,1.4971591651339717,0.9995170963716458
0.262,0.28500000000000003,x,no,1.6452423431928471,0.5658008429301622,0.976114244996868
0.262,0.28500000000000003,x,D,2.717430487369918,0.11118653095583407,0.09157594865418239
0.262,0.28500000000000003,x,mixed,1.005738219695952,0.9101435494833087,0.9995889112470983
0.262,0.28500000000000003,x,beta,0.4416014742792687,1.4930542807496516,0.9955230462857548
0.262,0.28500000000000003,w,no,2.115851916793662,0.6174148089938685,0.9997914868784162
0.262,0.28500000000000003,w,D,1.4776111254171855,0.8954246260416379,0.9992956334344889
0.262,0.28500000000000003,w,mixed,0.871513940003378,1.2862956521640796,0.9999242350839374
0.262,0.28500000000000003,w,beta,0.5502809769257618,1.6203355423041805,0.998519396454927
0.262,0.28500000000000003,xw,no,1.9010697456648218,0.8586437005543224,0.9999615185207865
0.262,0.28500000000000003,xw,D,1.5765107324921186,1.0,1.0
0.262,0.28500000000000003,xw,mixed,1.0397166113111076,1.3083252925903717,0.999853157593157
0.262,0.28500000000000003,xw,beta,0.7045091264999681,1.5885481586276868,0.9968576257068005
0.262,0.31000000000000005,,no,2.4885976858218966,0.0,0.0
0.262,0.31000000000000005,,D,2.20123883410888,0.08657978446293157,0.9756977826822137
0.262,0.31000000000000005,,mixed,0.875374001259036,0.800850827832287,0.9927112865920164
0.262,0.31000000000000005,,beta,0.33398405899775385,1.4971591651339717,0.9995170963716458
0.262,0.31000000000000005,x,no,1.6357624882930888,0.6028914304449099,0.9801118663693753
0.262,0.31000000000000005,x,D,2.3704369166947417,0.26268808682319633,0.3008459061329518
0.262,0.31000000000000005,x,mixed,1.0504034359188779,0.9111969340206442,0.9996174637521461
0.262,0.31000000000000005,x,beta,0.5026213138261899,1.4437343750394274,0.9968172955126177
0.262,0.31000000000000005,w,no,2.2310505343965708,0.616999276653996,0.9998774959319595
0.262,0.31000000000000005,w,D,1.5501356962874024,0.8973569131895188,0.9993535717773229
0.262,0.31000000000000005,w,mixed,0.9358909483836729,1.27107025721494,0.9999189036728373
0.262,0.31000000000000005,w,beta,0.5993725504657144,1.5943264186067796,0.9985915954468124
0.262,0.31000000000000005,xw,no,2.0490070859252185,0.856822920183301,0.9999697091820909
0.262,0.31000000000000005,xw,D,1.6949087075419853,1.0,1.0
0.262,0.31000000000000005,xw,mixed,1.1479125311650578,1.2886885764769433,0.9998810781482225
0.262,0.31000000000000005,xw,beta,0.791008304674269,1.5560197802445739,0.9969361126008605
0.262,0.335,,no,2.4885976858218966,0.0,0.0
0.262,0.335,,D,2.20123883410888,0.08657978446293157,0.9756977826822137
0.262,0.335,,mixed,0.875374001259036,0.800850827832287,0.9927112865920164
0.262,0.335,,beta,0.33398405899775385,1.4971591651339717,0.9995170963716458
0.262,0.335,x,no,1.634370033861158,0.6356753521800261,0.983445365349797
0.262,0.335,x,D,2.702874612243117,0.193840273868253,0.19715616630672117
0.262,0.335,x,mixed,1.0958271526109156,0.9126912591640335,0.9996466898484451
0.262,0.335,x,beta,0.5673521433596567,1.3987738815259343,0.9991437935726267
0.262,0.335,w,no,2.3380979625673746,0.6180176704861936,0.999892980460908
0.262,0.335,w,D,1.6198151343268505,0.8991973468564313,0.9994033475038717
0.262,0.335,w,mixed,0.9985735356438483,1.2575804471378003,0.9999143319947174
0.262,0.335,w,beta,0.6479486578384351,1.570955412101809,0.9986431325491774
0.262,0.335,xw,no,2.19410004318457,0.8555394621296664,0.9999774242855678
0.262,0.335,xw,D,1.8116041224175223,0.9999999999999999,1.0
0.262,0.335,xw,mixed,1.255775495956054,1.27154138024447,0.9999028534624942
0.262,0.335,xw,beta,0.8964393762398188,1.5166323558254546,0.9984439006626566
0.262,0.36000000000000004,,no,2.4885976858218966,0.0,0.0
0.262,0.36000000000000004,,D,2.20123883410888,0.08657978446293157,0.9756977826822137
0.262,0.36000000000000004,,mixed,0.875374001259036,0.800850827832287,0.9927112865920164
0.262,0.36000000000000004,,beta,0.33398405899775385,1.4971591651339717,0.9995170963716458
0.262,0.36000000000000004,x,no,1.639987614607248,0.6645769903631789,0.9862065553417425
0.262,0.36000000000000004,x,D,1.9379961241347206,0.511376236525307,0.9563791093463567
0.262,0.36000000000000004,x,mixed,1.1418955674435733,0.9145101752118882,0.9996752905880882
0.262,0.36000000000000004,x,beta,0.6114745317435213,1.3780654726801127,0.9990495882696188
0.262,0.36000000000000004,w,no,2.4380482236702457,0.62014519984666,0.9998547195022364
0.262,0.36000000000000004,w,D,1.6870872871549083,0.9009705628878047,0.9994466582287397
0.262,0.36000000000000004,w,mixed,1.0597846081728175,1.2455313875890832,0.9999105154279954
0.262,0.36000000000000004,w,beta,0.6964301293787892,1.5495238987375035,0.9987160948194784
0.262,0.36000000000000004,xw,no,2.3364082877272594,0.8547351252473866,0.9999840736699438
0.262,0.36000000000000004,xw,D,1.9267406732865036,1.0,1.0
0.262,0.36000000000000004,xw,mixed,1.3631801252967028,1.2564471079588848,0.9999199585077977
0.262,0.36000000000000004,xw,beta,0.989615153788743,1.4894686942615096,0.998698234815305
0.262,0.385,,no,2.4885976858218966,0.0,0.0
0.262,0.385,,D,2.20123883410888,0.08657978446293157,0.9756977826822137
0.262,0.385,,mixed,0.875374001259036,0.800850827832287,0.9927112865920164
0.262,0.385,,beta,0.33398405899775385,1.4971591651339717,0.9995170963716458
0.262,0.385,x,no,1.6516325550965365,0.6900340535463229,0.9884843622134591
0.262,0.385,x,D,1.9373939814110996,0.5458407698201978,0.961189137586098
0.262,0.385,x,mixed,1.1885141763370661,0.9165551766021248,0.9997024149200179
0.262,0.385,x,beta,0.6565811127672982,1.3590852290408373,0.9990085277029627
0.262,0.385,w,no,2.5318157157747385,0.6231302448477798,0.9997777779784848
0.262,0.385,w,D,1.7523045496375724,0.9026932372636194,0.9994847462239478
0.262,0.385,w,mixed,1.1197124436013615,1.2346943898040346,0.9999074295168748
0.262,0.385,w,beta,0.7445088278586125,1.5300102815293721,0.9987698119703551
0.262,0.385,xw,no,2.47601097509274,0.8543550907515017,0.9999891354265298
0.262,0.385,xw,D,2.0404520405645745,1.0,1.0
0.262,0.385,xw,mixed,1.470052983524596,1.2430615832549832,0.9999334770957239
0.262,0.385,xw,beta,1.0822307954000954,1.4658345408522349,0.9988329612595659
0.262,0.41000000000000003,,no,2.4885976858218966,0.0,0.0
0.262,0.41000000000000003,,D,2.20123883410888,0.08657978446293157,0.9756977826822137
0.262,0.41000000000000003,,mixed,0.875374001259036,0.800850827832287,0.9927112865920164
0.262,0.41000000000000003,,beta,0.33398405899775385,1.4971591651339717,0.9995170963716458
0.262,0.41000000000000003,x,no,1.668434707754468,0.7124682359463944,0.990359408916958
0.262,0.41000000000000003,x,D,1.9458569230537592,0.5755889329024189,0.9652131683032575
0.262,0.41000000000000003,x,mixed,1.2356038561235503,0.9187454577327047,0.9997275784772088
0.262,0.41000000000000003,x,beta,0.6952535478722266,1.3472147792408125,0.9987863184068587
0.262,0.41000000000000003,w,no,2.6201913600581532,0.6267760432082261,0.9996748661395288
0.262,0.41000000000000003,w,D,1.8157543947397796,0.9043764463558343,0.9995185418843631
0.262,0.41000000000000003,w,mixed,1.1785171882260776,1.2248885371467015,0.9999050244953714
0.262,0.41000000000000003,w,beta,0.7923784862309016,1.5120456789684122,0.9988212077263208
0.262,0.41000000000000003,xw,no,2.613004355744056,0.8543479531850491,0.9999922340854006
0.262,0.41000000000000003,xw,D,2.152863140555006,0.9999999999999999,1.0
0.262,0.41000000000000003,xw,mixed,1.5763611727554727,1.2311097606512404,0.9999442433038352
0.262,0.41000000000000003,xw,beta,1.1757695750771908,1.4443865017883555,0.9989705445680028
0.262,0.43500000000000005,,no,2.4885976858218966,0.0,0.0
0.262,0.43500000000000005,,D,2.20123883410888,0.08657978446293157,0.9756977826822137
0.262,0.43500000000000005,,mixed,0.875374001259036,0.800850827832287,0.9927112865920164
0.262,0.43500000000000005,,beta,0.33398405899775385,1.4971591651339717,0.9995170963716458
0.262,0.43500000000000005,x,no,1.6896424760385027,0.7322674601715159,0.9919019082276217
0.262,0.43500000000000005,x,D,1.961582345313803,0.6014752275887738,0.9688782846075339
0.262,0.43500000000000005,x,mixed,1.283098169561158,0.9210164082501486,0.9997505637286753
0.262,0.43500000000000005,x,beta,0.7466839331058255,1.3274363274290109,0.9988910119318645
0.262,0.43500000000000005,w,no,2.703858502824277,0.6309275130862395,0.999556243229935
0.262,0.43500000000000005,w,D,1.8776741521271583,0.9060273376746605,0.9995487568125718
0.262,0.43500000000000005,w,mixed,1.2363354489457432,1.2159685107938827,0.9999032379863175
0.262,0.43500000000000005,w,beta,0.8402094524686469,1.495346602238619,0.9988839385744341
0.262,0.43500000000000005,xw,no,2.7474980478044677,0.8546660084719979,0.999993164394192
0.262,0.43500000000000005,xw,D,2.2640905321719997,1.0,1.0
0.262,0.43500000000000005,xw,mixed,1.6820992843007265,1.2203703715107985,0.9999528897013554
0.262,0.43500000000000005,xw,beta,1.2690455440591668,1.425263028019243,0.9990498645996954
0.262,0.46,,no,2.4885976858218966,0.0,0.0
0.262,0.46,,D,2.20123883410888,0.08657978446293157,0.9756977826822137
0.262,0.46,,mixed,0.875374001259036,0.800850827832287,0.9927112865920164
0.262,0.46,,beta,0.33398405899775385,1.4971591651339717,0.9995170963716458
0.262,0.46,x,no,1.714610692698537,0.7497803579517246,0.9931714407315541
0.262,0.46,x,D,1.9829171409202915,0.6241692771736008,0.9720067381682757
0.262,0.46,x,mixed,1.3309404106986462,0.923317910758053,0.999771342829099
0.262,0.46,x,beta,0.7919898799071676,1.3139147794825938,0.9988312522041198
0.262,0.46,w,no,2.783407573417788,0.6354616167738744,0.999429899831444
0.262,0.46,w,D,1.9382618469679094,0.9076503143707294,0.9995759456991126
0.262,0.46,w,mixed,1.2932843695604301,1.2078159110684357,0.9999020029854874
0.262,0.46,w,beta,0.8878110980696444,1.4798958117176535,0.9989352352678538
0.262,0.46,xw,no,2.8796110618582587,0.8552654878764527,0.9999918813139294
0.262,0.46,xw,D,2.3742425299099796,0.9999999999999999,1.0
0.262,0.46,xw,mixed,1.7872800155590403,1.2106641479073164,0.9999598936186
0.262,0.46,xw,beta,1.363062524764495,1.4076917512314469,0.9991395325655241
0.262,0.48500000000000004,,no,2.4885976858218966,0.0,0.0
0.262,0.48500000000000004,,D,2.20123883410888,0.08657978446293157,0.9756977826822137
0.262,0.48500000000000004,,mixed,0.875374001259036,0.800850827832287,0.9927112865920164
0.262,0.48500000000000004,,beta,0.33398405899775385,1.4971591651339717,0.9995170963716458
0.262,0.48500000000000004,x,no,1.742792192584284,0.7653136134679153,0.9942177029719388
0.262,0.48500000000000004,x,D,2.0090712349485487,0.6441371937184821,0.974843387865986
0.262,0.48500000000000004,x,mixed,1.3790815857305854,0.9256122161454889,0.9997900063308071
0.262,0.48500000000000004,x,beta,0.8382602972257728,1.3011336267265556,0.9988276839700782
0.262,0.48500000000000004,w,no,2.859349131741884,0.6402802099141165,0.999301860811158
0.262,0.48500000000000004,w,D,1.997684263895024,0.9092478833848148,0.9996005483878998
0.262,0.48500000000000004,w,mixed,1.3494648099602247,1.2003331100862,0.9999012527439387
0.262,0.48500000000000004,w,beta,0.9352097807294576,1.4655482006432208,0.9989756913641915
0.262,0.48500000000000004,xw,no,3.0094681488005923,0.8561066456604668,0.9999884724313685
0.262,0.48500000000000004,xw,D,2.483419284776838,0.9999999999999999,1.0
0.262,0.48500000000000004,xw,mixed,1.8919275099215838,1.2018447924920606,0.9999656154590044
0.262,0.48500000000000004,xw,beta,1.4572228592939969,1.3916690234652471,0.9992055711634894
0.262,0.51,,no,2.4885976858218966,0.0,0.0
0.262,0.51,,D,2.20123883410888,0.08657978446293157,0.9756977826822137
0.262,0.51,,mixed,0.875374001259036,0.800850827832287,0.9927112865920164
0.262,0.51,,beta,0.33398405899775385,1.4971591651339717,0.9995170963716458
0.262,0.51,x,no,1.7737232350022245,0.7791342870342065,0.9950816744211571
0.262,0.51,x,D,2.0386799758575758,0.6619583454644681,0.9772736535833471
0.262,0.51,x,mixed,1.4274799219056802,0.9278714199048071,0.999806705356777
0.262,0.51,x,beta,0.8846971468277582,1.2894658388402371,0.9988288903105994
0.262,0.51,w,no,2.932125241224926,0.6453046671485722,0.9991765196937534
0.262,0.51,w,D,2.0560830491003554,0.9108212609573978,0.9996229190677791
0.262,0.51,w,mixed,1.4049640329759918,1.1934387219860343,0.9999009236289278
0.262,0.51,w,beta,0.9826685296076343,1.4520517596549287,0.9990287966492417
0.262,0.51,xw,no,3.137196678788991,0.857153708172077,0.9999831239846315
0.262,0.51,xw,D,2.5917129392792826,1.0,1.0
0.262,0.51,xw,mixed,1.9960727077230742,1.1937920349928177,0.9999703284260089
0.262,0.51,xw,beta,1.5508008334413759,1.3772258968831652,0.9992355428898936
0.3025,0.01,,no,2.4885976858218966,0.0,0.0
0.3025,0.01,,D,2.2556392031079042,0.07725866255176463,0.9668928045598454
0.3025,0.01,,mixed,0.9207260218154714,0.8447198042867617,0.9955619208276725
0.3025,0.01,,beta,0.4150835344991312,1.4954221798884628,0.9997553417373835
0.3025,0.01,x,no,2.2333847135937526,0.007178947683636055,0.9471374768779656
0.3025,0.01,x,D,1.7490118273808248,0.196980172335762,0.9573064892724766
0.3025,0.01,x,mixed,0.706194488605795,0.9719423516486524,0.999875207174391
0.3025,0.01,x,beta,0.3413657649018143,1.5873554467101127,0.9997005468513113
0.3025,0.01,w,no,0.3803589079890911,0.11562648124312894,0.7858808859751071
0.3025,0.01,w,D,0.4041610503892082,0.08191935546651666,0.44487109660881663
0.3025,0.01,w,mixed,0.10453423608390644,1.1393508108739534,0.8160676309955588
0.3025,0.01,w,beta,0.014855346433818764,2.532604108946826,0.9570980424835382
0.3025,0.01,xw,no,0.06690004353164747,0.9965292080398417,0.9999990093629337
0.3025,0.01,xw,D,0.06661698798500747,1.0,1.0
0.3025,0.01,xw,mixed,0.02047983471157289,1.988044635903065,0.9999985983289537
0.3025,0.01,xw,beta,0.007084582643534873,2.9026549478661696,0.9999407536255223
0.3025,0.035,,no,2.4885976858218966,0.0,0.0
0.3025,0.035,,D,2.2556392031079042,0.07725866255176463,0.9668928045598454
0.3025,0.035,,mixed,0.9207260218154714,0.8447198042867617,0.9955619208276725
0.3025,0.035,,beta,0.4150835344991312,1.4954221798884628,0.9997553417373835
0.3025,0.035,x,no,2.1987107237807066,0.03578309682629985,0.9298368550663707
0.3025,0.035,x,D,1.7862068317802444,0.19255175193355822,0.9552997349581326
0.3025,0.035,x,mixed,0.724763289505938,0.9636765533863769,0.9998395453596972
0.3025,0.035,x,beta,0.350649585015286,1.5773587857448326,0.9997226878246765
0.3025,0.035,w,no,0.25508448606799683,0.9661075176483542,0.9973640283013305
0.3025,0.035,w,D,0.25012860539188847,0.9683603807138582,0.9986854873926412
0.3025,0.035,w,mixed,0.09694428315192104,1.8025931733633205,0.9974334920071071
0.3025,0.035,w,beta,0.05234610362120524,2.404767044228743,0.9978599786368046
0.3025,0.035,xw,no,0.24057045278203712,0.9674003860002639,0.9999341333368272
0.3025,0.035,xw,D,0.2313116019454108,1.0,1.0
0.3025,0.035,xw,mixed,0.08100909714296757,1.8885831885831952,0.9999014625394693
0.3025,0.035,xw,beta,0.04396810182044698,2.4889061931385474,0.9988213274780987
0.3025,0.060000000000000005,,no,2.4885976858218966,0.0,0.0
0.3025,0.060000000000000005,,D,2.2556392031079042,0.07725866255176463,0.9668928045598454
0.3025,0.060000000000000005,,mixed,0.9207260218154714,0.8447198042867617,0.9955619208276725
0.3025,0.060000000000000005,,beta,0.4150835344991312,1.4954221798884628,0.9997553417373835
0.3025,0.060000000000000005,x,no,2.1424813038388884,0.07751833658457281,0.9246036187601794
0.3025,0.060000000000000005,x,D,1.8271869891283608,0.19026722789596678,0.9537272330550757
0.3025,0.060000000000000005,x,mixed,0.746430730780223,0.9559982099931762,0.9998039423241227
0.3025,0.060000000000000005,x,beta,0.3620142371168801,1.5665149099807862,0.9997320278782242
0.3025,0.060000000000000005,w,no,0.4949377805918643,0.8511742961341381,0.9972215043095374
0.3025,0.060000000000000005,w,D,0.4673363494923814,0.9059120854751922,0.9990565274479486
0.3025,0.060000000000000005,w,mixed,0.17913889404767214,1.7070811688593082,0.9996009760171404
0.3025,0.060000000000000005,w,beta,0.11249721941337294,2.1768822141044883,0.9983131150614597
0.3025,0.060000000000000005,xw,no,0.4220607158881493,0.9350744108662207,0.999836013818719
0.3025,0.060000000000000005,xw,D,0.390775570063603,1.0,1.0
0.3025,0.060000000000000005,xw,mixed,0.1580234652307137,1.7722153010639021,0.9996940034413418
0.3025,0.060000000000000005,xw,beta,0.10006242565939774,2.237385500350818,0.9979672372138384
0.3025,0.085,,no,2.4885976858218966,0.0,0.0
0.3025,0.085,,D,2.2556392031079042,0.07725866255176463,0.9668928045598454
0.3025,0.085,,mixed,0.9207260218154714,0.8447198042867617,0.9955619208276725
0.3025,0.085,,beta,0.4150835344991312,1.4954221798884628,0.9997553417373835
0.3025,0.085,x,no,2.07199621862695,0.1292139792999369,0.9258010832041844
0.3025,0.085,x,D,1.8713550034662891,0.19019263597139072,0.9527908945870167
0.3025,0.085,x,mixed,0.7710362379865116,0.949029985859625,0.9997703112266957
0.3025,0.085,x,beta,0.375349785297692,1.5551152114266404,0.9997231036112649
0.3025,0.085,w,no,0.7382933267104439,0.7736016858273292,0.9974337749524205
0.3025,0.085,w,D,0.65114484398533,0.8918924997173386,0.9984559746043742
0.3025,0.085,w,mixed,0.27179602509382106,1.6149728724814834,0.9996106592710425
0.3025,0.085,w,beta,0.17742459326556612,2.032827500729152,0.9981932628148098
0.3025,0.085,xw,no,0.6029834507005212,0.9119847490438283,0.9998230570753915
0.3025,0.085,xw,D,0.5436221615264109,1.0,1.0
0.3025,0.085,xw,mixed,0.24636454542251662,1.6754699381920983,0.9995458142627397
0.3025,0.085,xw,beta,0.16441526819378166,2.0791512106574856,0.9975847590414646
0.3025,0.11,,no,2.4885976858218966,0.0,0.0
0.3025,0.11,,D,2.2556392031079042,0.07725866255176463,0.9668928045598454
0.3025,0.11,,mixed,0.9207260218154714,0.8447198042867617,0.9955619208276725
0.3025,0.11,,beta,0.4150835344991312,1.4954221798884628,0.9997553417373835
0.3025,0.11,x,no,1.994900269710487,0.187404790057993,0.9306225246608613
0.3025,0.11,x,D,1.918084660635139,0.1923447326858901,0.9526497306229734
0.3025,0.11,x,mixed,0.7983998241656045,0.9428602047631569,0.9997402835682366
0.3025,0.11,x,beta,0.3905085614718107,1.5434649249635066,0.999687422720763
0.3025,0.11,w,no,0.9653560677826897,0.7230622001000397,0.9972666228463906
0.3025,0.11,w,D,0.7992610299032453,0.8951144200334923,0.9987165686316621
0.3025,0.11,w,mixed,0.3663179872604929,1.5423254145424927,0.9996601201499911
0.3025,0.11,w,beta,0.24213935158217706,1.9330422755132797,0.9981478035105391
0.3025,0.11,xw,no,0.7791965691068353,0.8967699247605992,0.9998554199800777
0.3025,0.11,xw,D,0.6901165129730795,1.0,1.0
0.3025,0.11,xw,mixed,0.3416835985653839,1.5985215163996158,0.9994932906404339
0.3025,0.11,xw,beta,0.23336964381901965,1.966978147414971,0.9974435696222214
0.3025,0.135,,no,2.4885976858218966,0.0,0.0
0.3025,0.135,,D,2.2556392031079042,0.07725866255176463,0.9668928045598454
0.3025,0.135,,mixed,0.9207260218154714,0.8447198042867617,0.9955619208276725
0.3025,0.135,,beta,0.4150835344991312,1.4954221798884628,0.9997553417373835
0.3025,0.135,x,no,1.9180364222838193,0.2487396017733024,0.9373597370674174
0.3025,0.135,x,D,1.9669117138698007,0.19662120558975377,0.9531916022326655
0.3025,0.135,x,mixed,0.8283267546127018,0.9375414973099656,0.9997150732178068
0.3025,0.135,x,beta,0.4073026404178774,1.531871407312508,0.9996123107420936
0.3025,0.135,w,no,1.1764006475048505,0.6872720443957495,0.9975069909223346
0.3025,0.135,w,D,0.9299631765008123,0.8981023200191267,0.9989121904199223
0.3025,0.135,w,mixed,0.4592745480333531,1.485149211894361,0.9998350717600033
0.3025,0.135,w,beta,0.305242133685255,1.8585049431856975,0.9981803183822798
0.3025,0.135,xw,no,0.9503097099012299,0.8863550618799041,0.999888942455331
0.3025,0.135,xw,D,0.8312102999617842,1.0,1.0
0.3025,0.135,xw,mixed,0.44169829843839964,1.536601177816791,0.999508565944498
0.3025,0.135,xw,beta,0.30585860833349354,1.8808960175506626,0.9974188410077331
0.3025,0.16000000000000003,,no,2.4885976858218966,0.0,0.0
0.3025,0.16000000000000003,,D,2.2556392031079042,0.07725866255176463,0.9668928045598454
0.3025,0.16000000000000003,,mixed,0.9207260218154714,0.8447198042867617,0.9955619208276725
0.3025,0.16000000000000003,,beta,0.4150835344991312,1.4954221798884628,0.9997553417373835
0.3025,0.16000000000000003,x,no,1.8467003554387138,0.310315440587399,0.9448703400922317
0.3025,0.16000000000000003,x,D,2.0302130040667032,0.19754719345236732,0.9384329942117842
0.3025,0.16000000000000003,x,mixed,0.8606127622099106,0.9330921452994366,0.9996954127160159
0.3025,0.16000000000000003,x,beta,0.42562178573356774,1.5204853315143594,0.999493984517391
0.3025,0.16000000000000003,w,no,1.3701481067356223,0.6619703345737072,0.9979716644461707
0.3025,0.16000000000000003,w,D,1.0469464753227844,0.9006791856351337,0.9990586871444277
0.3025,0.16000000000000003,w,mixed,0.5482922509071994,1.4402740987429687,0.9999674043180754
0.3025,0.16000000000000003,w,beta,0.366417361775784,1.7998419789245195,0.9982562151193837
0.3025,0.16000000000000003,xw,no,1.1170333883374977,0.8787151473530685,0.9999122393449015
0.3025,0.16000000000000003,xw,D,0.9679074331414577,0.9999999999999999,1.0
0.3025,0.16000000000000003,xw,mixed,0.5451050416843592,1.4858495404478294,0.9995591304955594
0.3025,0.16000000000000003,xw,beta,0.3815239709483322,1.8113755274071022,0.9974505864221486
0.3025,0.18500000000000003,,no,2.4885976858218966,0.0,0.0
0.3025,0.18500000000000003,,D,2.2556392031079042,0.07725866255176463,0.9668928045598454
0.3025,0.18500000000000003,,mixed,0.9207260218154714,0.8447198042867617,0.9955619208276725
0.3025,0.18500000000000003,,beta,0.4150835344991312,1.4954221798884628,0.9997553417373835
0.3025,0.18500000000000003,x,no,1.78438496496439,0.36987780949401333,0.9523938570702424
0.3025,0.18500000000000003,x,D,2.149006484604447,0.1785324247279373,0.814994526468845
0.3025,0.18500000000000003,x,mixed,0.8950493823509963,0.9294996587065416,0.9996815603212321
0.3025,0.18500000000000003,x,beta,0.4453509136204612,1.5094246208860433,0.9993292896453372
0.3025,0.18500000000000003,w,no,1.547060200338995,0.6442963898060556,0.9984900813375871
0.3025,0.18500000000000003,w,D,1.153174210739817,0.9028685411474334,0.9991705506318874
0.3025,0.18500000000000003,w,mixed,0.6314692199136006,1.4055553278843607,0.9999822115271497
0.3025,0.18500000000000003,w,beta,0.4257581022328635,1.7518621012286064,0.9983568709303732
0.3025,0.18500000000000003,xw,no,1.2800562358447014,0.8727779638188297,0.9999270365868758
0.3025,0.18500000000000003,xw,D,1.101024339601911,0.9999999999999999,1.0
0.3025,0.18500000000000003,xw,mixed,0.6509789098421642,1.4435953692665606,0.9996216401508426
0.3025,0.18500000000000003,xw,beta,0.46015110945837306,1.7533088966482626,0.9975099756394153
0.3025,0.21000000000000002,,no,2.4885976858218966,0.0,0.0
0.3025,0.21000000000000002,,D,2.2556392031079042,0.07725866255176463,0.9668928045598454
0.3025,0.21000000000000002,,mixed,0.9207260218154714,0.8447198042867617,0.9955619208276725
0.3025,0.21000000000000002,,beta,0.4150835344991312,1.4954221798884628,0.9997553417373835
0.3025,0.21000000000000002,x,no,1.7329293166298174,0.4258740221772952,0.9594601003875713
0.3025,0.21000000000000002,x,D,2.3465940080295287,0.13210898484414532,0.45995490858467847
0.3025,0.21000000000000002,x,mixed,0.9314290317834465,0.9267259067204145,0.9996733630417123
0.3025,0.21000000000000002,x,beta,0.46619986174638595,1.4989731195231293,0.9990955540531844
0.3025,0.21000000000000002,w,no,1.7084739537012306,0.6322405664400869,0.9989629408282445
0.3025,0.21000000000000002,w,D,1.2508944440213705,0.9047459932195694,0.9992581621832324
0.3025,0.21000000000000002,w,mixed,0.7099795126186548,1.377434635694674,0.9999827729080891
0.3025,0.21000000000000002,w,beta,0.4834534962032404,1.711495937531877,0.9984687922649984
0.3025,0.21000000000000002,xw,no,1.4398083363111522,0.868013316561051,0.9999371347515685
0.3025,0.21000000000000002,xw,D,1.2311600699752157,1.0,1.0
0.3025,0.21000000000000002,xw,mixed,0.758577387558824,1.4079724021946978,0.9996829042972736
0.3025,0.21000000000000002,xw,beta,0.5415187749479659,1.7036804682034288,0.9975829780142959
0.3025,0.23500000000000001,,no,2.4885976858218966,0.0,0.0
0.3025,0.23500000000000001,,D,2.2556392031079042,0.07725866255176463,0.9668928045598454
0.3025,0.23500000000000001,,mixed,0.9207260218154714,0.8447198042867617,0.9955619208276725
0.3025,0.23500000000000001,,beta,0.4150835344991312,1.4954221798884628,0.9997553417373835
0.3025,0.23500000000000001,x,no,1.692883785829194,0.4773934716147837,0.9658175453846274
0.3025,0.23500000000000001,x,D,2.582032539619171,0.07579774178115842,0.13296016041669023
0.3025,0.23500000000000001,x,mixed,0.9695496998035367,0.9247129664559716,0.999670353824978
0.3025,0.23500000000000001,x,beta,0.4878824184390734,1.4893470813169345,0.9987687062518327
0.3025,0.23500000000000001,w,no,1.8560087982003475,0.6243795199085004,0.9993434972317402
0.3025,0.23500000000000001,w,D,1.3417962288762475,0.9063881565727785,0.9993285361428917
0.3025,0.23500000000000001,w,mixed,0.7848369154986609,1.3538310124973005,0.9999826829427736
0.3025,0.23500000000000001,w,beta,0.5396907602781366,1.6768160456977268,0.9985810450352823
0.3025,0.23500000000000001,xw,no,1.5965069127240052,0.8641568370763918,0.9999453937729081
0.3025,0.23500000000000001,xw,D,1.3587389901472842,0.9999999999999999,1.0
0.3025,0.23500000000000001,xw,mixed,0.8672990505594526,1.377620976915629,0.9997372607730466
0.3025,0.23500000000000001,xw,beta,0.6253715646229187,1.6605651042441034,0.9976629871021002
0.3025,0.26,,no,2.4885976858218966,0.0,0.0
0.3025,0.26,,D,2.2556392031079042,0.07725866255176463,0.9668928045598454
0.3025,0.26,,mixed,0.9207260218154714,0.8447198042867617,0.9955619208276725
0.3025,0.26,,beta,0.4150835344991312,1.4954221798884628,0.9997553417373835
0.3025,0.26,x,no,1.66392946639823,0.5240424316876929,0.9713685691786489
0.3025,0.26,x,D,2.8295277612914025,0.019167192682014302,0.0066949098839481636
0.3025,0.26,x,mixed,1.009218528832178,0.9233893336979823,0.9996718604741571
0.3025,0.26,x,beta,0.5101422130885928,1.4806803899100784,0.9983315044520539
0.3025,0.26,w,no,1.9912943288818472,0.6196881308578047,0.9996180711257615
0.3025,0.26,w,D,1.4271566824791626,0.9078588924481311,0.9993863831950522
0.3025,0.26,w,mixed,0.8566699735341751,1.33357792791961,0.9999816816909403
0.3025,0.26,w,beta,0.594763307435095,1.6464277487441152,0.998699998111639
0.3025,0.26,xw,no,1.7502467214759818,0.8610645004518899,0.9999533562669177
0.3025,0.26,xw,D,1.484063820272009,1.0,1.0
0.3025,0.26,xw,mixed,0.9766691696422926,1.351516409960492,0.9997832712064988
0.3025,0.26,xw,beta,0.7114329772171171,1.622649706869558,0.9977466334435466
0.3025,0.28500000000000003,,no,2.4885976858218966,0.0,0.0
0.3025,0.28500000000000003,,D,2.2556392031079042,0.07725866255176463,0.9668928045598454
0.3025,0.28500000000000003,,mixed,0.9207260218154714,0.8447198042867617,0.9955619208276725
0.3025,0.28500000000000003,,beta,0.4150835344991312,1.4954221798884628,0.9997553417373835
0.3025,0.28500000000000003,x,no,1.6452423431928471,0.5658008429301622,0.976114244996868
0.3025,0.28500000000000003,x,D,3.0588839717572096,-0.028945726439396656,0.01199865823450208
0.3025,0.28500000000000003,x,mixed,1.0502545496896307,0.9226756914198242,0.9996771183929329
0.3025,0.28500000000000003,x,beta,0.532558936953842,1.4732348077661865,0.9977371459718306
0.3025,0.28500000000000003,w,no,2.115851916793662,0.6174148089938685,0.9997914868784162
0.3025,0.28500000000000003,w,D,1.5079539244035036,0.9092075354723841,0.9994349063395364
0.3025,0.28500000000000003,w,mixed,0.9259304344699512,1.3159302445659364,0.9999796286679801
0.3025,0.28500000000000003,w,beta,0.6487721092109141,1.6194999196986093,0.9988136267372573
0.3025,0.28500000000000003,xw,no,1.9010697456648218,0.8586437005543224,0.9999615185207865
0.3025,0.28500000000000003,xw,D,1.6073586887253675,1.0,1.0
0.3025,0.28500000000000003,xw,mixed,1.0863170036807872,1.3288727746201543,0.999821258100964
0.3025,0.28500000000000003,xw,beta,0.7994432484607558,1.5889767632645202,0.9978346408220237
0.3025,0.31000000000000005,,no,2.4885976858218966,0.0,0.0
0.3025,0.31000000000000005,,D,2.2556392031079042,0.07725866255176463,0.9668928045598454
0.3025,0.31000000000000005,,mixed,0.9207260218154714,0.8447198042867617,0.9955619208276725
0.3025,0.31000000000000005,,beta,0.4150835344991312,1.4954221798884628,0.9997553417373835
0.3025,0.31000000000000005,x,no,1.6357624882930888,0.6028914304449099,0.9801118663693753
0.3025,0.31000000000000005,x,D,3.086900199684164,-0.0023822251302759966,5.789415514301233e-05
0.3025,0.31000000000000005,x,mixed,1.092484005399158,0.9224931780956548,0.9996855859546768
0.3025,0.31000000000000005,x,beta,0.5547779241959209,1.4671564039173142,0.9969645825737028
0.3025,0.31000000000000005,w,no,2.2310505343965708,0.616999276653996,0.9998774959319595
0.3025,0.31000000000000005,w,D,1.5849479387673133,0.91047088568314,0.9994763251706545
0.3025,0.31000000000000005,w,mixed,0.9929633811636805,1.300376008288269,0.9999769386308736
0.3025,0.31000000000000005,w,beta,0.7019128685697841,1.5953412133446145,0.9989248288382406
0.3025,0.31000000000000005,xw,no,2.0490070859252185,0.856822920183301,0.9999697091820909
0.3025,0.31000000000000005,xw,D,1.7287990461762937,1.0,1.0
0.3025,0.31000000000000005,xw,mixed,1.195955792846768,1.3090794094250726,0.9998521379934638
0.3025,0.31000000000000005,xw,beta,0.8890931560819277,1.5588666618729765,0.9979235414544523
0.3025,0.335,,no,2.4885976858218966,0.0,0.0
0.3025,0.335,,D,2.2556392031079042,0.07725866255176463,0.9668928045598454
0.3025,0.335,,mixed,0.9207260218154714,0.8447198042867617,0.9955619208276725
0.3025,0.335,,beta,0.4150835344991312,1.4954221798884628,0.9997553417373835
0.3025,0.335,x,no,1.634370033861158,0.6356753521800261,0.983445365349797
0.3025,0.335,x,D,3.1320347517469633,0.019148532769963138,0.0030249759352135586
0.3025,0.335,x,mixed,1.135749748282768,0.922762733798716,0.9996966392754111
0.3025,0.335,x,beta,0.5928275049876166,1.4477504727715935,0.9978442378801329
0.3025,0.335,w,no,2.3380979625673746,0.6180176704861936,0.999892980460908
0.3025,0.335,w,D,1.6587378510935344,0.9116758041907222,0.9995122103076458
0.3025,0.335,w,mixed,1.058063565971739,1.2865342977029033,0.9999739277147682
0.3025,0.335,w,beta,0.7542770038985924,1.5734963950060288,0.9990287211201566
0.3025,0.335,xw,no,2.19410004318457,0.8555394621296664,0.9999774242855678
0.3025,0.335,xw,D,1.8485307315976331,0.9999999999999999,1.0
0.3025,0.335,xw,mixed,1.305376421611828,1.2916523273007183,0.9998770704655233
0.3025,0.335,xw,beta,0.9804256691079514,1.5316102355745134,0.9980313880445747
0.3025,0.36000000000000004,,no,2.4885976858218966,0.0,0.0
0.3025,0.36000000000000004,,D,2.2556392031079042,0.07725866255176463,0.9668928045598454
0.3025,0.36000000000000004,,mixed,0.9207260218154714,0.8447198042867617,0.9955619208276725
0.3025,0.36000000000000004,,beta,0.4150835344991312,1.4954221798884628,0.9997553417373835
0.3025,0.36000000000000004,x,no,1.639987614607248,0.6645769903631789,0.9862065553417425
0.3025,0.36000000000000004,x,D,2.9821893467158898,0.1020722139777485,0.056235713030281076
0.3025,0.36000000000000004,x,mixed,1.1799134837133267,0.9234074298111744,0.9997095784029765
0.3025,0.36000000000000004,x,beta,0.649702844873856,1.4149000166594583,0.9990687869145055
0.3025,0.36000000000000004,w,no,2.4380482236702457,0.62014519984666,0.9998547195022364
0.3025,0.36000000000000004,w,D,1.7298025281332083,0.9128415625661506,0.9995436966363902
0.3025,0.36000000000000004,w,mixed,1.1214820019447256,1.2741151741837868,0.9999708179741066
0.3025,0.36000000000000004,w,beta,0.8060944177609564,1.5535142799332142,0.9991364634686205
0.3025,0.36000000000000004,xw,no,2.3364082877272594,0.8547351252473866,0.9999840736699438
0.3025,0.36000000000000004,xw,D,1.9666813950300623,1.0,1.0
0.3025,0.36000000000000004,xw,mixed,1.414432756460096,1.2762043372323075,0.999897174807682
0.3025,0.36000000000000004,xw,beta,1.0723022672322884,1.5072631990737275,0.9980854966084716
0.3025,0.385,,no,2.4885976858218966,0.0,0.0
0.3025,0.385,,D,2.2556392031079042,0.07725866255176463,0.9668928045598454
0.3025,0.385,,mixed,0.9207260218154714,0.8447198042867617,0.9955619208276725
0.3025,0.385,,beta,0.4150835344991312,1.4954221798884628,0.9997553417373835
0.3025,0.385,x,no,1.6516325550965365,0.6900340535463229,0.9884843622134591
0.3025,0.385,x,D,3.376007768505075,0.015408184032997088,0.0020847658875636776
0.3025,0.385,x,mixed,1.2248541516428049,0.9243554685645882,0.9997237339013827
0.3025,0.385,x,beta,0.6887596087397917,1.3996666372959192,0.9987486684356213
0.3025,0.385,w,no,2.5318157157747385,0.6231302448477798,0.9997777779784848
0.3025,0.385,w,D,1.7985296443844252,0.913981737059043,0.9995716208899454
0.3025,0.385,w,mixed,1.1834320797398177,1.26289373080575,0.9999677600821093
0.3025,0.385,w,beta,0.8572773013542941,1.5352315249109378,0.9992302440145381
0.3025,0.385,xw,no,2.47601097509274,0.8543550907515017,0.9999891354265298
0.3025,0.385,xw,D,2.0833669733147278,1.0,1.0
0.3025,0.385,xw,mixed,1.5230280735671857,1.2624233556148978,0.9999134211821243
0.3025,0.385,xw,beta,1.174673247856241,1.4807805819570905,0.9988498793995567
0.3025,0.41000000000000003,,no,2.4885976858218966,0.0,0.0
0.3025,0.41000000000000003,,D,2.2556392031079042,0.07725866255176463,0.9668928045598454
0.3025,0.41000000000000003,,mixed,0.9207260218154714,0.8447198042867617,0.9955619208276725
0.3025,0.41000000000000003,,beta,0.4150835344991312,1.4954221798884628,0.9997553417373835
0.3025,0.41000000000000003,x,no,1.668434707754468,0.7124682359463944,0.990359408916958
0.3025,0.41000000000000003,x,D,2.5135305950561855,0.3563544686908233,0.49903937451493874
0.3025,0.41000000000000003,x,mixed,1.2704665560892416,0.9255418595507224,0.9997385164043725
0.3025,0.41000000000000003,x,beta,0.7374656033996309,1.379092584166654,0.9996403311980507
0.3025,0.41000000000000003,w,no,2.6201913600581532,0.6267760432082261,0.9996748661395288
0.3025,0.41000000000000003,w,D,1.8652367539569221,0.9151056699097201,0.9995966118866123
0.3025,0.41000000000000003,w,mixed,1.2440953987827013,1.2526924989229147,0.9999648523178306
0.3025,0.41000000000000003,w,beta,0.9080579790211754,1.5183211479979402,0.9993246517423363
0.3025,0.41000000000000003,xw,no,2.613004355744056,0.8543479531850491,0.9999922340854006
0.3025,0.41000000000000003,xw,D,2.1986951494035365,0.9999999999999998,1.0
0.3025,0.41000000000000003,xw,mixed,1.631103503229758,1.250056126822394,0.9999266067564739
0.3025,0.41000000000000003,xw,beta,1.2712729536389917,1.4596167858753732,0.9990572309474065
0.3025,0.43500000000000005,,no,2.4885976858218966,0.0,0.0
0.3025,0.43500000000000005,,D,2.2556392031079042,0.07725866255176463,0.9668928045598454
0.3025,0.43500000000000005,,mixed,0.9207260218154714,0.8447198042867617,0.9955619208276725
0.3025,0.43500000000000005,,beta,0.4150835344991312,1.4954221798884628,0.9997553417373835
0.3025,0.43500000000000005,x,no,1.6896424760385027,0.7322674601715159,0.9919019082276217
0.3025,0.43500000000000005,x,D,2.1609204023979767,0.5112219531878023,0.7526843050907844
0.3025,0.43500000000000005,x,mixed,1.3166605102662559,0.9269089825665965,0.9997534286280358
0.3025,0.43500000000000005,x,beta,0.7793767011044909,1.3652792206099522,0.9996286452979207
0.3025,0.43500000000000005,w,no,2.703858502824277,0.6309275130862395,0.999556243229935
0.3025,0.43500000000000005,w,D,1.9301867788316958,0.9162195744713474,0.9996191507838704
0.3025,0.43500000000000005,w,mixed,1.3036269227950499,1.2433692632475577,0.9999621552766685
0.3025,0.43500000000000005,w,beta,0.958522788126846,1.502595683303353,0.9994207949079617
0.3025,0.43500000000000005,xw,no,2.7474980478044677,0.8546660084719979,0.999993164394192
0.3025,0.43500000000000005,xw,D,2.3127670685998236,0.9999999999999999,1.0
0.3025,0.43500000000000005,xw,mixed,1.7386284055429169,1.2388958598422994,0.999937368252247
0.3025,0.43500000000000005,xw,beta,1.366738814718186,1.4409527473066106,0.999159107164943
0.3025,0.46,,no,2.4885976858218966,0.0,0.0
0.3025,0.46,,D,2.2556392031079042,0.07725866255176463,0.9668928045598454
0.3025,0.46,,mixed,0.9207260218154714,0.8447198042867617,0.9955619208276725
0.3025,0.46,,beta,0.4150835344991312,1.4954221798884628,0.9997553417373835
0.3025,0.46,x,no,1.714610692698537,0.7497803579517246,0.9931714407315541
0.3025,0.46,x,D,1.875123850400623,0.6478607838078072,0.960248163196827
0.3025,0.46,x,mixed,1.3633574879731511,0.9284075522977139,0.9997681059172532
0.3025,0.46,x,beta,0.822332217411291,1.352143294466648,0.9996320888996097
0.3025,0.46,w,no,2.783407573417788,0.6354616167738744,0.999429899831444
0.3025,0.46,w,D,1.9935995368555182,0.9173273680581269,0.999639612034753
0.3025,0.46,w,mixed,1.3621593660376083,1.2348084600795295,0.9999597028635858
0.3025,0.46,w,beta,1.0085924858768938,1.4879840197628666,0.9995070796992821
0.3025,0.46,xw,no,2.8796110618582587,0.8552654878764527,0.9999918813139294
0.3025,0.46,xw,D,2.425678107242288,0.9999999999999999,1.0
0.3025,0.46,xw,mixed,1.8455929151046286,1.228772622048798,0.9999462067889955
0.3025,0.46,xw,beta,1.4629781877325594,1.423689706799148,0.9992703560691012
0.3025,0.48500000000000004,,no,2.4885976858218966,0.0,0.0
0.3025,0.48500000000000004,,D,2.2556392031079042,0.07725866255176463,0.9668928045598454
0.3025,0.48500000000000004,,mixed,0.9207260218154714,0.8447198042867617,0.9955619208276725
0.3025,0.48500000000000004,,beta,0.4150835344991312,1.4954221798884628,0.9997553417373835
0.3025,0.48500000000000004,x,no,1.742792192584284,0.7653136134679153,0.9942177029719388
0.3025,0.48500000000000004,x,D,1.8957915179193074,0.6698025092488362,0.9648146667341784
0.3025,0.48500000000000004,x,mixed,1.4104897522240765,0.929996040998125,0.9997822843663529
0.3025,0.48500000000000004,x,beta,0.8595505434515747,1.3438025425987532,0.9995172490246003
0.3025,0.48500000000000004,w,no,2.859349131741884,0.6402802099141165,0.999301860811158
0.3025,0.48500000000000004,w,D,2.055660447199046,0.9184312942752111,0.9996582917081112
0.3025,0.48500000000000004,w,mixed,1.4198068567762376,1.2269149948522673,0.9999575103571309
0.3025,0.48500000000000004,w,beta,1.058314136001402,1.4743583717097495,0.9995838843940833
0.3025,0.48500000000000004,xw,no,3.0094681488005923,0.8561066456604668,0.9999884724313685
0.3025,0.48500000000000004,xw,D,2.5375181689629343,1.0,1.0
0.3025,0.48500000000000004,xw,mixed,1.9520019790366534,1.2195459324733515,0.9999535141139015
0.3025,0.48500000000000004,xw,beta,1.5594260697260756,1.40783089868149,0.9993607259642642
0.3025,0.51,,no,2.4885976858218966,0.0,0.0
0.3025,0.51,,D,2.2556392031079042,0.07725866255176463,0.9668928045598454
0.3025,0.51,,mixed,0.9207260218154714,0.8447198042867617,0.9955619208276725
0.3025,0.51,,beta,0.4150835344991312,1.4954221798884628,0.9997553417373835
0.3025,0.51,x,no,1.7737232350022245,0.7791342870342065,0.9950816744211571
0.3025,0.51,x,D,1.9226423174200664,0.6885097973727332,0.9689044371708684
0.3025,0.51,x,mixed,1.4579990528711368,0.9316400631148316,0.9997957885241319
0.3025,0.51,x,beta,0.9093554761044873,1.3287553003093195,0.9996063777504315
0.3025,0.51,w,no,2.932125241224926,0.6453046671485722,0.9991765196937534
0.3025,0.51,w,D,2.116527174029082,0.9195323914562362,0.999675427391173
0.3025,0.51,w,mixed,1.4766679681438668,1.2196097245208704,0.9999555802637059
0.3025,0.51,w,beta,1.1077066009360768,1.4616220393569046,0.9996501796568982
0.3025,0.51,xw,no,3.137196678788991,0.857153708172077,0.9999831239846315
0.3025,0.51,xw,D,2.648371779376792,0.9999999999999999,1.0
0.3025,0.51,xw,mixed,2.0578708500066,1.2110989525959825,0.9999595959299742
0.3025,0.51,xw,beta,1.655366323143135,1.3934189103432824,0.9994165238112589
0.34299999999999997,0.01,,no,2.4885976858218966,0.0,0.0
0.34299999999999997,0.01,,D,2.3022203113981834,0.06900001426893303,0.9578523026697882
0.34299999999999997,0.01,,mixed,0.9769996275405463,0.8761133077776775,0.9971862109530616
0.34299999999999997,0.01,,beta,0.507037390872754,1.4878261029189017,0.9998720407551824
0.34299999999999997,0.01,x,no,2.2333847135937526,0.007178947683636055,0.9471374768779656
0.34299999999999997,0.01,x,D,1.847802960086541,0.17384307526094253,0.9483434150881254
0.34299999999999997,0.01,x,mixed,0.7901472826823783,0.9781037087167117,0.9999243203402185
0.34299999999999997,0.01,x,beta,0.4324900477608793,1.563395859450564,0.9996661288265378
0.34299999999999997,0.01,w,no,0.3803589079890911,0.11562648124312894,0.7858808859751071
0.34299999999999997,0.01,w,D,0.38960299685539107,0.10264335664184067,0.6390344752797692
0.34299999999999997,0.01,w,mixed,0.08212677780408703,1.332133160443393,0.8723619210123048
0.34299999999999997,0.01,w,beta,0.014801179478893664,2.6557169157074756,0.9787738910227963
0.34299999999999997,0.01,xw,no,0.06690004353164747,0.9965292080398417,0.9999990093629337
0.34299999999999997,0.01,xw,D,0.06662798572147192,1.0,1.0
0.34299999999999997,0.01,xw,mixed,0.02321508760639792,1.9880494652670408,0.9999986024982133
0.34299999999999997,0.01,xw,beta,0.009416100284041603,2.8801117560517366,0.999911195213075
0.34299999999999997,0.035,,no,2.4885976858218966,0.0,0.0
0.34299999999999997,0.035,,D,2.3022203113981834,0.06900001426893303,0.9578523026697882
0.34299999999999997,0.035,,mixed,0.9769996275405463,0.8761133077776775,0.9971862109530616
0.34299999999999997,0.035,,beta,0.507037390872754,1.4878261029189017,0.9998720407551824
0.34299999999999997,0.035,x,no,2.1987107237807066,0.03578309682629985,0.9298368550663707
0.34299999999999997,0.035,x,D,1.8810510607328086,0.1697612868247303,0.9459955542123336
0.34299999999999997,0.035,x,mixed,0.806486603507194,0.9715432389112095,0.9999018891510673
0.34299999999999997,0.035,x,beta,0.4415051737363748,1.555592871870258,0.9996942360167776
0.34299999999999997,0.035,w,no,0.25508448606799683,0.9661075176483542,0.9973640283013305
0.34299999999999997,0.035,w,D,0.24733030800262082,0.9731440674299742,0.99894096047027
0.34299999999999997,0.035,w,mixed,0.10503504669647067,1.8231892020247193,0.9986107956296291
0.34299999999999997,0.035,w,beta,0.06790537830010045,2.374383751841988,0.9984544409937739
0.34299999999999997,0.035,xw,no,0.24057045278203712,0.9674003860002639,0.9999341333368272
0.34299999999999997,0.035,xw,D,0.23174142838346276,1.0,1.0
0.34299999999999997,0.035,xw,mixed,0.09149218481662544,1.8891226265392544,0.9999026312130781
0.34299999999999997,0.035,xw,beta,0.05992282844499263,2.434538769884598,0.9986197874344525
0.34299999999999997,0.060000000000000005,,no,2.4885976858218966,0.0,0.0
0.34299999999999997,0.060000000000000005,,D,2.3022203113981834,0.06900001426893303,0.9578523026697882
0.34299999999999997,0.060000000000000005,,mixed,0.9769996275405463,0.8761133077776775,0.9971862109530616
0.34299999999999997,0.060000000000000005,,beta,0.507037390872754,1.4878261029189017,0.9998720407551824
0.34299999999999997,0.060000000000000005,x,no,2.1424813038388884,0.07751833658457281,0.9246036187601794
0.34299999999999997,0.060000000000000005,x,D,1.9181325295588811,0.16722461763216614,0.9439733460642198
0.34299999999999997,0.060000000000000005,x,mixed,0.825606161756802,0.9653457229036075,0.9998787267343456
0.34299999999999997,0.060000000000000005,x,beta,0.4526107470689896,1.5469374087083836,0.999718336802912
0.34299999999999997,0.060000000000000005,w,no,0.4949377805918643,0.8511742961341381,0.9972215043095374
0.34299999999999997,0.060000000000000005,w,D,0.45173044976760124,0.9263027329047072,0.9994626645371315
0.34299999999999997,0.060000000000000005,w,mixed,0.1958807802373925,1.7222819053956346,0.9997247026502852
0.34299999999999997,0.060000000000000005,w,beta,0.14421982042743536,2.1440811601001926,0.9982640086745034
0.34299999999999997,0.060000000000000005,xw,no,0.4220607158881493,0.9350744108662207,0.999836013818719
0.34299999999999997,0.060000000000000005,xw,D,0.39259284640704234,1.0,1.0
0.34299999999999997,0.060000000000000005,xw,mixed,0.1771324357506578,1.7745164073404336,0.9996999558433474
0.34299999999999997,0.060000000000000005,xw,beta,0.13224926794453498,2.1888225578285514,0.9978315885226561
0.34299999999999997,0.085,,no,2.4885976858218966,0.0,0.0
0.34299999999999997,0.085,,D,2.3022203113981834,0.06900001426893303,0.9578523026697882
0.34299999999999997,0.085,,mixed,0.9769996275405463,0.8761133077776775,0.9971862109530616
0.34299999999999997,0.085,,beta,0.507037390872754,1.4878261029189017,0.9998720407551824
0.34299999999999997,0.085,x,no,2.07199621862695,0.1292139792999369,0.9258010832041844
0.34299999999999997,0.085,x,D,1.958643582977683,0.16629608444962105,0.9424567847085973
0.34299999999999997,0.085,x,mixed,0.8473986038168438,0.9595939018338469,0.9998558465181652
0.34299999999999997,0.085,x,beta,0.46574652242623954,1.537592725808273,0.999737081606555
0.34299999999999997,0.085,w,no,0.7382933267104439,0.7736016858273292,0.9974337749524205
0.34299999999999997,0.085,w,D,0.6357832753816435,0.910824028801849,0.9989387624172796
0.34299999999999997,0.085,w,mixed,0.2967437049963,1.630430228643666,0.9996839935650226
0.34299999999999997,0.085,w,beta,0.22344571794477633,2.0043812737416573,0.9980846183115096
0.34299999999999997,0.085,xw,no,0.6029834507005212,0.9119847490438283,0.9998230570753915
0.34299999999999997,0.085,xw,D,0.5477386068413815,1.0,1.0
0.34299999999999997,0.085,xw,mixed,0.27353801707501046,1.6802327314362095,0.9995552725548406
0.34299999999999997,0.085,xw,beta,0.21094386073006355,2.0393778294928446,0.9975532358440754
0.34299999999999997,0.11,,no,2.4885976858218966,0.0,0.0
0.34299999999999997,0.11,,D,2.3022203113981834,0.06900001426893303,0.9578523026697882
0.34299999999999997,0.11,,mixed,0.9769996275405463,0.8761133077776775,0.9971862109530616
0.34299999999999997,0.11,,beta,0.507037390872754,1.4878261029189017,0.9998720407551824
0.34299999999999997,0.11,x,no,1.994900269710487,0.187404790057993,0.9306225246608613
0.34299999999999997,0.11,x,D,2.0021449459514704,0.167013284977831,0.9416105958503613
0.34299999999999997,0.11,x,mixed,0.8717421190100648,0.9543532069530074,0.9998341927580164
0.34299999999999997,0.11,x,beta,0.4808330519270813,1.5277316518128787,0.9997485623573952
0.34299999999999997,0.11,w,no,0.9653560677826897,0.7230622001000397,0.9972666228463906
0.34299999999999997,0.11,w,D,0.7883871574518416,0.9122134817687712,0.9990811601513273
0.34299999999999997,0.11,w,mixed,0.39880892738767043,1.5586978124180741,0.9997771804873898
0.34299999999999997,0.11,w,beta,0.300370259583817,1.9091323806388998,0.9980716956569269
0.34299999999999997,0.11,xw,no,0.7791965691068353,0.8967699247605992,0.9998554199800777
0.34299999999999997,0.11,xw,D,0.6970535221144778,1.0,1.0
0.34299999999999997,0.11,xw,mixed,0.37557272197578334,1.6058961936393021,0.9995004001273757
0.34299999999999997,0.11,xw,beta,0.29189712061408485,1.9352315953427957,0.9975098871552706
0.34299999999999997,0.135,,no,2.4885976858218966,0.0,0.0
0.34299999999999997,0.135,,D,2.3022203113981834,0.06900001426893303,0.9578523026697882
0.34299999999999997,0.135,,mixed,0.9769996275405463,0.8761133077776775,0.9971862109530616
0.34299999999999997,0.135,,beta,0.507037390872754,1.4878261029189017,0.9998720407551824
0.34299999999999997,0.135,x,no,1.9180364222838193,0.2487396017733024,0.9373597370674174
0.34299999999999997,0.135,x,D,2.048601698757679,0.16921272705180737,0.9409478458542476
0.34299999999999997,0.135,x,mixed,0.8985026414141065,0.9496703208317304,0.9998145702377537
0.34299999999999997,0.135,x,beta,0.49776811229629175,1.5175333199845467,0.9997498400447634
0.34299999999999997,0.135,w,no,1.1764006475048505,0.6872720443957495,0.9975069909223346
0.34299999999999997,0.135,w,D,0.9249667539260386,0.9138027734810633,0.999198278297203
0.34299999999999997,0.135,w,mixed,0.49764808666528987,1.503408665387667,0.9999036367571449
0.34299999999999997,0.135,w,beta,0.37390895002027674,1.838614792536795,0.9981516412871583
0.34299999999999997,0.135,xw,no,0.9503097099012299,0.8863550618799041,0.999888942455331
0.34299999999999997,0.135,xw,D,0.8411337003538091,1.0,1.0
0.34299999999999997,0.135,xw,mixed,0.4808031162643705,1.546418522511983,0.9995077385462113
0.34299999999999997,0.135,xw,beta,0.37431938197596765,1.856064669497482,0.9975748553119937
0.34299999999999997,0.16000000000000003,,no,2.4885976858218966,0.0,0.0
0.34299999999999997,0.16000000000000003,,D,2.3022203113981834,0.06900001426893303,0.9578523026697882
0.34299999999999997,0.16000000000000003,,mixed,0.9769996275405463,0.8761133077776775,0.9971862109530616
0.34299999999999997,0.16000000000000003,,beta,0.507037390872754,1.4878261029189017,0.9998720407551824
0.34299999999999997,0.16000000000000003,x,no,1.8467003554387138,0.310315440587399,0.9448703400922317
0.34299999999999997,0.16000000000000003,x,D,2.1126951875013535,0.1667498492502127,0.9166827984333087
0.34299999999999997,0.16000000000000003,x,mixed,0.9275364064479694,0.9455729566847277,0.9997975956025252
0.34299999999999997,0.16000000000000003,x,beta,0.5164220543824359,1.507181504764375,0.999736256515924
0.34299999999999997,0.16000000000000003,w,no,1.3701481067356223,0.6619703345737072,0.9979716644461707
0.34299999999999997,0.16000000000000003,w,D,1.0482085265558065,0.915312152795299,0.9992913653890283
0.34299999999999997,0.16000000000000003,w,mixed,0.5906636303872456,1.4609596955400874,0.9999456582035114
0.34299999999999997,0.16000000000000003,w,beta,0.4440954270868461,1.7834114823848237,0.9982779350069162
0.34299999999999997,0.16000000000000003,xw,no,1.1170333883374977,0.8787151473530685,0.9999122393449015
0.34299999999999997,0.16000000000000003,xw,D,0.9807852369790409,1.0,1.0
0.34299999999999997,0.16000000000000003,xw,mixed,0.58810481127702,1.4977646067678816,0.9995480782622896
0.34299999999999997,0.16000000000000003,xw,beta,0.4582242898007837,1.7924142089305732,0.9976906017554792
0.34299999999999997,0.18500000000000003,,no,2.4885976858218966,0.0,0.0
0.34299999999999997,0.18500000000000003,,D,2.3022203113981834,0.06900001426893303,0.9578523026697882
0.34299999999999997,0.18500000000000003,,mixed,0.9769996275405463,0.8761133077776775,0.9971862109530616
0.34299999999999997,0.18500000000000003,,beta,0.507037390872754,1.4878261029189017,0.9998720407551824
0.34299999999999997,0.18500000000000003,x,no,1.78438496496439,0.36987780949401333,0.9523938570702424
0.34299999999999997,0.18500000000000003,x,D,2.2288950987360394,0.14606745796957268,0.7670651590599935
0.34299999999999997,0.18500000000000003,x,mixed,0.9586927526429596,0.9420707265615411,0.9997836737600144
0.34299999999999997,0.18500000000000003,x,beta,0.5366316129169618,1.4968649450103473,0.9997003950532397
0.34299999999999997,0.18500000000000003,w,no,1.547060200338995,0.6442963898060556,0.9984900813375871
0.34299999999999997,0.18500000000000003,w,D,1.160584129633427,0.9166593849699299,0.9993652835062705
0.34299999999999997,0.18500000000000003,w,mixed,0.6780480231360175,1.4272837064000574,0.9999607230637602
0.34299999999999997,0.18500000000000003,w,beta,0.5112675935564914,1.7384506993061202,0.9984243179835136
0.34299999999999997,0.18500000000000003,xw,no,1.2800562358447014,0.8727779638188297,0.9999270365868758
0.34299999999999997,0.18500000000000003,xw,D,1.1167570247766974,0.9999999999999999,1.0
0.34299999999999997,0.18500000000000003,xw,mixed,0.6968687943751664,1.4571818311456997,0.9996017339958411
0.34299999999999997,0.18500000000000003,xw,beta,0.5437450124085804,1.7392899460413067,0.9978295636599075
0.34299999999999997,0.21000000000000002,,no,2.4885976858218966,0.0,0.0
0.34299999999999997,0.21000000000000002,,D,2.3022203113981834,0.06900001426893303,0.9578523026697882
0.34299999999999997,0.21000000000000002,,mixed,0.9769996275405463,0.8761133077776775,0.9971862109530616
0.34299999999999997,0.21000000000000002,,beta,0.507037390872754,1.4878261029189017,0.9998720407551824
0.34299999999999997,0.21000000000000002,x,no,1.7329293166298174,0.4258740221772952,0.9594601003875713
0.34299999999999997,0.21000000000000002,x,D,2.4042026219899704,0.10553747650868714,0.4201348363098123
0.34299999999999997,0.21000000000000002,x,mixed,0.9918170257834104,0.9391568936512107,0.9997729984536209
0.34299999999999997,0.21000000000000002,x,beta,0.5581908929431085,1.4867806002371269,0.9996304817884977
0.34299999999999997,0.21000000000000002,w,no,1.7084739537012306,0.6322405664400869,0.9989629408282445
0.34299999999999997,0.21000000000000002,w,D,1.2641288845144443,0.9178428628921512,0.9994247121157135
0.34299999999999997,0.21000000000000002,w,mixed,0.760807104738556,1.3995130111741874,0.9999715850104149
0.34299999999999997,0.21000000000000002,w,beta,0.5758178280702593,1.7007428689564243,0.9985764557859901
0.34299999999999997,0.21000000000000002,xw,no,1.4398083363111522,0.868013316561051,0.9999371347515685
0.34299999999999997,0.21000000000000002,xw,D,1.2496516847511476,1.0,1.0
0.34299999999999997,0.21000000000000002,xw,mixed,0.8066782402006845,1.422799352896838,0.9996573687652235
0.34299999999999997,0.21000000000000002,xw,beta,0.6309575131470886,1.6937977183794313,0.9979779871086046
0.34299999999999997,0.23500000000000001,,no,2.4885976858218966,0.0,0.0
0.34299999999999997,0.23500000000000001,,D,2.3022203113981834,0.06900001426893303,0.9578523026697882
0.34299999999999997,0.23500000000000001,,mixed,0.9769996275405463,0.8761133077776775,0.9971862109530616
0.34299999999999997,0.23500000000000001,,beta,0.507037390872754,1.4878261029189017,0.9998720407551824
0.34299999999999997,0.23500000000000001,x,no,1.692883785829194,0.4773934716147837,0.9658175453846274
0.34299999999999997,0.23500000000000001,x,D,2.6084944148238063,0.05745603366015737,0.112181961106398
0.34299999999999997,0.23500000000000001,x,mixed,1.026753443264596,0.9368107529249269,0.9997655726795369
0.34299999999999997,0.23500000000000001,x,beta,0.5808383673373604,1.4771402757967127,0.9995079469891993
0.34299999999999997,0.23500000000000001,w,no,1.8560087982003475,0.6243795199085004,0.9993434972317402
0.34299999999999997,0.23500000000000001,w,D,1.3604566424901097,0.9188881065373783,0.9994733145707541
0.34299999999999997,0.23500000000000001,w,mixed,0.8396671971322931,1.376015966123597,0.9999796035026514
0.34299999999999997,0.23500000000000001,w,beta,0.6382123237912906,1.6683202838959887,0.9987367591662584
0.34299999999999997,0.23500000000000001,xw,no,1.5965069127240052,0.8641568370763918,0.9999453937729081
0.34299999999999997,0.23500000000000001,xw,D,1.3799236398576669,1.0,1.0
0.34299999999999997,0.23500000000000001,xw,mixed,0.9171953205054715,1.3933069032913152,0.9997091998761167
0.34299999999999997,0.23500000000000001,xw,beta,0.7198580047039197,1.6541219871135333,0.9981291533134763
0.34299999999999997,0.26,,no,2.4885976858218966,0.0,0.0
0.34299999999999997,0.26,,D,2.3022203113981834,0.06900001426893303,0.9578523026697882
0.34299999999999997,0.26,,mixed,0.9769996275405463,0.8761133077776775,0.9971862109530616
0.34299999999999997,0.26,,beta,0.507037390872754,1.4878261029189017,0.9998720407551824
0.34299999999999997,0.26,x,no,1.66392946639823,0.5240424316876929,0.9713685691786489
0.34299999999999997,0.26,x,D,2.823184243964325,0.008573031658582716,0.0020001487792994377
0.34299999999999997,0.26,x,mixed,1.0633477786911913,0.9350003773293138,0.9997612426227361
0.34299999999999997,0.26,x,beta,0.604376747082998,1.4680591801089122,0.9993198127857686
0.34299999999999997,0.26,w,no,1.9912943288818472,0.6196881308578047,0.9996180711257615
0.34299999999999997,0.26,w,D,1.4508342202165072,0.9198261639390477,0.9995137828978292
0.34299999999999997,0.26,w,mixed,0.9151527896955522,1.355785277474086,0.9999851082511255
0.34299999999999997,0.26,w,beta,0.6986775247421144,1.640021142591877,0.9988896752692782
0.34299999999999997,0.26,xw,no,1.7502467214759818,0.8610645004518899,0.9999533562669177
0.34299999999999997,0.26,xw,D,1.5079076487200747,1.0,1.0
0.34299999999999997,0.26,xw,mixed,1.0281310416440583,1.367751715675519,0.9997548308608589
0.34299999999999997,0.26,xw,beta,0.8103651167418224,1.619056927126495,0.9982795555381521
0.34299999999999997,0.28500000000000003,,no,2.4885976858218966,0.0,0.0
0.34299999999999997,0.28500000000000003,,D,2.3022203113981834,0.06900001426893303,0.9578523026697882
0.34299999999999997,0.28500000000000003,,mixed,0.9769996275405463,0.8761133077776775,0.9971862109530616
0.34299999999999997,0.28500000000000003,,beta,0.507037390872754,1.4878261029189017,0.9998720407551824
0.34299999999999997,0.28500000000000003,x,no,1.6452423431928471,0.5658008429301622,0.976114244996868
0.34299999999999997,0.28500000000000003,x,D,3.0260367071975334,-0.03448423282255977,0.025418545817730287
0.34299999999999997,0.28500000000000003,x,mixed,1.1014497496923323,0.9336854841083378,0.9997597383077397
0.34299999999999997,0.28500000000000003,x,beta,0.628773363550523,1.4594873911337272,0.9990720794561598
0.34299999999999997,0.28500000000000003,w,no,2.115851916793662,0.6174148089938685,0.9997914868784162
0.34299999999999997,0.28500000000000003,w,D,1.5362583937003167,0.9206854973350554,0.9995480609802019
0.34299999999999997,0.28500000000000003,w,mixed,0.9877065032458612,1.3381249462945897,0.99998859996919
0.34299999999999997,0.28500000000000003,w,beta,0.7575524074288538,1.6149258503314605,0.9990389678515263
0.34299999999999997,0.28500000000000003,xw,no,1.9010697456648218,0.8586437005543224,0.9999615185207865
0.34299999999999997,0.28500000000000003,xw,D,1.6338515305860868,1.0,1.0
0.34299999999999997,0.28500000000000003,xw,mixed,1.1392393144392334,1.3454175435498206,0.9997937308918435
0.34299999999999997,0.28500000000000003,xw,beta,0.9023593335741734,1.5877486208528213,0.9984277684221229
0.34299999999999997,0.31000000000000005,,no,2.4885976858218966,0.0,0.0
0.34299999999999997,0.31000000000000005,,D,2.3022203113981834,0.06900001426893303,0.9578523026697882
0.34299999999999997,0.31000000000000005,,mixed,0.9769996275405463,0.8761133077776775,0.9971862109530616
0.34299999999999997,0.31000000000000005,,beta,0.507037390872754,1.4878261029189017,0.9998720407551824
0.34299999999999997,0.31000000000000005,x,no,1.6357624882930888,0.6028914304449099,0.9801118663693753
0.34299999999999997,0.31000000000000005,x,D,3.163384879521415,-0.05695033432189387,0.0585173009727481
0.34299999999999997,0.31000000000000005,x,mixed,1.1409150265611605,0.9328202127704973,0.9997607149172053
0.34299999999999997,0.31000000000000005,x,beta,0.6537918936136679,1.451541580348769,0.9987490175004835
0.34299999999999997,0.31000000000000005,w,no,2.2310505343965708,0.616999276653996,0.9998774959319595
0.34299999999999997,0.31000000000000005,w,D,1.617519235924567,0.9214897000490991,0.9995775536297756
0.34299999999999997,0.31000000000000005,w,mixed,1.0577153576632414,1.3225279779088037,0.9999905489795431
0.34299999999999997,0.31000000000000005,w,beta,0.8149220886551813,1.5925106901369017,0.9991700176469835
0.34299999999999997,0.31000000000000005,xw,no,2.0490070859252185,0.856822920183301,0.9999697091820909
0.34299999999999997,0.31000000000000005,xw,D,1.7579436239959105,1.0,1.0
0.34299999999999997,0.31000000000000005,xw,mixed,1.2503166018059313,1.3257511732326919,0.9998262899494661
0.34299999999999997,0.31000000000000005,xw,beta,0.9956849792021539,1.5595746694909787,0.9985727767240886
0.34299999999999997,0.335,,no,2.4885976858218966,0.0,0.0
0.34299999999999997,0.335,,D,2.3022203113981834,0.06900001426893303,0.9578523026697882
0.34299999999999997,0.335,,mixed,0.9769996275405463,0.8761133077776775,0.9971862109530616
0.34299999999999997,0.335,,beta,0.507037390872754,1.4878261029189017,0.9998720407551824
0.34299999999999997,0.335,x,no,1.634370033861158,0.6356753521800261,0.983445365349797
0.34299999999999997,0.335,x,D,3.246904116363476,-0.06302634433691832,0.060901177303051
0.34299999999999997,0.335,x,mixed,1.1816068101624397,0.9323556589032906,0.9997637902467728
0.34299999999999997,0.335,x,beta,0.6792088040362106,1.444305562414268,0.9983376933250334
0.34299999999999997,0.335,w,no,2.3380979625673746,0.6180176704861936,0.999892980460908
0.34299999999999997,0.335,w,D,1.695249007617114,0.9222573389270754,0.9996032850223048
0.34299999999999997,0.335,w,mixed,1.12551229482393,1.3086166827600785,0.9999913507828023
0.34299999999999997,0.335,w,beta,0.8709701804095802,1.5723060059197753,0.9992828335031632
0.34299999999999997,0.335,xw,no,2.19410004318457,0.8555394621296664,0.9999774242855678
0.34299999999999997,0.335,xw,D,1.8803330339621553,1.0,1.0
0.34299999999999997,0.335,xw,mixed,1.3611998997930157,1.3083166688055685,0.9998532760762643
0.34299999999999997,0.335,xw,beta,1.090213098597937,1.5340420730070154,0.9987164551995955
0.34299999999999997,0.36000000000000004,,no,2.4885976858218966,0.0,0.0
0.34299999999999997,0.36000000000000004,,D,2.3022203113981834,0.06900001426893303,0.9578523026697882
0.34299999999999997,0.36000000000000004,,mixed,0.9769996275405463,0.8761133077776775,0.9971862109530616
0.34299999999999997,0.36000000000000004,,beta,0.507037390872754,1.4878261029189017,0.9998720407551824
0.34299999999999997,0.36000000000000004,x,no,1.639987614607248,0.6645769903631789,0.9862065553417425
0.34299999999999997,0.36000000000000004,x,D,3.2760950783922715,-0.03128021763188154,0.011795078238823531
0.34299999999999997,0.36000000000000004,x,mixed,1.2233969670532345,0.9322420591319754,0.9997685755383231
0.34299999999999997,0.36000000000000004,x,beta,0.7042988552529175,1.438224135784413,0.9977713680851197
0.34299999999999997,0.36000000000000004,w,no,2.4380482236702457,0.62014519984666,0.9998547195022364
0.34299999999999997,0.36000000000000004,w,D,1.7699588650238949,0.9230025541039177,0.9996260109986617
0.34299999999999997,0.36000000000000004,w,mixed,1.191381718101535,1.2961039254286288,0.9999913212992575
0.34299999999999997,0.36000000000000004,w,beta,0.9258372821543635,1.553963045796729,0.9993777489105354
0.34299999999999997,0.36000000000000004,xw,no,2.3364082877272594,0.8547351252473866,0.9999840736699438
0.34299999999999997,0.36000000000000004,xw,D,2.0011434961885617,1.0,1.0
0.34299999999999997,0.36000000000000004,xw,mixed,1.471763943856086,1.2927649615486687,0.9998755479147934
0.34299999999999997,0.36000000000000004,xw,beta,1.1857582322495857,1.5107909586406296,0.9988540227192192
0.34299999999999997,0.385,,no,2.4885976858218966,0.0,0.0
0.34299999999999997,0.385,,D,2.3022203113981834,0.06900001426893303,0.9578523026697882
0.34299999999999997,0.385,,mixed,0.9769996275405463,0.8761133077776775,0.9971862109530616
0.34299999999999997,0.385,,beta,0.507037390872754,1.4878261029189017,0.9998720407551824
0.34299999999999997,0.385,x,no,1.6516325550965365,0.6900340535463229,0.9884843622134591
0.34299999999999997,0.385,x,D,2.698818417122504,0.17047430236467004,0.08407519487170256
0.34299999999999997,0.385,x,mixed,1.2661667461379287,0.932430570145546,0.9997746985703314
0.34299999999999997,0.385,x,beta,0.7482150697591063,1.4193645898300968,0.9986641362262196
0.34299999999999997,0.385,w,no,2.5318157157747385,0.6231302448477798,0.9997777779784848
0.34299999999999997,0.385,w,D,1.8420662573950952,0.9237358346586247,0.9996462969777851
0.34299999999999997,0.385,w,mixed,1.2555660476093613,1.284767366667403,0.9999907060189618
0.34299999999999997,0.385,w,beta,0.9796559933955254,1.537202447680497,0.9994566124636108
0.34299999999999997,0.385,xw,no,2.47601097509274,0.8543550907515017,0.9999891354265298
0.34299999999999997,0.385,xw,D,2.120482388101331,0.9999999999999999,1.0
0.34299999999999997,0.385,xw,mixed,1.5819161579739096,1.2788133739614391,0.9998939174713263
0.34299999999999997,0.385,xw,beta,1.2818079475088138,1.4896694702624627,0.9989648525229197
0.34299999999999997,0.41000000000000003,,no,2.4885976858218966,0.0,0.0
0.34299999999999997,0.41000000000000003,,D,2.3022203113981834,0.06900001426893303,0.9578523026697882
0.34299999999999997,0.41000000000000003,,mixed,0.9769996275405463,0.8761133077776775,0.9971862109530616
0.34299999999999997,0.41000000000000003,,beta,0.507037390872754,1.4878261029189017,0.9998720407551824
0.34299999999999997,0.41000000000000003,x,no,1.668434707754468,0.7124682359463944,0.990359408916958
0.34299999999999997,0.41000000000000003,x,D,2.362305500989533,0.320390602931236,0.20878243382804051
0.34299999999999997,0.41000000000000003,x,mixed,1.309807115803596,0.9328746317948193,0.9997818191485109
0.34299999999999997,0.41000000000000003,x,beta,0.7941390363897516,1.401028860371965,0.9994618819743529
0.34299999999999997,0.41000000000000003,w,no,2.6201913600581532,0.6267760432082261,0.9996748661395288
0.34299999999999997,0.41000000000000003,w,D,1.9119154304665003,0.9244647546667293,0.9996645718543656
0.34299999999999997,0.41000000000000003,w,mixed,1.3182720450765886,1.2744319534893904,0.9999896925462488
0.34299999999999997,0.41000000000000003,w,beta,1.0325545361104513,1.5217952798220775,0.999522228815016
0.34299999999999997,0.41000000000000003,xw,no,2.613004355744056,0.8543479531850491,0.9999922340854006
0.34299999999999997,0.41000000000000003,xw,D,2.238446334348842,0.9999999999999999,1.0
0.34299999999999997,0.41000000000000003,xw,mixed,1.691591964455663,1.2662307060633846,0.9999090953472815
0.34299999999999997,0.41000000000000003,xw,beta,1.378131847512864,1.47043446444612,0.9990531059068741
0.34299999999999997,0.43500000000000005,,no,2.4885976858218966,0.0,0.0
0.34299999999999997,0.43500000000000005,,D,2.3022203113981834,0.06900001426893303,0.9578523026697882
0.34299999999999997,0.43500000000000005,,mixed,0.9769996275405463,0.8761133077776775,0.9971862109530616
0.34299999999999997,0.43500000000000005,,beta,0.507037390872754,1.4878261029189017,0.9998720407551824
0.34299999999999997,0.43500000000000005,x,no,1.6896424760385027,0.7322674601715159,0.9919019082276217
0.34299999999999997,0.43500000000000005,x,D,2.441899448675703,0.3061883995380703,0.16788924287626972
0.34299999999999997,0.43500000000000005,x,mixed,1.3542188159267852,0.9335309194612657,0.9997896379535214
0.34299999999999997,0.43500000000000005,x,beta,0.837111572731738,1.386323656507561,0.9997292875583723
0.34299999999999997,0.43500000000000005,w,no,2.703858502824277,0.6309275130862395,0.999556243229935
0.34299999999999997,0.43500000000000005,w,D,1.9797928695670115,0.925194604528129,0.999681165487292
0.34299999999999997,0.43500000000000005,w,mixed,1.3796764465307132,1.2649577674776376,0.9999884225756087
0.34299999999999997,0.43500000000000005,w,beta,1.0846525206033384,1.5075535392746293,0.9995773135412817
0.34299999999999997,0.43500000000000005,xw,no,2.7474980478044677,0.8546660084719979,0.999993164394192
0.34299999999999997,0.43500000000000005,xw,D,2.3551245465860844,0.9999999999999999,1.0
0.34299999999999997,0.43500000000000005,xw,mixed,1.800749684992892,1.2548264054052407,0.9999216779985028
0.34299999999999997,0.43500000000000005,xw,beta,1.4786507364906993,1.4513896167766671,0.9993514883203448
0.34299999999999997,0.46,,no,2.4885976858218966,0.0,0.0
0.34299999999999997,0.46,,D,2.3022203113981834,0.06900001426893303,0.9578523026697882
0.34299999999999997,0.46,,mixed,0.9769996275405463,0.8761133077776775,0.9971862109530616
0.34299999999999997,0.46,,beta,0.507037390872754,1.4878261029189017,0.9998720407551824
0.34299999999999997,0.46,x,no,1.714610692698537,0.7497803579517246,0.9931714407315541
0.34299999999999997,0.46,x,D,2.273875367646018,0.4645254887690196,0.48510727166560874
0.34299999999999997,0.46,x,mixed,1.3993107306400265,0.9343605061951059,0.9997979280974528
0.34299999999999997,0.46,x,beta,0.8765362334824559,1.3751242255510208,0.9997523930343573
0.34299999999999997,0.46,w,no,2.783407573417788,0.6354616167738744,0.999429899831444
0.34299999999999997,0.46,w,D,2.0459390344731183,0.92592890726374,0.9996963350176794
0.34299999999999997,0.46,w,mixed,1.4399307915395936,1.2562314294822892,0.9999870020601809
0.34299999999999997,0.46,w,beta,1.1360598838928586,1.4943218612544116,0.999624115298525
0.34299999999999997,0.46,xw,no,2.8796110618582587,0.8552654878764527,0.9999918813139294
0.34299999999999997,0.46,xw,D,2.4706007192390222,0.9999999999999998,1.0
0.34299999999999997,0.46,xw,mixed,1.909366025846626,1.2444423285941821,0.9999321543797417
0.34299999999999997,0.46,xw,beta,1.5765146268260208,1.434891134995815,0.9994486916332529
0.34299999999999997,0.48500000000000004,,no,2.4885976858218966,0.0,0.0
0.34299999999999997,0.48500000000000004,,D,2.3022203113981834,0.06900001426893303,0.9578523026697882
0.34299999999999997,0.48500000000000004,,mixed,0.9769996275405463,0.8761133077776775,0.9971862109530616
0.34299999999999997,0.48500000000000004,,beta,0.507037390872754,1.4878261029189017,0.9998720407551824
0.34299999999999997,0.48500000000000004,x,no,1.742792192584284,0.7653136134679153,0.9942177029719388
0.34299999999999997,0.48500000000000004,x,D,2.181276504978922,0.5362456719068873,0.6097777153100059
0.34299999999999997,0.48500000000000004,x,mixed,1.4450004233663196,0.9353287265021673,0.9998065105337941
0.34299999999999997,0.48500000000000004,x,beta,0.9178605953891343,1.363812111285875,0.9997998137319046
0.34299999999999997,0.48500000000000004,w,no,2.859349131741884,0.6402802099141165,0.999301860811158
0.34299999999999997,0.48500000000000004,w,D,2.110557355390232,0.9266698327867803,0.9997102835471751
0.34299999999999997,0.48500000000000004,w,mixed,1.4991654845021574,1.2481599125581235,0.999985509409313
0.34299999999999997,0.48500000000000004,w,beta,1.1868728199765728,1.4819727528938205,0.9996643315131725
0.34299999999999997,0.48500000000000004,xw,no,3.0094681488005923,0.8561066456604668,0.9999884724313685
0.34299999999999997,0.48500000000000004,xw,D,2.5849540425741564,0.9999999999999999,1.0
0.34299999999999997,0.48500000000000004,xw,mixed,2.0174320855528705,1.2349464148130822,0.9999409200330969
0.34299999999999997,0.48500000000000004,xw,beta,1.6741998529244104,1.4197638113090667,0.9995208675600885
0.34299999999999997,0.51,,no,2.4885976858218966,0.0,0.0
0.34299999999999997,0.51,,D,2.3022203113981834,0.06900001426893303,0.9578523026697882
0.34299999999999997,0.51,,mixed,0.9769996275405463,0.8761133077776775,0.9971862109530616
0.34299999999999997,0.51,,beta,0.507037390872754,1.4878261029189017,0.9998720407551824
0.34299999999999997,0.51,x,no,1.7737232350022245,0.7791342870342065,0.9950816744211571
0.34299999999999997,0.51,x,D,2.05879667563821,0.6169889249150775,0.7539190363480954
0.34299999999999997,0.51,x,mixed,1.4912159029492476,0.9364043869139156,0.9998152011421712
0.34299999999999997,0.51,x,beta,0.9593379532630077,1.3533752893263675,0.9998202091136456
0.34299999999999997,0.51,w,no,2.932125241224926,0.6453046671485722,0.9991765196937534
0.34299999999999997,0.51,w,D,2.1738212033111064,0.9274185242461858,0.9997231735458112
0.34299999999999997,0.51,w,mixed,1.5574931777905536,1.2406660159589438,0.9999840019308294
0.34299999999999997,0.51,w,beta,1.2371703673508214,1.4704027591091047,0.9996991755355561
0.34299999999999997,0.51,xw,no,3.137196678788991,0.857153708172077,0.9999831239846315
0.34299999999999997,0.51,xw,D,2.6982597017065597,0.9999999999999999,1.0
0.34299999999999997,0.51,xw,mixed,2.124950004515253,1.2262277412530747,0.9999482927367337
0.34299999999999997,0.51,xw,beta,1.7718051739873342,1.4057996540347049,0.999578580550398
0.38350000000000006,0.01,,no,2.4885976858218966,0.0,0.0
0.38350000000000006,0.01,,D,2.3422628338181704,0.06173435569751163,0.948968627045011
0.38350000000000006,0.01,,mixed,1.0407164846409032,0.8991138449524876,0.9981399140183269
0.38350000000000006,0.01,,beta,0.6074197780443034,1.4788254992181993,0.9999640934939383
0.38350000000000006,0.01,x,no,2.2333847135937526,0.007178947683636055,0.9471374768779656
0.38350000000000006,0.01,x,D,1.9337331916619669,0.15409216226785957,0.9399123237771998
0.38350000000000006,0.01,x,mixed,0.8751978799071545,0.9824433140953877,0.999951492822374
0.38350000000000006,0.01,x,beta,0.532287293245645,1.5421226271415245,0.99964163456191
0.38350000000000006,0.01,w,no,0.3803589079890911,0.11562648124312894,0.7858808859751071
0.38350000000000006,0.01,w,D,0.3818420996339551,0.11445154000491624,0.7381808597775719
0.38350000000000006,0.01,w,mixed,0.06965620788982002,1.476694798109653,0.9089158905456103
0.38350000000000006,0.01,w,beta,0.016375853300776785,2.7108694821353394,0.9890242236339032
0.38350000000000006,0.01,xw,no,0.06690004353164747,0.9965292080398417,0.9999990093629337
0.38350000000000006,0.01,xw,D,0.0666357010119365,0.9999999999999999,1.0
0.38350000000000006,0.01,xw,mixed,0.025950949260748594,1.988053904027978,0.9999986037852422
0.38350000000000006,0.01,xw,beta,0.01218643503123095,2.8564720822442844,0.9998749082125123
0.38350000000000006,0.035,,no,2.4885976858218966,0.0,0.0
0.38350000000000006,0.035,,D,2.3422628338181704,0.06173435569751163,0.948968627045011
0.38350000000000006,0.035,,mixed,1.0407164846409032,0.8991138449524876,0.9981399140183269
0.38350000000000006,0.035,,beta,0.6074197780443034,1.4788254992181993,0.9999640934939383
0.38350000000000006,0.035,x,no,2.1987107237807066,0.03578309682629985,0.9298368550663707
0.38350000000000006,0.035,x,D,1.9635639309718813,0.15035682414596874,0.9372709428568129
0.38350000000000006,0.035,x,mixed,0.8897868056525283,0.9771210346063597,0.9999367545130949
0.38350000000000006,0.035,x,beta,0.5408748702435853,1.5360385077659153,0.9996666172613093
0.38350000000000006,0.035,w,no,0.25508448606799683,0.9661075176483542,0.9973640283013305
0.38350000000000006,0.035,w,D,0.24543602093992783,0.9763777648790172,0.9990649765531442
0.38350000000000006,0.035,w,mixed,0.11369551379191326,1.8378510825629322,0.9992351945027816
0.38350000000000006,0.035,w,beta,0.08646632300588972,2.340880581918315,0.9985760539042844
0.38350000000000006,0.035,xw,no,0.24057045278203712,0.9674003860002639,0.9999341333368272
0.38350000000000006,0.035,xw,D,0.23204874818142676,0.9999999999999999,1.0
0.38350000000000006,0.035,xw,mixed,0.10200910344874216,1.889513238450721,0.9999032562313797
0.38350000000000006,0.035,xw,beta,0.07878117812636155,2.385540718513683,0.9984481571746592
0.38350000000000006,0.060000000000000005,,no,2.4885976858218966,0.0,0.0
0.38350000000000006,0.060000000000000005,,D,2.3422628338181704,0.06173435569751163,0.948968627045011
0.38350000000000006,0.060000000000000005,,mixed,1.0407164846409032,0.8991138449524876,0.9981399140183269
0.38350000000000006,0.060000000000000005,,beta,0.6074197780443034,1.4788254992181993,0.9999640934939383
0.38350000000000006,0.060000000000000005,x,no,2.1424813038388884,0.07751833658457281,0.9246036187601794
0.38350000000000006,0.060000000000000005,x,D,1.9971253545516252,0.14776212882186832,0.9348603901410721
0.38350000000000006,0.060000000000000005,x,mixed,0.906890118791901,0.9720344312282477,0.9999211897439771
0.38350000000000006,0.060000000000000005,x,beta,0.5514812790656876,1.529211836957637,0.9996903217446521
0.38350000000000006,0.060000000000000005,w,no,0.4949377805918643,0.8511742961341381,0.9972215043095374
0.38350000000000006,0.060000000000000005,w,D,0.4410537280885654,0.9407076137470011,0.9996690096175617
0.38350000000000006,0.060000000000000005,w,mixed,0.21332792453825583,1.7333454957635124,0.9997681408136981
0.38350000000000006,0.060000000000000005,w,beta,0.1806727105101681,2.1117846307944794,0.9981322692874661
0.38350000000000006,0.060000000000000005,xw,no,0.4220607158881493,0.9350744108662207,0.999836013818719
0.38350000000000006,0.060000000000000005,xw,D,0.39393569547017243,1.0,1.0
0.38350000000000006,0.060000000000000005,xw,mixed,0.1964360652583526,1.7761691746990327,0.9997030534823633
0.38350000000000006,0.060000000000000005,xw,beta,0.1690960958651577,2.1459678605394767,0.997741642826541
0.38350000000000006,0.085,,no,2.4885976858218966,0.0,0.0
0.38350000000000006,0.085,,D,2.3422628338181704,0.06173435569751163,0.948968627045011
0.38350000000000006,0.085,,mixed,1.0407164846409032,0.8991138449524876,0.9981399140183269
0.38350000000000006,0.085,,beta,0.6074197780443034,1.4788254992181993,0.9999640934939383
0.38350000000000006,0.085,x,no,2.07199621862695,0.1292139792999369,0.9258010832041844
0.38350000000000006,0.085,x,D,2.0341431486670434,0.14636081103367826,0.93283671545533
0.38350000000000006,0.085,x,mixed,0.9264326250089641,0.9672404385694549,0.9999053591053111
0.38350000000000006,0.085,x,beta,0.5640841207851435,1.5217243165664813,0.9997126288369933
0.38350000000000006,0.085,w,no,0.7382933267104439,0.7736016858273292,0.9974337749524205
0.38350000000000006,0.085,w,D,0.6239763402871098,0.9255384902688392,0.9992593011890682
0.38350000000000006,0.085,w,mixed,0.3227827323897946,1.6417406779358175,0.9997287438158211
0.38350000000000006,0.085,w,beta,0.27529787145738527,1.9767192512261165,0.9979812425186562
0.38350000000000006,0.085,xw,no,0.6029834507005212,0.9119847490438283,0.9998230570753915
0.38350000000000006,0.085,xw,D,0.5508961409943508,1.0,1.0
0.38350000000000006,0.085,xw,mixed,0.30126642255761155,1.6836687187234016,0.9995595294919671
0.38350000000000006,0.085,xw,beta,0.263211136011392,2.0039845813811845,0.9975546027132164
0.38350000000000006,0.11,,no,2.4885976858218966,0.0,0.0
0.38350000000000006,0.11,,D,2.3422628338181704,0.06173435569751163,0.948968627045011
0.38350000000000006,0.11,,mixed,1.0407164846409032,0.8991138449524876,0.9981399140183269
0.38350000000000006,0.11,,beta,0.6074197780443034,1.4788254992181993,0.9999640934939383
0.38350000000000006,0.11,x,no,1.994900269710487,0.187404790057993,0.9306225246608613
0.38350000000000006,0.11,x,D,2.074311647309223,0.14619219067690778,0.9313559749251542
0.38350000000000006,0.11,x,mixed,0.9483284226224966,0.9627866938996303,0.9998898139994263
0.38350000000000006,0.11,x,beta,0.578638763255759,1.5136760837973502,0.9997329952057485
0.38350000000000006,0.11,w,no,0.9653560677826897,0.7230622001000397,0.9972666228463906
0.38350000000000006,0.11,w,D,0.7797724566991584,0.9257553575977402,0.9993347710653572
0.38350000000000006,0.11,w,mixed,0.43240734984373597,1.571292735735631,0.9998174317180268
0.38350000000000006,0.11,w,beta,0.3652134648989131,1.8856490020222283,0.9980232805786711
0.38350000000000006,0.11,xw,no,0.7791965691068353,0.8967699247605992,0.9998554199800777
0.38350000000000006,0.11,xw,D,0.7025636973985676,1.0,1.0
0.38350000000000006,0.11,xw,mixed,0.4105836028509425,1.6112617649660164,0.9995022499263649
0.38350000000000006,0.11,xw,beta,0.35689816447436334,1.9063957095343942,0.9975843543549185
0.38350000000000006,0.135,,no,2.4885976858218966,0.0,0.0
0.38350000000000006,0.135,,D,2.3422628338181704,0.06173435569751163,0.948968627045011
0.38350000000000006,0.135,,mixed,1.0407164846409032,0.8991138449524876,0.9981399140183269
0.38350000000000006,0.135,,beta,0.6074197780443034,1.4788254992181993,0.9999640934939383
0.38350000000000006,0.135,x,no,1.9180364222838193,0.2487396017733024,0.9373597370674174
0.38350000000000006,0.135,x,D,2.1179555759909694,0.1470201220268305,0.9294370686988018
0.38350000000000006,0.135,x,mixed,0.972481998377484,0.9587104840084915,0.9998750613401185
0.38350000000000006,0.135,x,beta,0.595087657322583,1.5051728262334814,0.9997508086236186
0.38350000000000006,0.135,w,no,1.1764006475048505,0.6872720443957495,0.9975069909223346
0.38350000000000006,0.135,w,D,0.9210383782009953,0.9263877307566943,0.9994041981919792
0.38350000000000006,0.135,w,mixed,0.5371769829025302,1.5179115990198906,0.9998802746352236
0.38350000000000006,0.135,w,beta,0.44980194271733476,1.818655529678751,0.9981566320917714
0.38350000000000006,0.135,xw,no,0.9503097099012299,0.8863550618799041,0.999888942455331
0.38350000000000006,0.135,xw,D,0.8492497140573138,1.0,1.0
0.38350000000000006,0.135,xw,mixed,0.5217599877073484,1.5536373381688138,0.9995043804279141
0.38350000000000006,0.135,xw,beta,0.4497953788920475,1.8328658057298413,0.9977074407532787
0.38350000000000006,0.16000000000000003,,no,2.4885976858218966,0.0,0.0
0.38350000000000006,0.16000000000000003,,D,2.3422628338181704,0.06173435569751163,0.948968627045011
0.38350000000000006,0.16000000000000003,,mixed,1.0407164846409032,0.8991138449524876,0.9981399140183269
0.38350000000000006,0.16000000000000003,,beta,0.6074197780443034,1.4788254992181993,0.9999640934939383
0.38350000000000006,0.16000000000000003,x,no,1.8467003554387138,0.310315440587399,0.9448703400922317
0.38350000000000006,0.16000000000000003,x,D,2.1801674441854493,0.1427421102991046,0.8974614054492268
0.38350000000000006,0.16000000000000003,x,mixed,0.9987895431323139,0.9550382592842497,0.9998615348822468
0.38350000000000006,0.16000000000000003,x,beta,0.6133608103210004,1.4963221065469343,0.999765330293291
0.38350000000000006,0.16000000000000003,w,no,1.3701481067356223,0.6619703345737072,0.9979716644461707
0.38350000000000006,0.16000000000000003,w,D,1.0496047826516521,0.9271364122124451,0.9994628847594218
0.38350000000000006,0.16000000000000003,w,mixed,0.6355421606357112,1.4766792296589257,0.9999053910567732
0.38350000000000006,0.16000000000000003,w,beta,0.5294959591861503,1.7664425320197508,0.9983293559844273
0.38350000000000006,0.16000000000000003,xw,no,1.1170333883374977,0.8787151473530685,0.9999122393449015
0.38350000000000006,0.16000000000000003,xw,D,0.9915586914517399,1.0,1.0
0.38350000000000006,0.16000000000000003,xw,mixed,0.6337697394430981,1.506637294721069,0.999538599766243
0.38350000000000006,0.16000000000000003,xw,beta,0.5423436580687595,1.7740717822010632,0.9978709282685301
0.38350000000000006,0.18500000000000003,,no,2.4885976858218966,0.0,0.0
0.38350000000000006,0.18500000000000003,,D,2.3422628338181704,0.06173435569751163,0.948968627045011
0.38350000000000006,0.18500000000000003,,mixed,1.0407164846409032,0.8991138449524876,0.9981399140183269
0.38350000000000006,0.18500000000000003,,beta,0.6074197780443034,1.4788254992181993,0.9999640934939383
0.38350000000000006,0.18500000000000003,x,no,1.78438496496439,0.36987780949401333,0.9523938570702424
0.38350000000000006,0.18500000000000003,x,D,2.2887896164426156,0.12259784591717089,0.7341494373725627
0.38350000000000006,0.18500000000000003,x,mixed,1.02714045346509,0.9517856892734714,0.9998495754600603
0.38350000000000006,0.18500000000000003,x,beta,0.6333748083000397,1.4872314813996288,0.9997755354433829
0.38350000000000006,0.18500000000000003,w,no,1.547060200338995,0.6442963898060556,0.9984900813375871
0.38350000000000006,0.18500000000000003,w,D,1.1674358507988698,0.9278743215677011,0.9995114850772359
0.38350000000000006,0.18500000000000003,w,mixed,0.7281839178923164,1.4434962868030419,0.999924822605903
0.38350000000000006,0.18500000000000003,w,beta,0.6049545741717418,1.7240425693477737,0.99851756356781
0.38350000000000006,0.18500000000000003,xw,no,1.2800562358447014,0.8727779638188297,0.9999270365868758
0.38350000000000006,0.18500000000000003,xw,D,1.1301373596660493,1.0,1.0
0.38350000000000006,0.18500000000000003,xw,mixed,0.7462166564062038,1.4674525664817297,0.9995867132536483
0.38350000000000006,0.18500000000000003,xw,beta,0.6350364662229262,1.7251394077289828,0.9980500660666486
0.38350000000000006,0.21000000000000002,,no,2.4885976858218966,0.0,0.0
0.38350000000000006,0.21000000000000002,,D,2.3422628338181704,0.06173435569751163,0.948968627045011
0.38350000000000006,0.21000000000000002,,mixed,1.0407164846409032,0.8991138449524876,0.9981399140183269
0.38350000000000006,0.21000000000000002,,beta,0.6074197780443034,1.4788254992181993,0.9999640934939383
0.38350000000000006,0.21000000000000002,x,no,1.7329293166298174,0.4258740221772952,0.9594601003875713
0.38350000000000006,0.21000000000000002,x,D,2.443869107648746,0.08718282340962527,0.3961055311437911
0.38350000000000006,0.21000000000000002,x,mixed,1.0574189698930863,0.9489581966036148,0.9998394210348842
0.38350000000000006,0.21000000000000002,x,beta,0.6550295825092752,1.4780088880989035,0.9997798204799364
0.38350000000000006,0.21000000000000002,w,no,1.7084739537012306,0.6322405664400869,0.9989629408282445
0.38350000000000006,0.21000000000000002,w,D,1.2763012594448564,0.9285560044796348,0.9995517037483559
0.38350000000000006,0.21000000000000002,w,mixed,0.8158682072017732,1.4159625354716328,0.9999416724236548
0.38350000000000006,0.21000000000000002,w,beta,0.6767339015650895,1.688610451801851,0.9987014871553369
0.38350000000000006,0.21000000000000002,xw,no,1.4398083363111522,0.868013316561051,0.9999371347515685
0.38350000000000006,0.21000000000000002,xw,D,1.2655570005079857,1.0,1.0
0.38350000000000006,0.21000000000000002,xw,mixed,0.858921765910023,1.4341989221990794,0.999638156942874
0.38350000000000006,0.21000000000000002,xw,beta,0.7282465278955422,1.6832640403067665,0.9982325814257986
0.38350000000000006,0.23500000000000001,,no,2.4885976858218966,0.0,0.0
0.38350000000000006,0.23500000000000001,,D,2.3422628338181704,0.06173435569751163,0.948968627045011
0.38350000000000006,0.23500000000000001,,mixed,1.0407164846409032,0.8991138449524876,0.9981399140183269
0.38350000000000006,0.23500000000000001,,beta,0.6074197780443034,1.4788254992181993,0.9999640934939383
0.38350000000000006,0.23500000000000001,x,no,1.692883785829194,0.4773934716147837,0.9658175453846274
0.38350000000000006,0.23500000000000001,x,D,2.622130857627817,0.045634966662878466,0.10013736987057498
0.38350000000000006,0.23500000000000001,x,mixed,1.0895058887563236,0.9465518809155108,0.9998312061341046
0.38350000000000006,0.23500000000000001,x,beta,0.6782022213302307,1.4687654090409472,0.9997754625233413
0.38350000000000006,0.23500000000000001,w,no,1.8560087982003475,0.6243795199085004,0.9993434972317402
0.38350000000000006,0.23500000000000001,w,D,1.3776887912420663,0.9291734042263009,0.9995852633205187
0.38350000000000006,0.23500000000000001,w,mixed,0.8991928078916654,1.3926379011159618,0.9999555654176149
0.38350000000000006,0.23500000000000001,w,beta,0.7452361735809657,1.6584117910007357,0.998862909868345
0.38350000000000006,0.23500000000000001,xw,no,1.5965069127240052,0.8641568370763918,0.9999453937729081
0.38350000000000006,0.23500000000000001,xw,D,1.3982788533132007,1.0,1.0
0.38350000000000006,0.23500000000000001,xw,mixed,0.9717673461819993,1.405579119214451,0.9996873729771586
0.38350000000000006,0.23500000000000001,xw,beta,0.8222021067700788,1.6467113556613668,0.9984118736226811
0.38350000000000006,0.26,,no,2.4885976858218966,0.0,0.0
0.38350000000000006,0.26,,D,2.3422628338181704,0.06173435569751163,0.948968627045011
0.38350000000000006,0.26,,mixed,1.0407164846409032,0.8991138449524876,0.9981399140183269
0.38350000000000006,0.26,,beta,0.6074197780443034,1.4788254992181993,0.9999640934939383
0.38350000000000006,0.26,x,no,1.66392946639823,0.5240424316876929,0.9713685691786489
0.38350000000000006,0.26,x,D,2.8091646122189258,0.003090800866951837,0.0003740882492659914
0.38350000000000006,0.26,x,mixed,1.1232802834510742,0.9445547273601911,0.9998249692172624
0.38350000000000006,0.26,x,beta,0.7027364037310807,1.45962094458222,0.9997575695186403
0.38350000000000006,0.26,w,no,1.9912943288818472,0.6196881308578047,0.9996180711257615
0.38350000000000006,0.26,w,D,1.4728150922997747,0.929733865845345,0.9996136067067647
0.38350000000000006,0.26,w,mixed,0.9787016801513795,1.3725487323812322,0.9999665877970131
0.38350000000000006,0.26,w,beta,0.8108951296407648,1.6322225014575416,0.9990002669997756
0.38350000000000006,0.26,xw,no,1.7502467214759818,0.8610645004518899,0.9999533562669177
0.38350000000000006,0.26,xw,D,1.5286592960400598,1.0,1.0
0.38350000000000006,0.26,xw,mixed,1.084647632447893,1.3806683512731928,0.99973181309538
0.38350000000000006,0.26,xw,beta,0.9170034024948218,1.6143464083791466,0.9985838071084264
0.38350000000000006,0.28500000000000003,,no,2.4885976858218966,0.0,0.0
0.38350000000000006,0.28500000000000003,,D,2.3422628338181704,0.06173435569751163,0.948968627045011
0.38350000000000006,0.28500000000000003,,mixed,1.0407164846409032,0.8991138449524876,0.9981399140183269
0.38350000000000006,0.28500000000000003,,beta,0.6074197780443034,1.4788254992181993,0.9999640934939383
0.38350000000000006,0.28500000000000003,x,no,1.6452423431928471,0.5658008429301622,0.976114244996868
0.38350000000000006,0.28500000000000003,x,D,2.987915810769466,-0.03530480918568184,0.038428759708270976
0.38350000000000006,0.28500000000000003,x,mixed,1.1586211699235671,0.9429479914708537,0.99982066585477
0.38350000000000006,0.28500000000000003,x,beta,0.7284249966104245,1.4507138251903693,0.9997168137155785
0.38350000000000006,0.28500000000000003,w,no,2.115851916793662,0.6174148089938685,0.9997914868784162
0.38350000000000006,0.28500000000000003,w,D,1.5626664727148698,0.9302496834673726,0.9996378646401175
0.38350000000000006,0.28500000000000003,w,mixed,1.0548880115948467,1.3550025692397034,0.9999751053024856
0.38350000000000006,0.28500000000000003,w,beta,0.8740876510440735,1.6091851988029984,0.999115522168091
0.38350000000000006,0.28500000000000003,xw,no,1.9010697456648218,0.8586437005543224,0.9999615185207865
0.38350000000000006,0.28500000000000003,xw,D,1.6569692110689096,1.0,1.0
0.38350000000000006,0.28500000000000003,xw,mixed,1.1974582583329303,1.3587846401137305,0.9997706316643212
0.38350000000000006,0.28500000000000003,xw,beta,1.0126582694543325,1.5853856137442197,0.9987454481669269
0.38350000000000006,0.31000000000000005,,no,2.4885976858218966,0.0,0.0
0.38350000000000006,0.31000000000000005,,D,2.3422628338181704,0.06173435569751163,0.948968627045011
0.38350000000000006,0.31000000000000005,,mixed,1.0407164846409032,0.8991138449524876,0.9981399140183269
0.38350000000000006,0.31000000000000005,,beta,0.6074197780443034,1.4788254992181993,0.9999640934939383
0.38350000000000006,0.31000000000000005,x,no,1.6357624882930888,0.6028914304449099,0.9801118663693753
0.38350000000000006,0.31000000000000005,x,D,3.1042241636317343,-0.0541731578849152,0.07648943477443748
0.38350000000000006,0.31000000000000005,x,mixed,1.1954090538847946,0.9417076597766326,0.9998181853745646
0.38350000000000006,0.31000000000000005,x,beta,0.7549688378203606,1.442225265844505,0.9996344192633131
0.38350000000000006,0.31000000000000005,w,no,2.2310505343965708,0.616999276653996,0.9998774959319595
0.38350000000000006,0.31000000000000005,w,D,1.6480424605088226,0.9307336017640998,0.9996589013055764
0.38350000000000006,0.31000000000000005,w,mixed,1.128184040067057,1.3394948708818333,0.9999815440333986
0.38350000000000006,0.31000000000000005,w,beta,0.9351611992656147,1.5886662798586675,0.9992126343268484
0.38350000000000006,0.31000000000000005,xw,no,2.0490070859252185,0.856822920183301,0.9999697091820909
0.38350000000000006,0.31000000000000005,xw,D,1.7834152259336329,1.0,1.0
0.38350000000000006,0.31000000000000005,xw,mixed,1.310098278588405,1.3394098944662745,0.9998038811397572
0.38350000000000006,0.31000000000000005,xw,beta,1.109085576963111,1.5592755335193882,0.9988936749856303
0.38350000000000006,0.335,,no,2.4885976858218966,0.0,0.0
0.38350000000000006,0.335,,D,2.3422628338181704,0.06173435569751163,0.948968627045011
0.38350000000000006,0.335,,mixed,1.0407164846409032,0.8991138449524876,0.9981399140183269
0.38350000000000006,0.335,,beta,0.6074197780443034,1.4788254992181993,0.9999640934939383
0.38350000000000006,0.335,x,no,1.634370033861158,0.6356753521800261,0.983445365349797
0.38350000000000006,0.335,x,D,3.1658679148741795,-0.0570087484880199,0.07133336748298091
0.38350000000000006,0.335,x,mixed,1.233527312625863,0.9408058959006723,0.9998173687642444
0.38350000000000006,0.335,x,beta,0.7819791702940802,1.43436905832092,0.9994789926950358
0.38350000000000006,0.335,w,no,2.3380979625673746,0.6180176704861936,0.999892980460908
0.38350000000000006,0.335,w,D,1.7295940312565188,0.931196995397836,0.9996773725351585
0.38350000000000006,0.335,w,mixed,1.1989626172045675,1.325649843056984,0.9999863034548037
0.38350000000000006,0.335,w,beta,0.9944121779210109,1.5701969981270074,0.9992951966771062
0.38350000000000006,0.335,xw,no,2.19410004318457,0.8555394621296664,0.9999774242855678
0.38350000000000006,0.335,xw,D,1.908158001610148,1.0,1.0
0.38350000000000006,0.335,xw,mixed,1.4224755998764738,1.3221402946812832,0.9998320387605889
0.38350000000000006,0.335,xw,beta,1.2061493696126566,1.5356064376146086,0.9990257985416776
0.38350000000000006,0.36000000000000004,,no,2.4885976858218966,0.0,0.0
0.38350000000000006,0.36000000000000004,,D,2.3422628338181704,0.06173435569751163,0.948968627045011
0.38350000000000006,0.36000000000000004,,mixed,1.0407164846409032,0.8991138449524876,0.9981399140183269
0.38350000000000006,0.36000000000000004,,beta,0.6074197780443034,1.4788254992181993,0.9999640934939383
0.38350000000000006,0.36000000000000004,x,no,1.639987614607248,0.6645769903631789,0.9862065553417425
0.38350000000000006,0.36000000000000004,x,D,3.1866275580090018,-0.04849864389282895,0.042334144486314895
0.38350000000000006,0.36000000000000004,x,mixed,1.2728633736026536,0.9402124012520593,0.9998180260025267
0.38350000000000006,0.36000000000000004,x,beta,0.8093092294953053,1.4271665780201148,0.9992396783359574
0.38350000000000006,0.36000000000000004,w,no,2.4380482236702457,0.62014519984666,0.9998547195022364
0.38350000000000006,0.36000000000000004,w,D,1.8078546387304368,0.9316493040258658,0.9996937768068753
0.38350000000000006,0.36000000000000004,w,mixed,1.267543146498944,1.3131819664834887,0.9999897278389399
0.38350000000000006,0.36000000000000004,w,beta,1.0521040024935053,1.5534171771078586,0.9993663542380374
0.38350000000000006,0.36000000000000004,xw,no,2.3364082877272594,0.8547351252473866,0.9999840736699438
0.38350000000000006,0.36000000000000004,xw,D,2.0313263433552198,1.0,1.0
0.38350000000000006,0.36000000000000004,xw,mixed,1.5345099199911596,1.3066549333655615,0.9998557411933375
0.38350000000000006,0.36000000000000004,xw,beta,1.3037050478408139,1.5140537073975309,0.999141021475751
0.38350000000000006,0.385,,no,2.4885976858218966,0.0,0.0
0.38350000000000006,0.385,,D,2.3422628338181704,0.06173435569751163,0.948968627045011
0.38350000000000006,0.385,,mixed,1.0407164846409032,0.8991138449524876,0.9981399140183269
0.38350000000000006,0.385,,beta,0.6074197780443034,1.4788254992181993,0.9999640934939383
0.38350000000000006,0.385,x,no,1.6516325550965365,0.6900340535463229,0.9884843622134591
0.38350000000000006,0.385,x,D,3.1901861684078616,-0.026409303049269247,0.009679267852867102
0.38350000000000006,0.385,x,mixed,1.3133096706126037,0.9398956368713023,0.9998199515103183
0.38350000000000006,0.385,x,beta,0.8369483611509956,1.4205455498953823,0.9989286765902005
0.38350000000000006,0.385,w,no,2.5318157157747385,0.6231302448477798,0.9997777779784848
0.38350000000000006,0.385,w,D,1.8832646412753276,0.9320980119737851,0.9997084952056567
0.38350000000000006,0.385,w,mixed,1.3341986480117967,1.3018703867009993,0.999992102232865
0.38350000000000006,0.385,w,beta,1.1084527867076974,1.5380536122613708,0.9994282337767069
0.38350000000000006,0.385,xw,no,2.47601097509274,0.8543550907515017,0.9999891354265298
0.38350000000000006,0.385,xw,D,2.153027405643588,0.9999999999999999,1.0
0.38350000000000006,0.385,xw,mixed,1.6461352446102024,1.2926944630516224,0.9998756446751524
0.38350000000000006,0.385,xw,beta,1.4016189272119177,1.4943500909641225,0.9992402214559976
0.38350000000000006,0.41000000000000003,,no,2.4885976858218966,0.0,0.0
0.38350000000000006,0.41000000000000003,,D,2.3422628338181704,0.06173435569751163,0.948968627045011
0.38350000000000006,0.41000000000000003,,mixed,1.0407164846409032,0.8991138449524876,0.9981399140183269
0.38350000000000006,0.41000000000000003,,beta,0.6074197780443034,1.4788254992181993,0.9999640934939383
0.38350000000000006,0.41000000000000003,x,no,1.668434707754468,0.7124682359463944,0.990359408916958
0.38350000000000006,0.41000000000000003,x,D,3.103554685763741,0.03305999057055377,0.007499447852430174
0.38350000000000006,0.41000000000000003,x,mixed,1.35476436816379,0.9398238742186403,0.9998229369471271
0.38350000000000006,0.41000000000000003,x,beta,0.8659928403527021,1.4137597933639194,0.9986485433825212
0.38350000000000006,0.41000000000000003,w,no,2.6201913600581532,0.6267760432082261,0.9996748661395288
0.38350000000000006,0.41000000000000003,w,D,1.956190306698316,0.9325488424652045,0.999721821393717
0.38350000000000006,0.41000000000000003,w,mixed,1.3991626090928297,1.291541475142243,0.9999936577776272
0.38350000000000006,0.41000000000000003,w,beta,1.1636393628976291,1.5238937111557807,0.9994824403684168
0.38350000000000006,0.41000000000000003,xw,no,2.613004355744056,0.8543479531850491,0.9999922340854006
0.38350000000000006,0.41000000000000003,xw,D,2.2733537449219168,1.0,1.0
0.38350000000000006,0.41000000000000003,xw,mixed,1.757300052887692,1.2800466448666337,0.9998923579432927
0.38350000000000006,0.41000000000000003,xw,beta,1.4997886097558406,1.4762661866873998,0.9993253356835865
0.38350000000000006,0.43500000000000005,,no,2.4885976858218966,0.0,0.0
0.38350000000000006,0.43500000000000005,,D,2.3422628338181704,0.06173435569751163,0.948968627045011
0.38350000000000006,0.43500000000000005,,mixed,1.0407164846409032,0.8991138449524876,0.9981399140183269
0.38350000000000006,0.43500000000000005,,beta,0.6074197780443034,1.4788254992181993,0.9999640934939383
0.38350000000000006,0.43500000000000005,x,no,1.6896424760385027,0.7322674601715159,0.9919019082276217
0.38350000000000006,0.43500000000000005,x,D,2.7764417413851894,0.17617209531523426,0.09128852798805942
0.38350000000000006,0.43500000000000005,x,mixed,1.397131900719021,0.9399660421715548,0.9998267810518614
0.38350000000000006,0.43500000000000005,x,beta,0.910075719860724,1.3987625775814487,0.9993915817688527
0.38350000000000006,0.43500000000000005,w,no,2.703858502824277,0.6309275130862395,0.999556243229935
0.38350000000000006,0.43500000000000005,w,D,2.026938560693375,0.9330060177070629,0.9997339837087132
0.38350000000000006,0.43500000000000005,w,mixed,1.4626351054959943,1.2820567091813433,0.9999945797940103
0.38350000000000006,0.43500000000000005,w,beta,1.217823167542071,1.51076598706242,0.9995303150062353
0.38350000000000006,0.43500000000000005,xw,no,2.7474980478044677,0.8546660084719979,0.999993164394192
0.38350000000000006,0.43500000000000005,xw,D,2.3923880178798833,0.9999999999999999,1.0
0.38350000000000006,0.43500000000000005,xw,mixed,1.8679666613118378,1.268535960836057,0.9999064155392179
0.38350000000000006,0.43500000000000005,xw,beta,1.5981368442737314,1.4596054330560313,0.9993985660124606
0.38350000000000006,0.46,,no,2.4885976858218966,0.0,0.0
0.38350000000000006,0.46,,D,2.3422628338181704,0.06173435569751163,0.948968627045011
0.38350000000000006,0.46,,mixed,1.0407164846409032,0.8991138449524876,0.9981399140183269
0.38350000000000006,0.46,,beta,0.6074197780443034,1.4788254992181993,0.9999640934939383
0.38350000000000006,0.46,x,no,1.714610692698537,0.7497803579517246,0.9931714407315541
0.38350000000000006,0.46,x,D,1.9336057609749389,0.5035007978656366,0.32912328332673635
0.38350000000000006,0.46,x,mixed,1.440323138576522,0.940292453225867,0.9998312965926373
0.38350000000000006,0.46,x,beta,0.946100543580944,1.389570333613522,0.9993334648356986
0.38350000000000006,0.46,w,no,2.783407573417788,0.6354616167738744,0.999429899831444
0.38350000000000006,0.46,w,D,2.0957684583604035,0.9334725199049364,0.9997451613832733
0.38350000000000006,0.46,w,mixed,1.5247880697363863,1.273304086149974,0.9999950159286863
0.38350000000000006,0.46,w,beta,1.2711334523212587,1.4985353411700164,0.9995727836398117
0.38350000000000006,0.46,xw,no,2.8796110618582587,0.8552654878764527,0.9999918813139294
0.38350000000000006,0.46,xw,D,2.5102060065925165,0.9999999999999999,1.0
0.38350000000000006,0.46,xw,mixed,1.9781099124371873,1.2580160006773649,0.9999182722812652
0.38350000000000006,0.46,xw,beta,1.6965952717885047,1.4442028986161715,0.999461745595965
0.38350000000000006,0.48500000000000004,,no,2.4885976858218966,0.0,0.0
0.38350000000000006,0.48500000000000004,,D,2.3422628338181704,0.06173435569751163,0.948968627045011
0.38350000000000006,0.48500000000000004,,mixed,1.0407164846409032,0.8991138449524876,0.9981399140183269
0.38350000000000006,0.48500000000000004,,beta,0.6074197780443034,1.4788254992181993,0.9999640934939383
0.38350000000000006,0.48500000000000004,x,no,1.742792192584284,0.7653136134679153,0.9942177029719388
0.38350000000000006,0.48500000000000004,x,D,1.5227977681653018,0.6794863266009852,0.40501484529140397
0.38350000000000006,0.48500000000000004,x,mixed,1.484255684527385,0.9407752198558708,0.9998363147342619
0.38350000000000006,0.48500000000000004,x,beta,0.9894135585838574,1.377209968587436,0.9997658715773114
0.38350000000000006,0.48500000000000004,w,no,2.859349131741884,0.6402802099141165,0.999301860811158
0.38350000000000006,0.48500000000000004,w,D,2.1629001509726344,0.9339503273057767,0.9997554964699326
0.38350000000000006,0.48500000000000004,w,mixed,1.5857697423159067,1.2651919330027475,0.9999950833751337
0.38350000000000006,0.48500000000000004,w,beta,1.3236801066978041,1.4870917306130493,0.9996105904897341
0.38350000000000006,0.48500000000000004,xw,no,3.0094681488005923,0.8561066456604668,0.9999884724313685
0.38350000000000006,0.48500000000000004,xw,D,2.626878498677109,0.9999999999999998,1.0
0.38350000000000006,0.48500000000000004,xw,mixed,2.0877155419179894,1.2483637368291327,0.9999283079395141
0.38350000000000006,0.48500000000000004,xw,beta,1.7951084566706936,1.4299177168186943,0.9995164503341527
0.38350000000000006,0.51,,no,2.4885976858218966,0.0,0.0
0.38350000000000006,0.51,,D,2.3422628338181704,0.06173435569751163,0.948968627045011
0.38350000000000006,0.51,,mixed,1.0407164846409032,0.8991138449524876,0.9981399140183269
0.38350000000000006,0.51,,beta,0.6074197780443034,1.4788254992181993,0.9999640934939383
0.38350000000000006,0.51,x,no,1.7737232350022245,0.7791342870342065,0.9950816744211571
0.38350000000000006,0.51,x,D,1.8495644787181211,0.6489653270663376,0.5966397863959825
0.38350000000000006,0.51,x,mixed,1.528853728930545,0.9413886289742524,0.9998416872639643
0.38350000000000006,0.51,x,beta,1.0283261208599201,1.36811928642959,0.9997942964471315
0.38350000000000006,0.51,w,no,2.932125241224926,0.6453046671485722,0.9991765196937534
0.38350000000000006,0.51,w,D,2.228521940850934,0.9344406168833442,0.9997651026516786
0.38350000000000006,0.51,w,mixed,1.6457083911582928,1.2576443733480398,0.9999948749226021
0.38350000000000006,0.51,w,beta,1.375558592503138,1.476343797816605,0.9996443646968258
0.38350000000000006,0.51,xw,no,3.137196678788991,0.857153708172077,0.9999831239846315
0.38350000000000006,0.51,xw,D,2.742472409416723,0.9999999999999999,1.0
0.38350000000000006,0.51,xw,mixed,2.196778510570195,1.2394751153661787,0.9999368361010428
0.38350000000000006,0.51,xw,beta,1.8936370904436277,1.4166275632041725,0.9995640812805331
0.42400000000000004,0.01,,no,2.4885976858218966,0.0,0.0
0.42400000000000004,0.01,,D,2.3768011514588983,0.05536604262038806,0.9404855618301367
0.42400000000000004,0.01,,mixed,1.1096120148301025,0.9163886580844293,0.9987256444703625
0.42400000000000004,0.01,,beta,0.7129576346155722,1.4713004565983536,0.9999515219627162
0.42400000000000004,0.01,x,no,2.2333847135937526,0.007178947683636055,0.9471374768779656
0.42400000000000004,0.01,x,D,2.008525589691408,0.13719581469284234,0.932075806906928
0.42400000000000004,0.01,x,mixed,0.9610206283026168,0.9856127933633471,0.9999674984540101
0.42400000000000004,0.01,x,beta,0.6401493941480126,1.5231309081417796,0.9996292304289957
0.42400000000000004,0.01,w,no,0.3803589079890911,0.11562648124312894,0.7858808859751071
0.42400000000000004,0.01,w,D,0.37892669973019716,0.11893551384055251,0.7697111144952342
0.42400000000000004,0.01,w,mixed,0.0626360993148679,1.5844226641567747,0.933794659243127
0.42400000000000004,0.01,w,beta,0.0189191886584752,2.732471518468,0.9940828734825974
0.42400000000000004,0.01,xw,no,0.06690004353164747,0.9965292080398417,0.9999990093629337
0.42400000000000004,0.01,xw,D,0.06664132025962757,0.9999999999999999,1.0
0.42400000000000004,0.01,xw,mixed,0.028687281521407884,1.988057237885083,0.9999986045550738
0.42400000000000004,0.01,xw,beta,0.015430039538173712,2.832276259294196,0.9998321751308284
0.42400000000000004,0.035,,no,2.4885976858218966,0.0,0.0
0.42400000000000004,0.035,,D,2.3768011514588983,0.05536604262038806,0.9404855618301367
0.42400000000000004,0.035,,mixed,1.1096120148301025,0.9163886580844293,0.9987256444703625
0.42400000000000004,0.035,,beta,0.7129576346155722,1.4713004565983536,0.9999515219627162
0.42400000000000004,0.035,x,no,2.1987107237807066,0.03578309682629985,0.9298368550663707
0.42400000000000004,0.035,x,D,2.035387487672153,0.13378678547088324,0.929185775755296
0.42400000000000004,0.035,x,mixed,0.9741988693630401,0.9812142145863532,0.9999574474453183
0.42400000000000004,0.035,x,beta,0.6483194980825893,1.5182961150572176,0.9996506072652321
0.42400000000000004,0.035,w,no,0.25508448606799683,0.9661075176483542,0.9973640283013305
0.42400000000000004,0.035,w,D,0.2441065552934697,0.9786356878269183,0.9991242950857047
0.42400000000000004,0.035,w,mixed,0.1227787163421731,1.8484884531654757,0.9995682387413267
0.42400000000000004,0.035,w,beta,0.10801037319449938,2.3071438046314237,0.998506072888631
0.42400000000000004,0.035,xw,no,0.24057045278203712,0.9674003860002639,0.9999341333368272
0.42400000000000004,0.035,xw,D,0.23227567176123867,1.0,1.0
0.42400000000000004,0.035,xw,mixed,0.11255186523880517,1.8897983660833644,0.9999036917495094
0.42400000000000004,0.035,xw,beta,0.10053226190046198,2.3415046976544307,0.9982975950914639
0.42400000000000004,0.060000000000000005,,no,2.4885976858218966,0.0,0.0
0.42400000000000004,0.060000000000000005,,D,2.3768011514588983,0.05536604262038806,0.9404855618301367
0.42400000000000004,0.060000000000000005,,mixed,1.1096120148301025,0.9163886580844293,0.9987256444703625
0.42400000000000004,0.060000000000000005,,beta,0.7129576346155722,1.4713004565983536,0.9999515219627162
0.42400000000000004,0.060000000000000005,x,no,2.1424813038388884,0.07751833658457281,0.9246036187601794
0.42400000000000004,0.060000000000000005,x,D,2.0658026632994746,0.13123735972758707,0.9264459615993019
0.42400000000000004,0.060000000000000005,x,mixed,0.9896686203536461,0.9769750414789612,0.999946663686775
0.42400000000000004,0.060000000000000005,x,beta,0.6583972813020154,1.512853701001352,0.999671254462981
0.42400000000000004,0.060000000000000005,w,no,0.4949377805918643,0.8511742961341381,0.9972215043095374
0.42400000000000004,0.060000000000000005,w,D,0.43340753161034884,0.9512655785513672,0.9997841347521829
0.42400000000000004,0.060000000000000005,w,mixed,0.2313181647968938,1.7415384526768187,0.9997819682779819
0.42400000000000004,0.060000000000000005,w,beta,0.22164605534746323,2.081207588443844,0.9980018467988282
0.42400000000000004,0.060000000000000005,xw,no,0.4220607158881493,0.9350744108662207,0.999836013818719
0.42400000000000004,0.060000000000000005,xw,D,0.39495206107191433,0.9999999999999999,1.0
0.42400000000000004,0.060000000000000005,xw,mixed,0.21588739444089478,1.7773763508814524,0.9997052286287484
0.42400000000000004,0.060000000000000005,xw,beta,0.2103614236711518,2.1081775725386906,0.9976731473437528
0.42400000000000004,0.085,,no,2.4885976858218966,0.0,0.0
0.42400000000000004,0.085,,D,2.3768011514588983,0.05536604262038806,0.9404855618301367
0.42400000000000004,0.085,,mixed,1.1096120148301025,0.9163886580844293,0.9987256444703625
0.42400000000000004,0.085,,beta,0.7129576346155722,1.4713004565983536,0.9999515219627162
0.42400000000000004,0.085,x,no,2.07199621862695,0.1292139792999369,0.9258010832041844
0.42400000000000004,0.085,x,D,2.0995832397462784,0.12958967105896588,0.9239897253913476
0.42400000000000004,0.085,x,mixed,1.0073751983848052,0.9729353751950287,0.9999354710938969
0.42400000000000004,0.085,x,beta,0.6703630448996367,1.5068573847637494,0.999691100904966
0.42400000000000004,0.085,w,no,0.7382933267104439,0.7736016858273292,0.9974337749524205
0.42400000000000004,0.085,w,D,0.6147571532525569,0.9371324331921871,0.9994765713912785
0.42400000000000004,0.085,w,mixed,0.34958072362933057,1.6502803305654232,0.9997593887548427
0.42400000000000004,0.085,w,beta,0.33264916622847157,1.9506380327281234,0.9979118148071001
0.42400000000000004,0.085,xw,no,0.6029834507005212,0.9119847490438283,0.9998230570753915
0.42400000000000004,0.085,xw,D,0.5533575008039744,0.9999999999999999,1.0
0.42400000000000004,0.085,xw,mixed,0.32941484855141995,1.686191235256182,0.9995625741853298
0.42400000000000004,0.085,xw,beta,0.3207622759489168,1.9726746861448166,0.9975591859800442
0.42400000000000004,0.11,,no,2.4885976858218966,0.0,0.0
0.42400000000000004,0.11,,D,2.3768011514588983,0.05536604262038806,0.9404855618301367
0.42400000000000004,0.11,,mixed,1.1096120148301025,0.9163886580844293,0.9987256444703625
0.42400000000000004,0.11,,beta,0.7129576346155722,1.4713004565983536,0.9999515219627162
0.42400000000000004,0.11,x,no,1.994900269710487,0.187404790057993,0.9306225246608613
0.42400000000000004,0.11,x,D,2.1365163817053006,0.12887863600340452,0.9219584890312459
0.42400000000000004,0.11,x,mixed,1.0272558848329096,0.9691300470575981,0.9999242000123939
0.42400000000000004,0.11,x,beta,0.6841919334154224,1.500364295189601,0.9997101028556423
0.42400000000000004,0.11,w,no,0.9653560677826897,0.7230622001000397,0.9972666228463906
0.42400000000000004,0.11,w,D,0.7728950970257424,0.9365851320576073,0.9995116363182964
0.42400000000000004,0.11,w,mixed,0.4667366428136831,1.5812963935798539,0.9998116135649878
0.42400000000000004,0.11,w,beta,0.4362347657889871,1.8633291280167537,0.9980150877346528
0.42400000000000004,0.11,xw,no,0.7791965691068353,0.8967699247605992,0.9998554199800777
0.42400000000000004,0.11,xw,D,0.7069861626199513,1.0,1.0
0.42400000000000004,0.11,xw,mixed,0.4464422930397738,1.6152329248542419,0.9995037357462352
0.42400000000000004,0.11,xw,beta,0.4277249267656836,1.8805913170765887,0.9976377600183567
0.42400000000000004,0.135,,no,2.4885976858218966,0.0,0.0
0.42400000000000004,0.135,,D,2.3768011514588983,0.05536604262038806,0.9404855618301367
0.42400000000000004,0.135,,mixed,1.1096120148301025,0.9163886580844293,0.9987256444703625
0.42400000000000004,0.135,,beta,0.7129576346155722,1.4713004565983536,0.9999515219627162
0.42400000000000004,0.135,x,no,1.9180364222838193,0.2487396017733024,0.9373597370674174
0.42400000000000004,0.135,x,D,2.177176932139629,0.12881569716046898,0.9188701343814917
0.42400000000000004,0.135,x,mixed,1.0492405027935576,0.965587905304147,0.9999131691407699
0.42400000000000004,0.135,x,beta,0.6998541233678522,1.4934334018955726,0.9997282395744078
0.42400000000000004,0.135,w,no,1.1764006475048505,0.6872720443957495,0.9975069909223346
0.42400000000000004,0.135,w,D,0.9179204197483809,0.9365738344930209,0.9995524153801839
0.42400000000000004,0.135,w,mixed,0.5779833401586458,1.5292629361889225,0.9998405416816124
0.42400000000000004,0.135,w,beta,0.5323986968162957,1.799410320265987,0.9982001625178404
0.42400000000000004,0.135,xw,no,0.9503097099012299,0.8863550618799041,0.999888942455331
0.42400000000000004,0.135,xw,D,0.8559346094647143,1.0,1.0
0.42400000000000004,0.135,xw,mixed,0.5641127291801216,1.5590380480018522,0.9995022815558975
0.42400000000000004,0.135,xw,beta,0.5314569057893027,1.8117691286965811,0.9977911391953443
0.42400000000000004,0.16000000000000003,,no,2.4885976858218966,0.0,0.0
0.42400000000000004,0.16000000000000003,,D,2.3768011514588983,0.05536604262038806,0.9404855618301367
0.42400000000000004,0.16000000000000003,,mixed,1.1096120148301025,0.9163886580844293,0.9987256444703625
0.42400000000000004,0.16000000000000003,,beta,0.7129576346155722,1.4713004565983536,0.9999515219627162
0.42400000000000004,0.16000000000000003,x,no,1.8467003554387138,0.310315440587399,0.9448703400922317
0.42400000000000004,0.16000000000000003,x,D,2.2360992468309515,0.12366798191630221,0.8810506984707865
0.42400000000000004,0.16000000000000003,x,mixed,1.07325212781256,0.9623313793706039,0.9999026694763716
0.42400000000000004,0.16000000000000003,x,beta,0.7173142561831873,1.4861246759121385,0.9997455086593727
0.42400000000000004,0.16000000000000003,w,no,1.3701481067356223,0.6619703345737072,0.9979716644461707
0.42400000000000004,0.16000000000000003,w,D,1.0510201945113562,0.9367842745307345,0.9995891612901323
0.42400000000000004,0.16000000000000003,w,mixed,0.6825605905348712,1.488644825435288,0.9998625933657447
0.42400000000000004,0.16000000000000003,w,beta,0.6219156647986291,1.7498681048198146,0.9984033841821826
0.42400000000000004,0.16000000000000003,xw,no,1.1170333883374977,0.8787151473530685,0.9999122393449015
0.42400000000000004,0.16000000000000003,xw,D,1.000624393095412,1.0,1.0
0.42400000000000004,0.16000000000000003,xw,mixed,0.6814424212987801,1.5133609368940164,0.999532021931242
0.42400000000000004,0.16000000000000003,xw,beta,0.6328773659630682,1.7570697086667018,0.99797158751832
0.42400000000000004,0.18500000000000003,,no,2.4885976858218966,0.0,0.0
0.42400000000000004,0.18500000000000003,,D,2.3768011514588983,0.05536604262038806,0.9404855618301367
0.42400000000000004,0.18500000000000003,,mixed,1.1096120148301025,0.9163886580844293,0.9987256444703625
0.42400000000000004,0.18500000000000003,,beta,0.7129576346155722,1.4713004565983536,0.9999515219627162
0.42400000000000004,0.18500000000000003,x,no,1.78438496496439,0.36987780949401333,0.9523938570702424
0.42400000000000004,0.18500000000000003,x,D,2.3357533826620127,0.10484408288286827,0.7107559082207613
0.42400000000000004,0.18500000000000003,x,mixed,1.099207920579937,0.959376322524911,0.9998929514819669
0.42400000000000004,0.18500000000000003,x,beta,0.7365251392214188,1.4785024925502275,0.9997617661153921
0.42400000000000004,0.18500000000000003,w,no,1.547060200338995,0.6442963898060556,0.9984900813375871
0.42400000000000004,0.18500000000000003,w,D,1.173686068934481,0.9370798912613977,0.9996209773612252
0.42400000000000004,0.18500000000000003,w,mixed,0.7810442111819828,1.4557602879463671,0.9998850702629951
0.42400000000000004,0.18500000000000003,w,beta,0.705599237422584,1.7099699829070203,0.9985885767960623
0.42400000000000004,0.18500000000000003,xw,no,1.2800562358447014,0.8727779638188297,0.9999270365868758
0.42400000000000004,0.18500000000000003,xw,D,1.141586525304501,1.0,1.0
0.42400000000000004,0.18500000000000003,xw,mixed,0.7981898585397608,1.4753451806355204,0.9995757897291875
0.42400000000000004,0.18500000000000003,xw,beta,0.7328524227913283,1.7117390039513005,0.9981575966696153
0.42400000000000004,0.21000000000000002,,no,2.4885976858218966,0.0,0.0
0.42400000000000004,0.21000000000000002,,D,2.3768011514588983,0.05536604262038806,0.9404855618301367
0.42400000000000004,0.21000000000000002,,mixed,1.1096120148301025,0.9163886580844293,0.9987256444703625
0.42400000000000004,0.21000000000000002,,beta,0.7129576346155722,1.4713004565983536,0.9999515219627162
0.42400000000000004,0.21000000000000002,x,no,1.7329293166298174,0.4258740221772952,0.9594601003875713
0.42400000000000004,0.21000000000000002,x,D,2.473158220594035,0.07376791373473979,0.3810708486062141
0.42400000000000004,0.21000000000000002,x,mixed,1.127020065787828,0.9567321143781213,0.9998842162213983
0.42400000000000004,0.21000000000000002,x,beta,0.7574263888134676,1.4706350228479634,0.9997767251044425
0.42400000000000004,0.21000000000000002,w,no,1.7084739537012306,0.6322405664400869,0.9989629408282445
0.42400000000000004,0.21000000000000002,w,D,1.2874044526568063,0.937394277954686,0.9996481453059587
0.42400000000000004,0.21000000000000002,w,mixed,0.8740384147819285,1.4284573372000298,0.9999059995845118
0.42400000000000004,0.21000000000000002,w,beta,0.7842675446426447,1.676884006126494,0.9987467839560047
0.42400000000000004,0.21000000000000002,xw,no,1.4398083363111522,0.868013316561051,0.9999371347515685
0.42400000000000004,0.21000000000000002,xw,D,1.2793369929444252,0.9999999999999999,1.0
0.42400000000000004,0.21000000000000002,xw,mixed,0.9143653195265601,1.4430862652918783,0.9996236619424381
0.42400000000000004,0.21000000000000002,xw,beta,0.8320376057314668,1.673057332998634,0.9983385270019818
0.42400000000000004,0.23500000000000001,,no,2.4885976858218966,0.0,0.0
0.42400000000000004,0.23500000000000001,,D,2.3768011514588983,0.05536604262038806,0.9404855618301367
0.42400000000000004,0.23500000000000001,,mixed,1.1096120148301025,0.9163886580844293,0.9987256444703625
0.42400000000000004,0.23500000000000001,,beta,0.7129576346155722,1.4713004565983536,0.9999515219627162
0.42400000000000004,0.23500000000000001,x,no,1.692883785829194,0.4773934716147837,0.9658175453846274
0.42400000000000004,0.23500000000000001,x,D,2.6296059460040224,0.03754170503323311,0.09306148702248462
0.42400000000000004,0.23500000000000001,x,mixed,1.1565967935862935,0.954401991280086,0.9998766107248863
0.42400000000000004,0.23500000000000001,x,beta,0.7799493868746333,1.4625893180516343,0.9997900775247425
0.42400000000000004,0.23500000000000001,w,no,1.8560087982003475,0.6243795199085004,0.9993434972317402
0.42400000000000004,0.23500000000000001,w,D,1.3935062988723226,0.9376993092370834,0.999671324940741
0.42400000000000004,0.23500000000000001,w,mixed,0.9621573060463159,1.4053372843657672,0.9999241836793169
0.42400000000000004,0.23500000000000001,w,beta,0.8586797964240845,1.6487897455049958,0.9988805455889733
0.42400000000000004,0.23500000000000001,xw,no,1.5965069127240052,0.8641568370763918,0.9999453937729081
0.42400000000000004,0.23500000000000001,xw,D,1.4143222676050915,1.0,1.0
0.42400000000000004,0.23500000000000001,xw,mixed,1.0300371686891903,1.4152849226625042,0.9996703419896035
0.42400000000000004,0.23500000000000001,xw,beta,0.9308835881000835,1.6393504761014153,0.99850878188979
0.42400000000000004,0.26,,no,2.4885976858218966,0.0,0.0
0.42400000000000004,0.26,,D,2.3768011514588983,0.05536604262038806,0.9404855618301367
0.42400000000000004,0.26,,mixed,1.1096120148301025,0.9163886580844293,0.9987256444703625
0.42400000000000004,0.26,,beta,0.7129576346155722,1.4713004565983536,0.9999515219627162
0.42400000000000004,0.26,x,no,1.66392946639823,0.5240424316876929,0.9713685691786489
0.42400000000000004,0.26,x,D,2.793435852053736,0.00025022787881155044,3.4670709904149888e-06
0.42400000000000004,0.26,x,mixed,1.1878434528882633,0.9523835637808017,0.999870227390925
0.42400000000000004,0.26,x,beta,0.8040227232843672,1.4544268887066325,0.9998015476994493
0.42400000000000004,0.26,w,no,1.9912943288818472,0.6196881308578047,0.9996180711257615
0.42400000000000004,0.26,w,D,1.4931287105073097,0.9379863249074943,0.9996912153371887
0.42400000000000004,0.26,w,mixed,1.0460010147098109,1.385430170868221,0.999939430005694
0.42400000000000004,0.26,w,beta,0.9294973113021219,1.624465815517404,0.9989946456872688
0.42400000000000004,0.26,xw,no,1.7502467214759818,0.8610645004518899,0.9999533562669177
0.42400000000000004,0.26,xw,D,1.5469058960295508,1.0,1.0
0.42400000000000004,0.26,xw,mixed,1.1452641021457097,1.391026458487954,0.9997132765496654
0.42400000000000004,0.26,xw,beta,1.0296734237531382,1.609526520933231,0.9986654852076248
0.42400000000000004,0.28500000000000003,,no,2.4885976858218966,0.0,0.0
0.42400000000000004,0.28500000000000003,,D,2.3768011514588983,0.05536604262038806,0.9404855618301367
0.42400000000000004,0.28500000000000003,,mixed,1.1096120148301025,0.9163886580844293,0.9987256444703625
0.42400000000000004,0.28500000000000003,,beta,0.7129576346155722,1.4713004565983536,0.9999515219627162
0.42400000000000004,0.28500000000000003,x,no,1.6452423431928471,0.5658008429301622,0.976114244996868
0.42400000000000004,0.28500000000000003,x,D,2.9510478148047183,-0.033970268040781355,0.04986984428391794
0.42400000000000004,0.28500000000000003,x,mixed,1.2206636044398824,0.9506694738093701,0.9998651068696514
0.42400000000000004,0.28500000000000003,x,beta,0.8295625864213622,1.4462098390187925,0.9998106412327453
0.42400000000000004,0.28500000000000003,w,no,2.115851916793662,0.6174148089938685,0.9997914868784162
0.42400000000000004,0.28500000000000003,w,D,1.5872235069210066,0.9382557713758775,0.9997084352789666
0.42400000000000004,0.28500000000000003,w,mixed,1.1261140686366697,1.3680457997692688,0.9999519567323493
0.42400000000000004,0.28500000000000003,w,beta,0.9972665177952256,1.6030710226131741,0.9990930093705063
0.42400000000000004,0.28500000000000003,xw,no,1.9010697456648218,0.8586437005543224,0.9999615185207865
0.42400000000000004,0.28500000000000003,xw,D,1.677374784603756,1.0,1.0
0.42400000000000004,0.28500000000000003,xw,mixed,1.2600784729655192,1.3696456283240084,0.9997514708392797
0.42400000000000004,0.28500000000000003,xw,beta,1.1285664467739114,1.5828361868461827,0.9988072396233133
0.42400000000000004,0.31000000000000005,,no,2.4885976858218966,0.0,0.0
0.42400000000000004,0.31000000000000005,,D,2.3768011514588983,0.05536604262038806,0.9404855618301367
0.42400000000000004,0.31000000000000005,,mixed,1.1096120148301025,0.9163886580844293,0.9987256444703625
0.42400000000000004,0.31000000000000005,,beta,0.7129576346155722,1.4713004565983536,0.9999515219627162
0.42400000000000004,0.31000000000000005,x,no,1.6357624882930888,0.6028914304449099,0.9801118663693753
0.42400000000000004,0.31000000000000005,x,D,3.048720863330093,-0.04952717181589527,0.08976064623574909
0.42400000000000004,0.31000000000000005,x,mixed,1.2549601023666115,0.9492481422509319,0.9998612436353872
0.42400000000000004,0.31000000000000005,x,beta,0.8564788722314696,1.437996277797166,0.9998166693702534
0.42400000000000004,0.31000000000000005,w,no,2.2310505343965708,0.616999276653996,0.9998774959319595
0.42400000000000004,0.31000000000000005,w,D,1.6765812056674265,0.9385119229097457,0.9997234954550068
0.42400000000000004,0.31000000000000005,w,mixed,1.2029745247833046,1.3526811028748527,0.9999621186196854
0.42400000000000004,0.31000000000000005,w,beta,1.062448397256657,1.5840009686985612,0.9991788578961323
0.42400000000000004,0.31000000000000005,xw,no,2.0490070859252185,0.856822920183301,0.9999697091820909
0.42400000000000004,0.31000000000000005,xw,D,1.805952660393925,1.0,1.0
0.42400000000000004,0.31000000000000005,xw,mixed,1.37448726760264,1.3506441296360465,0.9997847759630226
0.42400000000000004,0.31000000000000005,xw,beta,1.227635356504409,1.5587419855380233,0.9989338588211558
0.42400000000000004,0.335,,no,2.4885976858218966,0.0,0.0
0.42400000000000004,0.335,,D,2.3768011514588983,0.05536604262038806,0.9404855618301367
0.42400000000000004,0.335,,mixed,1.1096120148301025,0.9163886580844293,0.9987256444703625
0.42400000000000004,0.335,,beta,0.7129576346155722,1.4713004565983536,0.9999515219627162
0.42400000000000004,0.335,x,no,1.634370033861158,0.6356753521800261,0.983445365349797
0.42400000000000004,0.335,x,D,3.0917741761768167,-0.048959537375092906,0.0724005261221462
0.42400000000000004,0.335,x,mixed,1.2906361263749953,0.9481045633681114,0.9998585933515679
0.42400000000000004,0.335,x,beta,0.8846643906779801,1.4298468113271188,0.9998183410938408
0.42400000000000004,0.335,w,no,2.3380979625673746,0.6180176704861936,0.999892980460908
0.42400000000000004,0.335,w,D,1.761857700464675,0.9387602217921213,0.9997368046316996
0.42400000000000004,0.335,w,mixed,1.2769956036996506,1.3389613685901993,0.9999702873972726
0.42400000000000004,0.335,w,beta,1.125411736067999,1.5668192097475995,0.9992542472864302
0.42400000000000004,0.335,xw,no,2.19410004318457,0.8555394621296664,0.9999774242855678
0.42400000000000004,0.335,xw,D,1.9328144389360586,1.0,1.0
0.42400000000000004,0.335,xw,mixed,1.4884800219886591,1.3336384218972863,0.9998134708466394
0.42400000000000004,0.335,xw,beta,1.3269051968705632,1.5368389423500297,0.9990461760676744
0.42400000000000004,0.36000000000000004,,no,2.4885976858218966,0.0,0.0
0.42400000000000004,0.36000000000000004,,D,2.3768011514588983,0.05536604262038806,0.9404855618301367
0.42400000000000004,0.36000000000000004,,mixed,1.1096120148301025,0.9163886580844293,0.9987256444703625
0.42400000000000004,0.36000000000000004,,beta,0.7129576346155722,1.4713004565983536,0.9999515219627162
0.42400000000000004,0.36000000000000004,x,no,1.639987614607248,0.6645769903631789,0.9862065553417425
0.42400000000000004,0.36000000000000004,x,D,3.0948492432775714,-0.03695279965245011,0.03242769268594836
0.42400000000000004,0.36000000000000004,x,mixed,1.3275961417257762,0.9472211020869209,0.9998570811459863
0.42400000000000004,0.36000000000000004,x,beta,0.9139834361452204,1.4218303133867425,0.9998129781954179
0.42400000000000004,0.36000000000000004,w,no,2.4380482236702457,0.62014519984666,0.9998547195022364
0.42400000000000004,0.36000000000000004,w,D,1.843598574571766,0.9390060215341809,0.9997486858213426
0.42400000000000004,0.36000000000000004,w,mixed,1.3485321579469378,1.3266019456330318,0.9999768041118802
0.42400000000000004,0.36000000000000004,w,beta,1.1864719947736297,1.5511938124434943,0.9993210339409362
0.42400000000000004,0.36000000000000004,xw,no,2.3364082877272594,0.8547351252473866,0.9999840736699438
0.42400000000000004,0.36000000000000004,xw,D,2.058098850386066,0.9999999999999999,1.0
0.42400000000000004,0.36000000000000004,xw,mixed,1.6020361367700866,1.3183265944478826,0.9998380231877252
0.42400000000000004,0.36000000000000004,xw,beta,1.426363916193949,1.516815053558046,0.9991452965829865
0.42400000000000004,0.385,,no,2.4885976858218966,0.0,0.0
0.42400000000000004,0.385,,D,2.3768011514588983,0.05536604262038806,0.9404855618301367
0.42400000000000004,0.385,,mixed,1.1096120148301025,0.9163886580844293,0.9987256444703625
0.42400000000000004,0.385,,beta,0.7129576346155722,1.4713004565983536,0.9999515219627162
0.42400000000000004,0.385,x,no,1.6516325550965365,0.6900340535463229,0.9884843622134591
0.42400000000000004,0.385,x,D,3.067982095816047,-0.016496633696572366,0.004942662606611803
0.42400000000000004,0.385,x,mixed,1.3657467595014265,0.9465782612077829,0.9998566100199902
0.42400000000000004,0.385,x,beta,0.944213884526938,1.4140548895497083,0.9997931394514327
0.42400000000000004,0.385,w,no,2.5318157157747385,0.6231302448477798,0.9997777779784848
0.42400000000000004,0.385,w,D,1.922259663230408,0.9392540437905206,0.9997593932869434
0.42400000000000004,0.385,w,mixed,1.4178882542711202,1.315382766214058,0.9999819639901021
0.42400000000000004,0.385,w,beta,1.2458837673918866,1.5368744395090372,0.9993804087605389
0.42400000000000004,0.385,xw,no,2.47601097509274,0.8543550907515017,0.9999891354265298
0.42400000000000004,0.385,xw,D,2.1819185337164932,0.9999999999999999,1.0
0.42400000000000004,0.385,xw,mixed,1.7151311025626448,1.3044664008686435,0.9998589575440361
0.42400000000000004,0.385,xw,beta,1.5259814525816475,1.4984216598504598,0.9992325074088515
0.42400000000000004,0.41000000000000003,,no,2.4885976858218966,0.0,0.0
0.42400000000000004,0.41000000000000003,,D,2.3768011514588983,0.05536604262038806,0.9404855618301367
0.42400000000000004,0.41000000000000003,,mixed,1.1096120148301025,0.9163886580844293,0.9987256444703625
0.42400000000000004,0.41000000000000003,,beta,0.7129576346155722,1.4713004565983536,0.9999515219627162
0.42400000000000004,0.41000000000000003,x,no,1.668434707754468,0.7124682359463944,0.990359408916958
0.42400000000000004,0.41000000000000003,x,D,3.02139592453819,0.009987868593364162,0.0013852827534204248
0.42400000000000004,0.41000000000000003,x,mixed,1.4049975078780932,0.946155380117866,0.9998570687775926
0.42400000000000004,0.41000000000000003,x,beta,0.9747148295179824,1.4068433917146603,0.9997211662805696
0.42400000000000004,0.41000000000000003,w,no,2.6201913600581532,0.6267760432082261,0.9996748661395288
0.42400000000000004,0.41000000000000003,w,D,1.9982238593448713,0.9395081926914336,0.9997691273599529
0.42400000000000004,0.41000000000000003,w,mixed,1.485324588291943,1.305130961329522,0.9999860153156187
0.42400000000000004,0.41000000000000003,w,beta,1.3038605909302305,1.5236656357830938,0.9994333480110705
0.42400000000000004,0.41000000000000003,xw,no,2.613004355744056,0.8543479531850491,0.9999922340854006
0.42400000000000004,0.41000000000000003,xw,D,2.3043676563819893,1.0,1.0
0.42400000000000004,0.41000000000000003,xw,mixed,1.8277408505324213,1.2918603854624748,0.9998767864955764
0.42400000000000004,0.41000000000000003,xw,beta,1.6257235634811376,1.4814547126297888,0.9993092756773779
0.42400000000000004,0.43500000000000005,,no,2.4885976858218966,0.0,0.0
0.42400000000000004,0.43500000000000005,,D,2.3768011514588983,0.05536604262038806,0.9404855618301367
0.42400000000000004,0.43500000000000005,,mixed,1.1096120148301025,0.9163886580844293,0.9987256444703625
0.42400000000000004,0.43500000000000005,,beta,0.7129576346155722,1.4713004565983536,0.9999515219627162
0.42400000000000004,0.43500000000000005,x,no,1.6896424760385027,0.7322674601715159,0.9919019082276217
0.42400000000000004,0.43500000000000005,x,D,3.0545583860706054,0.034832301381775385,0.01389812259673362
0.42400000000000004,0.43500000000000005,x,mixed,1.4452613492577109,0.9459313088905843,0.9998583390456399
0.42400000000000004,0.43500000000000005,x,beta,1.005467964693592,1.4001467311054998,0.9995820425507854
0.42400000000000004,0.43500000000000005,w,no,2.703858502824277,0.6309275130862395,0.999556243229935
0.42400000000000004,0.43500000000000005,w,D,2.0718146362773004,0.9397715420080208,0.9997780464436486
0.42400000000000004,0.43500000000000005,w,mixed,1.551065107951689,1.2957087705147883,0.9999891637880318
0.42400000000000004,0.43500000000000005,w,beta,1.3605841124473634,1.511411714190408,0.9994806870672377
0.42400000000000004,0.43500000000000005,xw,no,2.7474980478044677,0.8546660084719979,0.999993164394192
0.42400000000000004,0.43500000000000005,xw,D,2.425527438836496,0.9999999999999999,1.0
0.42400000000000004,0.43500000000000005,xw,mixed,1.9398445400988986,1.2803454938222676,0.999891978128127
0.42400000000000004,0.43500000000000005,xw,beta,1.725551572962421,1.465745655359613,0.9993769261587081
0.42400000000000004,0.46,,no,2.4885976858218966,0.0,0.0
0.42400000000000004,0.46,,D,2.3768011514588983,0.05536604262038806,0.9404855618301367
0.42400000000000004,0.46,,mixed,1.1096120148301025,0.9163886580844293,0.9987256444703625
0.42400000000000004,0.46,,beta,0.7129576346155722,1.4713004565983536,0.9999515219627162
0.42400000000000004,0.46,x,no,1.714610692698537,0.7497803579517246,0.9931714407315541
0.42400000000000004,0.46,x,D,2.891449917446478,0.11568427303170076,0.06316988731726703
0.42400000000000004,0.46,x,mixed,1.4864553068612376,0.9458848949836142,0.9998603011364167
0.42400000000000004,0.46,x,beta,1.0386517263762804,1.3927876049415333,0.9995347310651888
0.42400000000000004,0.46,w,no,2.783407573417788,0.6354616167738744,0.999429899831444
0.42400000000000004,0.46,w,D,2.1433068641077386,0.94004640024847,0.9997862764222228
0.42400000000000004,0.46,w,mixed,1.6153027273387448,1.287004966758231,0.9999915785254485
0.42400000000000004,0.46,w,beta,1.4162094180016822,1.4999870289637307,0.999523139207407
0.42400000000000004,0.46,xw,no,2.8796110618582587,0.8552654878764527,0.9999918813139294
0.42400000000000004,0.46,xw,D,2.545470034017578,0.9999999999999999,1.0
0.42400000000000004,0.46,xw,mixed,2.051426096297038,1.2697856235118812,0.9999049437887924
0.42400000000000004,0.46,xw,beta,1.8254235806899146,1.4511540426771237,0.9994365776716911
0.42400000000000004,0.48500000000000004,,no,2.4885976858218966,0.0,0.0
0.42400000000000004,0.48500000000000004,,D,2.3768011514588983,0.05536604262038806,0.9404855618301367
0.42400000000000004,0.48500000000000004,,mixed,1.1096120148301025,0.9163886580844293,0.9987256444703625
0.42400000000000004,0.48500000000000004,,beta,0.7129576346155722,1.4713004565983536,0.9999515219627162
0.42400000000000004,0.48500000000000004,x,no,1.742792192584284,0.7653136134679153,0.9942177029719388
0.42400000000000004,0.48500000000000004,x,D,2.8214914669008317,0.19093604324171906,0.11447831593123703
0.42400000000000004,0.48500000000000004,x,mixed,1.5285007404183846,0.9459954685553525,0.9998628386600168
0.42400000000000004,0.48500000000000004,x,beta,1.0762988665735809,1.3838124092076367,0.999722233739803
0.42400000000000004,0.48500000000000004,w,no,2.859349131741884,0.6402802099141165,0.999301860811158
0.42400000000000004,0.48500000000000004,w,D,2.212935455444848,0.9403344052579078,0.9997939179275955
0.42400000000000004,0.48500000000000004,w,mixed,1.678204161667876,1.2789286680591794,0.9999933980683398
0.42400000000000004,0.48500000000000004,w,beta,1.4708696932740914,1.4892888606901094,0.9995613135935363
0.42400000000000004,0.48500000000000004,xw,no,3.0094681488005923,0.8561066456604668,0.9999884724313685
0.42400000000000004,0.48500000000000004,xw,D,2.664261175531352,0.9999999999999999,1.0
0.42400000000000004,0.48500000000000004,xw,mixed,2.1624748439295614,1.2600661466034624,0.9999160366375552
0.42400000000000004,0.48500000000000004,xw,beta,1.9253009427043821,1.4375603966535897,0.9994892415442692
0.42400000000000004,0.51,,no,2.4885976858218966,0.0,0.0
0.42400000000000004,0.51,,D,2.3768011514588983,0.05536604262038806,0.9404855618301367
0.42400000000000004,0.51,,mixed,1.1096120148301025,0.9163886580844293,0.9987256444703625
0.42400000000000004,0.51,,beta,0.7129576346155722,1.4713004565983536,0.9999515219627162
0.42400000000000004,0.51,x,no,1.7737232350022245,0.7791342870342065,0.9950816744211571
0.42400000000000004,0.51,x,D,1.8499911672734393,0.5682327878825313,0.36091001719501103
0.42400000000000004,0.51,x,mixed,1.5713236050594979,0.9462431911516332,0.9998658419150088
0.42400000000000004,0.51,x,beta,1.1136539061944026,1.375661622113927,0.9997738368654548
0.42400000000000004,0.51,w,no,2.932125241224926,0.6453046671485722,0.9991765196937534
0.42400000000000004,0.51,w,D,2.280902290049819,0.9406366251731654,0.9998010519200037
0.42400000000000004,0.51,w,mixed,1.7399139780893496,1.271404800374703,0.9999947357555469
0.42400000000000004,0.51,w,beta,1.5246797852595497,1.479232308400732,0.9995957313365071
0.42400000000000004,0.51,xw,no,3.137196678788991,0.857153708172077,0.9999831239846315
0.42400000000000004,0.51,xw,D,2.781961935729476,0.9999999999999999,1.0
0.42400000000000004,0.51,xw,mixed,2.2729855489760835,1.2510897850162817,0.9999255555162443
0.42400000000000004,0.51,xw,beta,2.0251496329599243,1.424862088880566,0.9995358163612303
0.4645,0.01,,no,2.4885976858218966,0.0,0.0
0.4645,0.01,,D,2.406689503956354,0.04979212650668412,0.9325372514424453
0.4645,0.01,,mixed,1.182245251760924,0.9296529322014161,0.9990997857078545
0.4645,0.01,,beta,0.8249413672666948,1.4637314088469615,0.9999296905507002
0.4645,0.01,x,no,2.2333847135937526,0.007178947683636055,0.9471374768779656
0.4645,0.01,x,D,2.073734900037877,0.1226906118040217,0.9248498932044726
0.4645,0.01,x,mixed,1.0474075626450832,0.9879970975069727,0.9999774165882946
0.4645,0.01,x,beta,0.7554179315930709,1.5061590647941943,0.9996252144494547
0.4645,0.01,w,no,0.3803589079890911,0.11562648124312894,0.7858808859751071
0.4645,0.01,w,D,0.37927379550801416,0.11840751399316367,0.7653972641277014
0.4645,0.01,w,mixed,0.058726562404491825,1.6653641210079897,0.9512134375265102
0.4645,0.01,w,beta,0.02221564092060557,2.7364040306671615,0.9965796676969235
0.4645,0.01,xw,no,0.06690004353164747,0.9965292080398417,0.9999990093629337
0.4645,0.01,xw,D,0.06664553884890109,1.0,1.0
0.4645,0.01,xw,mixed,0.03142396600188873,1.9880597377428253,0.9999986051322378
0.4645,0.01,xw,beta,0.019183034548883295,2.807814589369318,0.9997835800389817
0.4645,0.035,,no,2.4885976858218966,0.0,0.0
0.4645,0.035,,D,2.406689503956354,0.04979212650668412,0.9325372514424453
0.4645,0.035,,mixed,1.182245251760924,0.9296529322014161,0.9990997857078545
0.4645,0.035,,beta,0.8249413672666948,1.4637314088469615,0.9999296905507002
0.4645,0.035,x,no,2.1987107237807066,0.03578309682629985,0.9298368550663707
0.4645,0.035,x,D,2.098008175960769,0.1195806872738413,0.9217509233217333
0.4645,0.035,x,mixed,1.0594246209836704,0.9843041720303024,0.9999703411714707
0.4645,0.035,x,beta,0.7632007657836032,1.5022438160369027,0.9996434668807077
0.4645,0.035,w,no,0.25508448606799683,0.9661075176483542,0.9973640283013305
0.4645,0.035,w,D,0.2431213918882536,0.9803092411823047,0.9991524482068112
0.4645,0.035,w,mixed,0.13216969141668,1.8563908461404974,0.9997463719863119
0.4645,0.035,w,beta,0.13243528513178848,2.274788861187143,0.9983906713169495
0.4645,0.035,xw,no,0.24057045278203712,0.9674003860002639,0.9999341333368272
0.4645,0.035,xw,D,0.23244778518067089,1.0,1.0
0.4645,0.035,xw,mixed,0.12311386375119554,1.8900120861652343,0.9999040177765931
0.4645,0.035,xw,beta,0.12516597769858942,2.301771271715701,0.9981671441884522
0.4645,0.060000000000000005,,no,2.4885976858218966,0.0,0.0
0.4645,0.060000000000000005,,D,2.406689503956354,0.04979212650668412,0.9325372514424453
0.4645,0.060000000000000005,,mixed,1.182245251760924,0.9296529322014161,0.9990997857078545
0.4645,0.060000000000000005,,beta,0.8249413672666948,1.4637314088469615,0.9999296905507002
0.4645,0.060000000000000005,x,no,2.1424813038388884,0.07751833658457281,0.9246036187601794
0.4645,0.060000000000000005,x,D,2.125624507148139,0.1171302421190972,0.918734544369832
0.4645,0.060000000000000005,x,mixed,1.0735447266518583,0.9807227917495855,0.9999626615824764
0.4645,0.060000000000000005,x,beta,0.7727907716386766,1.4978271025216583,0.9996613356158089
0.4645,0.060000000000000005,w,no,0.4949377805918643,0.8511742961341381,0.9972215043095374
0.4645,0.060000000000000005,w,D,0.42773042230763053,0.95924065013866,0.9998528662473916
0.4645,0.060000000000000005,w,mixed,0.2497371326584342,1.7476942222359033,0.9997877828041777
0.4645,0.060000000000000005,w,beta,0.26697460994519795,2.0526842904942564,0.997898967835327
0.4645,0.060000000000000005,xw,no,0.4220607158881493,0.9350744108662207,0.999836013818719
0.4645,0.060000000000000005,xw,D,0.39573767900571755,0.9999999999999999,1.0
0.4645,0.060000000000000005,xw,mixed,0.23544804469821035,1.7782828424957333,0.9997068646415004
0.4645,0.060000000000000005,xw,beta,0.2558823539322783,2.0745857852369425,0.9976236989808795
0.4645,0.085,,no,2.4885976858218966,0.0,0.0
0.4645,0.085,,D,2.406689503956354,0.04979212650668412,0.9325372514424453
0.4645,0.085,,mixed,1.182245251760924,0.9296529322014161,0.9990997857078545
0.4645,0.085,,beta,0.8249413672666948,1.4637314088469615,0.9999296905507002
0.4645,0.085,x,no,2.07199621862695,0.1292139792999369,0.9258010832041844
0.4645,0.085,x,D,2.1564540415780193,0.11537239243504671,0.9159138562182011
0.4645,0.085,x,mixed,1.0897268729480605,0.9772818584026699,0.99995457266103
0.4645,0.085,x,beta,0.784169450780217,1.4929462204349064,0.9996787470186295
0.4645,0.085,w,no,0.7382933267104439,0.7736016858273292,0.9974337749524205
0.4645,0.085,w,D,0.6074679560548518,0.946373092406186,0.9996248740747311
0.4645,0.085,w,mixed,0.3767618010205098,1.6571319507833173,0.9997662152027464
0.4645,0.085,w,beta,0.39520374741134257,1.926374585333675,0.997880016066487
0.4645,0.085,xw,no,0.6029834507005212,0.9119847490438283,0.9998230570753915
0.4645,0.085,xw,D,0.5553052961747071,1.0,1.0
0.4645,0.085,xw,mixed,0.3578734643471881,1.6880937905316353,0.9995649115607594
0.4645,0.085,xw,beta,0.38333075628536345,1.9447657455794478,0.9975707701461975
0.4645,0.11,,no,2.4885976858218966,0.0,0.0
0.4645,0.11,,D,2.406689503956354,0.04979212650668412,0.9325372514424453
0.4645,0.11,,mixed,1.182245251760924,0.9296529322014161,0.9990997857078545
0.4645,0.11,,beta,0.8249413672666948,1.4637314088469615,0.9999296905507002
0.4645,0.11,x,no,1.994900269710487,0.187404790057993,0.9306225246608613
0.4645,0.11,x,D,2.19034797042318,0.11433629963955311,0.9134139456906338
0.4645,0.11,x,mixed,1.1079239142940998,0.9740071457366143,0.9999462782680799
0.4645,0.11,x,beta,0.7973138185095991,1.4876413072650831,0.999695645350971
0.4645,0.11,w,no,0.9653560677826897,0.7230622001000397,0.9972666228463906
0.4645,0.11,w,D,0.7673535018825054,0.945334782725237,0.9996361029772922
0.4645,0.11,w,mixed,0.501643492944996,1.5893674059337712,0.999786041793716
0.4645,0.11,w,beta,0.5130493858757063,1.8424348696060724,0.9980438200886081
0.4645,0.11,xw,no,0.7791965691068353,0.8967699247605992,0.9998554199800777
0.4645,0.11,xw,D,0.7105720410906553,0.9999999999999999,1.0
0.4645,0.11,xw,mixed,0.4829279043261378,1.618248256182774,0.9995050007587591
0.4645,0.11,xw,beta,0.5040575277222442,1.8573583382451613,0.9976846329601795
0.4645,0.135,,no,2.4885976858218966,0.0,0.0
0.4645,0.135,,D,2.406689503956354,0.04979212650668412,0.9325372514424453
0.4645,0.135,,mixed,1.182245251760924,0.9296529322014161,0.9990997857078545
0.4645,0.135,,beta,0.8249413672666948,1.4637314088469615,0.9999296905507002
0.4645,0.135,x,no,1.9180364222838193,0.2487396017733024,0.9373597370674174
0.4645,0.135,x,D,2.2280347930292552,0.11370421971327611,0.9092977895216177
0.4645,0.135,x,mixed,1.1280828873577728,0.9709208236270588,0.999937981716208
0.4645,0.135,x,beta,0.8121965066037289,1.4819544329944598,0.999711990786792
0.4645,0.135,w,no,1.1764006475048505,0.6872720443957495,0.9975069909223346
0.4645,0.135,w,D,0.9154179039363456,0.9448989729137692,0.9996597373746845
0.4645,0.135,w,mixed,0.6199816530512517,1.5381241170142774,0.9998010701476799
0.4645,0.135,w,beta,0.6209516482111525,1.7814538317142328,0.9982488872334647
0.4645,0.135,xw,no,0.9503097099012299,0.8863550618799041,0.999888942455331
0.4645,0.135,xw,D,0.8614790492124874,1.0,1.0
0.4645,0.135,xw,mixed,0.6075051094213055,1.56317379353181,0.9995009387937
0.4645,0.135,xw,beta,0.6189765715831239,1.792491844013411,0.9978551568019763
0.4645,0.16000000000000003,,no,2.4885976858218966,0.0,0.0
0.4645,0.16000000000000003,,D,2.406689503956354,0.04979212650668412,0.9325372514424453
0.4645,0.16000000000000003,,mixed,1.182245251760924,0.9296529322014161,0.9990997857078545
0.4645,0.16000000000000003,,beta,0.8249413672666948,1.4637314088469615,0.9999296905507002
0.4645,0.16000000000000003,x,no,1.8467003554387138,0.310315440587399,0.9448703400922317
0.4645,0.16000000000000003,x,D,2.2830748367360307,0.10822853443698842,0.8671523386713165
0.4645,0.16000000000000003,x,mixed,1.1501454111071405,0.9680411259416827,0.9999298767700668
0.4645,0.16000000000000003,x,beta,0.8287857606112655,1.4759288185520945,0.9997277571285319
0.4645,0.16000000000000003,w,no,1.3701481067356223,0.6619703345737072,0.9979716644461707
0.4645,0.16000000000000003,w,D,1.0523831933082353,0.9447327487859292,0.9996825453502673
0.4645,0.16000000000000003,w,mixed,0.7312852438172782,1.4978578359056376,0.9998224211151924
0.4645,0.16000000000000003,w,beta,0.7201682475786696,1.734536684761039,0.9984396141698578
0.4645,0.16000000000000003,xw,no,1.1170333883374977,0.8787151473530685,0.9999122393449015
0.4645,0.16000000000000003,xw,D,1.0082926618092087,0.9999999999999999,1.0
0.4645,0.16000000000000003,xw,mixed,0.7306293982881632,1.5185608926833272,0.999527304259563
0.4645,0.16000000000000003,xw,beta,0.7295474529478008,1.7412293553512115,0.9980404619357643
0.4645,0.18500000000000003,,no,2.4885976858218966,0.0,0.0
0.4645,0.18500000000000003,,D,2.406689503956354,0.04979212650668412,0.9325372514424453
0.4645,0.18500000000000003,,mixed,1.182245251760924,0.9296529322014161,0.9990997857078545
0.4645,0.18500000000000003,,beta,0.8249413672666948,1.4637314088469615,0.9999296905507002
0.4645,0.18500000000000003,x,no,1.78438496496439,0.36987780949401333,0.9523938570702424
0.4645,0.18500000000000003,x,D,2.3738017685158908,0.09094278813946181,0.6935353886276292
0.4645,0.18500000000000003,x,mixed,1.17404816697209,0.965382165492028,0.9999221398195162
0.4645,0.18500000000000003,x,beta,0.8470457899299337,1.4696079043179886,0.9997429294131532
0.4645,0.18500000000000003,w,no,1.547060200338995,0.6442963898060556,0.9984900813375871
0.4645,0.18500000000000003,w,D,1.1793279044580829,0.9447080487558543,0.999703256653368
0.4645,0.18500000000000003,w,mixed,0.8359407473235886,1.4652177019051789,0.9998469078475011
0.4645,0.18500000000000003,w,beta,0.8120412644168615,1.696918552365928,0.9986038521850357
0.4645,0.18500000000000003,xw,no,1.2800562358447014,0.8727779638188297,0.9999270365868758
0.4645,0.18500000000000003,xw,D,1.1514289346073843,1.0,1.0
0.4645,0.18500000000000003,xw,mixed,0.8521757195279015,1.4815156936431946,0.9995676548145379
0.4645,0.18500000000000003,xw,beta,0.8370346200088381,1.6989377587950016,0.9982230677255276
0.4645,0.21000000000000002,,no,2.4885976858218966,0.0,0.0
0.4645,0.21000000000000002,,D,2.406689503956354,0.04979212650668412,0.9325372514424453
0.4645,0.21000000000000002,,mixed,1.182245251760924,0.9296529322014161,0.9990997857078545
0.4645,0.21000000000000002,,beta,0.8249413672666948,1.4637314088469615,0.9999296905507002
0.4645,0.21000000000000002,x,no,1.7329293166298174,0.4258740221772952,0.9594601003875713
0.4645,0.21000000000000002,x,D,2.495952891082496,0.06353392530118872,0.3714094885344156
0.4645,0.21000000000000002,x,mixed,1.1997234507410945,0.9629538939255509,0.9999149236772974
0.4645,0.21000000000000002,x,beta,0.8669364242482177,1.4630349809633754,0.9997575015705393
0.4645,0.21000000000000002,w,no,1.7084739537012306,0.6322405664400869,0.9989629408282445
0.4645,0.21000000000000002,w,D,1.297461455141782,0.9447520040980039,0.9997215533437269
0.4645,0.21000000000000002,w,mixed,0.934522289049962,1.438136095037315,0.9998705612799286
0.4645,0.21000000000000002,w,beta,0.8978007722372997,1.6657753881428627,0.9987447674411435
0.4645,0.21000000000000002,xw,no,1.4398083363111522,0.868013316561051,0.9999371347515685
0.4645,0.21000000000000002,xw,D,1.2913354912815451,1.0,1.0
0.4645,0.21000000000000002,xw,mixed,0.9723080878286557,1.4501139828346779,0.9996125531331165
0.4645,0.21000000000000002,xw,beta,0.9424057617442613,1.6629645594325715,0.9983953362753129
0.4645,0.23500000000000001,,no,2.4885976858218966,0.0,0.0
0.4645,0.23500000000000001,,D,2.406689503956354,0.04979212650668412,0.9325372514424453
0.4645,0.23500000000000001,,mixed,1.182245251760924,0.9296529322014161,0.9990997857078545
0.4645,0.23500000000000001,,beta,0.8249413672666948,1.4637314088469615,0.9999296905507002
0.4645,0.23500000000000001,x,no,1.692883785829194,0.4773934716147837,0.9658175453846274
0.4645,0.23500000000000001,x,D,2.6340522832579056,0.03170751765876689,0.08893753354119893
0.4645,0.23500000000000001,x,mixed,1.2270997906398546,0.960762193929661,0.9999083532706327
0.4645,0.23500000000000001,x,beta,0.8884138795945601,1.4562522138871776,0.9997714742631255
0.4645,0.23500000000000001,w,no,1.8560087982003475,0.6243795199085004,0.9993434972317402
0.4645,0.23500000000000001,w,D,1.4079437390271266,0.9448260898963167,0.9997375511337274
0.4645,0.23500000000000001,w,mixed,1.0277026392359365,1.4152187162733083,0.9998917803073912
0.4645,0.23500000000000001,w,beta,0.9784683453910495,1.6393392215667317,0.9988668714177698
0.4645,0.23500000000000001,xw,no,1.5965069127240052,0.8641568370763918,0.9999453937729081
0.4645,0.23500000000000001,xw,D,1.428427683301509,0.9999999999999999,1.0
0.4645,0.23500000000000001,xw,mixed,1.0912525991231743,1.4230491008857529,0.9996569414072878
0.4645,0.23500000000000001,xw,beta,1.0463637515566828,1.631676518273793,0.9985541545350944
0.4645,0.26,,no,2.4885976858218966,0.0,0.0
0.4645,0.26,,D,2.406689503956354,0.04979212650668412,0.9325372514424453
0.4645,0.26,,mixed,1.182245251760924,0.9296529322014161,0.9990997857078545
0.4645,0.26,,beta,0.8249413672666948,1.4637314088469615,0.9999296905507002
0.4645,0.26,x,no,1.66392946639823,0.5240424316876929,0.9713685691786489
0.4645,0.26,x,D,2.778360109495368,-0.001181553005030606,0.00010379140675553788
0.4645,0.26,x,mixed,1.2561026175747008,0.9588090879148624,0.999902523307208
0.4645,0.26,x,beta,0.9114307741041955,1.4493002922165252,0.9997848529974942
0.4645,0.26,w,no,1.9912943288818472,0.6196881308578047,0.9996180711257615
0.4645,0.26,w,D,1.511812956655567,0.9449116805503592,0.9997515246281944
0.4645,0.26,w,mixed,1.11613836553556,1.3954981921830527,0.9999101348086681
0.4645,0.26,w,beta,1.0548660716818745,1.6164500465343672,0.9989736868783148
0.4645,0.26,xw,no,1.7502467214759818,0.8610645004518899,0.9999533562669177
0.4645,0.26,xw,D,1.563062302164101,0.9999999999999999,1.0
0.4645,0.26,xw,mixed,1.2092133738284947,1.3994077335148867,0.9996983196760868
0.4645,0.26,xw,beta,1.149402229917863,1.6040088273800392,0.9986985397037402
0.4645,0.28500000000000003,,no,2.4885976858218966,0.0,0.0
0.4645,0.28500000000000003,,D,2.406689503956354,0.04979212650668412,0.9325372514424453
0.4645,0.28500000000000003,,mixed,1.182245251760924,0.9296529322014161,0.9990997857078545
0.4645,0.28500000000000003,,beta,0.8249413672666948,1.4637314088469615,0.9999296905507002
0.4645,0.28500000000000003,x,no,1.6452423431928471,0.5658008429301622,0.976114244996868
0.4645,0.28500000000000003,x,D,2.9175337986243406,-0.03166438915908916,0.059294366708992685
0.4645,0.28500000000000003,x,mixed,1.2866549710661717,0.9570930431124468,0.9998974978234512
0.4645,0.28500000000000003,x,beta,0.9359364573967133,1.4422179972274867,0.999797645165774
0.4645,0.28500000000000003,w,no,2.115851916793662,0.6174148089938685,0.9997914868784162
0.4645,0.28500000000000003,w,D,1.6099680854290355,0.9450010323888244,0.999763779281539
0.4645,0.28500000000000003,w,mixed,1.200425553457849,1.3782858116190175,0.9999257073106881
0.4645,0.28500000000000003,w,beta,1.1276526374675804,1.5963146496810148,0.9990676809798764
0.4645,0.28500000000000003,xw,no,1.9010697456648218,0.8586437005543224,0.9999615185207865
0.4645,0.28500000000000003,xw,D,1.6955328459004644,1.0,1.0
0.4645,0.28500000000000003,xw,mixed,1.326349034484009,1.378531731538677,0.9997356333566579
0.4645,0.28500000000000003,xw,beta,1.2518594799217704,1.5792326949651938,0.9988285995424433
0.4645,0.31000000000000005,,no,2.4885976858218966,0.0,0.0
0.4645,0.31000000000000005,,D,2.406689503956354,0.04979212650668412,0.9325372514424453
0.4645,0.31000000000000005,,mixed,1.182245251760924,0.9296529322014161,0.9990997857078545
0.4645,0.31000000000000005,,beta,0.8249413672666948,1.4637314088469615,0.9999296905507002
0.4645,0.31000000000000005,x,no,1.6357624882930888,0.6028914304449099,0.9801118663693753
0.4645,0.31000000000000005,x,D,2.999275521566434,-0.0443057522761633,0.09826902980968932
0.4645,0.31000000000000005,x,mixed,1.3186782270062907,0.95560934882999,0.9998933113841796
0.4645,0.31000000000000005,x,beta,0.9618686996410623,1.4350466849841872,0.999809717664643
0.4645,0.31000000000000005,w,no,2.2310505343965708,0.616999276653996,0.9998774959319595
0.4645,0.31000000000000005,w,D,1.7031751932681474,0.9450921197510197,0.9997745987562597
0.4645,0.31000000000000005,w,mixed,1.2810880476789015,1.3630794606510979,0.9999387783122877
0.4645,0.31000000000000005,w,beta,1.1973527912094222,1.578373710594107,0.9991505700813533
0.4645,0.31000000000000005,xw,no,2.0490070859252185,0.856822920183301,0.9999697091820909
0.4645,0.31000000000000005,xw,D,1.8260752263009976,0.9999999999999999,1.0
0.4645,0.31000000000000005,xw,mixed,1.4427719956523966,1.3599330793459328,0.9997686194921005
0.4645,0.31000000000000005,xw,beta,1.3539584168684482,1.5568292570882212,0.9989450308009705
0.4645,0.335,,no,2.4885976858218966,0.0,0.0
0.4645,0.335,,D,2.406689503956354,0.04979212650668412,0.9325372514424453
0.4645,0.335,,mixed,1.182245251760924,0.9296529322014161,0.9990997857078545
0.4645,0.335,,beta,0.8249413672666948,1.4637314088469615,0.9999296905507002
0.4645,0.335,x,no,1.634370033861158,0.6356753521800261,0.983445365349797
0.4645,0.335,x,D,3.026418115300014,-0.04067820975044047,0.06641078186472915
0.4645,0.335,x,mixed,1.3520928250301845,0.9543505443773858,0.9998899716078117
0.4645,0.335,x,beta,0.9891647745470404,1.4278236251069467,0.9998209918970238
0.4645,0.335,w,no,2.3380979625673746,0.6180176704861936,0.999892980460908
0.4645,0.335,w,D,1.79208276711756,0.9451857090863983,0.9997842276522237
0.4645,0.335,w,mixed,1.3585795277111974,1.3495049985273337,0.9999496818315624
0.4645,0.335,w,beta,1.264400323114725,1.5622154358185705,0.9992238919437391
0.4645,0.335,xw,no,2.19410004318457,0.8555394621296664,0.9999774242855678
0.4645,0.335,xw,D,1.954877359176203,1.0,1.0
0.4645,0.335,xw,mixed,1.5585565672057333,1.3432401614726006,0.9997974282859051
0.4645,0.335,xw,beta,1.455840397257454,1.5364152237330948,0.9990488317851586
0.4645,0.36000000000000004,,no,2.4885976858218966,0.0,0.0
0.4645,0.36000000000000004,,D,2.406689503956354,0.04979212650668412,0.9325372514424453
0.4645,0.36000000000000004,,mixed,1.182245251760924,0.9296529322014161,0.9990997857078545
0.4645,0.36000000000000004,,beta,0.8249413672666948,1.4637314088469615,0.9999296905507002
0.4645,0.36000000000000004,x,no,1.639987614607248,0.6645769903631789,0.9862065553417425
0.4645,0.36000000000000004,x,D,3.0140120952858283,-0.025482861551678098,0.019404816120623836
0.4645,0.36000000000000004,x,mixed,1.3868189803144737,0.9533068739395516,0.9998874626431382
0.4645,0.36000000000000004,x,beta,1.017760103368093,1.4205829387223485,0.9998314013274485
0.4645,0.36000000000000004,w,no,2.4380482236702457,0.62014519984666,0.9998547195022364
0.4645,0.36000000000000004,w,D,1.8772389325784424,0.9452837629224488,0.9997928695517789
0.4645,0.36000000000000004,w,mixed,1.4332902212760699,1.3372782387395235,0.9999587427907186
0.4645,0.36000000000000004,w,beta,1.3291552124224555,1.5475297935708154,0.9992889787582604
0.4645,0.36000000000000004,xw,no,2.3364082877272594,0.8547351252473866,0.9999840736699438
0.4645,0.36000000000000004,xw,D,2.082089221416342,0.9999999999999999,1.0
0.4645,0.36000000000000004,xw,mixed,1.6737483963414732,1.3281633118646814,0.9998224066426169
0.4645,0.36000000000000004,xw,beta,1.5575899184848985,1.5176982828461445,0.9991411326743498
0.4645,0.385,,no,2.4885976858218966,0.0,0.0
0.4645,0.385,,D,2.406689503956354,0.04979212650668412,0.9325372514424453
0.4645,0.385,,mixed,1.182245251760924,0.9296529322014161,0.9990997857078545
0.4645,0.385,,beta,0.8249413672666948,1.4637314088469615,0.9999296905507002
0.4645,0.385,x,no,1.6516325550965365,0.6900340535463229,0.9884843622134591
0.4645,0.385,x,D,2.9728782811868584,-0.001836525657903504,7.28301848764712e-05
0.4645,0.385,x,mixed,1.4227773810395923,0.9524667407402745,0.9998857492186497
0.4645,0.385,x,beta,1.047584962546251,1.4133574569403107,0.9998408303917276
0.4645,0.385,w,no,2.5318157157747385,0.6231302448477798,0.9997777779784848
0.4645,0.385,w,D,1.9591076421963909,0.9453885911504268,0.9998006909621027
0.4645,0.385,w,mixed,1.505555219670844,1.3261794958255997,0.9999662529141233
0.4645,0.385,w,beta,1.391918509885533,1.5340784307947617,0.9993469662384206
0.4645,0.385,xw,no,2.47601097509274,0.8543550907515017,0.9999891354265298
0.4645,0.385,xw,D,2.2078318356111954,0.9999999999999999,1.0
0.4645,0.385,xw,mixed,1.7883733310119554,1.3144720261791385,0.9998439766657659
0.4645,0.385,xw,beta,1.6592513369157986,1.5004496950693107,0.9992230919606546
0.4645,0.41000000000000003,,no,2.4885976858218966,0.0,0.0
0.4645,0.41000000000000003,,D,2.406689503956354,0.04979212650668412,0.9325372514424453
0.4645,0.41000000000000003,,mixed,1.182245251760924,0.9296529322014161,0.9990997857078545
0.4645,0.41000000000000003,,beta,0.8249413672666948,1.4637314088469615,0.9999296905507002
0.4645,0.41000000000000003,x,no,1.668434707754468,0.7124682359463944,0.990359408916958
0.4645,0.41000000000000003,x,D,2.911193796135511,0.02801332463463143,0.012353602445103973
0.4645,0.41000000000000003,x,mixed,1.4598897392919983,0.9518171900429361,0.9998847809153627
0.4645,0.41000000000000003,x,beta,1.078574666747788,1.406173650354327,0.9998492336850661
0.4645,0.41000000000000003,w,no,2.6201913600581532,0.6267760432082261,0.9996748661395288
0.4645,0.41000000000000003,w,D,2.0380828061645007,0.9455024193922793,0.9998078269608559
0.4645,0.41000000000000003,w,mixed,1.5756624269003008,1.3160362679926219,0.9999724642398723
0.4645,0.41000000000000003,w,beta,1.4529452810749885,1.521674210866469,0.9993988157078091
0.4645,0.41000000000000003,xw,no,2.613004355744056,0.8543479531850491,0.9999922340854006
0.4645,0.41000000000000003,xw,D,2.3322046598880455,0.9999999999999999,1.0
0.4645,0.41000000000000003,xw,mixed,1.9024443323926572,1.301979663725746,0.9998625696884387
0.4645,0.41000000000000003,xw,beta,1.7608436054478118,1.4844856974213763,0.9992958336545532
0.4645,0.43500000000000005,,no,2.4885976858218966,0.0,0.0
0.4645,0.43500000000000005,,D,2.406689503956354,0.04979212650668412,0.9325372514424453
0.4645,0.43500000000000005,,mixed,1.182245251760924,0.9296529322014161,0.9990997857078545
0.4645,0.43500000000000005,,beta,0.8249413672666948,1.4637314088469615,0.9999296905507002
0.4645,0.43500000000000005,x,no,1.6896424760385027,0.7322674601715159,0.9919019082276217
0.4645,0.43500000000000005,x,D,2.8360274388125033,0.06228578757257779,0.04572393775337846
0.4645,0.43500000000000005,x,mixed,1.4980794640642559,0.9513442927126204,0.9998844963684641
0.4645,0.43500000000000005,x,beta,1.110654860473393,1.3990594313342744,0.9998564291481701
0.4645,0.43500000000000005,w,no,2.703858502824277,0.6309275130862395,0.999556243229935
0.4645,0.43500000000000005,w,D,2.1145001968805524,0.9456271863169748,0.9998143868038851
0.4645,0.43500000000000005,w,mixed,1.64385970301404,1.306711171784461,0.9999775902638695
0.4645,0.43500000000000005,w,beta,1.5124506796475075,1.510168775723841,0.9994453390762968
0.4645,0.43500000000000005,xw,no,2.7474980478044677,0.8546660084719979,0.999993164394192
0.4645,0.43500000000000005,xw,D,2.4552913612530736,0.9999999999999999,1.0
0.4645,0.43500000000000005,xw,mixed,2.015966953979862,1.2905327845161176,0.9998785925751054
0.4645,0.43500000000000005,xw,beta,1.8623689875814593,1.4696558266958688,0.9993604110828043
0.4645,0.46,,no,2.4885976858218966,0.0,0.0
0.4645,0.46,,D,2.406689503956354,0.04979212650668412,0.9325372514424453
0.4645,0.46,,mixed,1.182245251760924,0.9296529322014161,0.9990997857078545
0.4645,0.46,,beta,0.8249413672666948,1.4637314088469615,0.9999296905507002
0.4645,0.46,x,no,1.714610692698537,0.7497803579517246,0.9931714407315541
0.4645,0.46,x,D,2.768429411465774,0.09695654553602097,0.0868544815564617
0.4645,0.46,x,mixed,1.5372720913135285,0.9510335632957889,0.9998848271707992
0.4645,0.46,x,beta,1.1437529427715412,1.3920385021197017,0.9998622066251495
0.4645,0.46,w,no,2.783407573417788,0.6354616167738744,0.999429899831444
0.4645,0.46,w,D,2.1886472940206474,0.9457644668226256,0.9998204588645317
0.4645,0.46,w,mixed,1.710361043989027,1.2980933742966712,0.999981810014663
0.4645,0.46,w,beta,1.5706190079121836,1.4994422387210882,0.9994872224985086
0.4645,0.46,xw,no,2.8796110618582587,0.8552654878764527,0.9999918813139294
0.4645,0.46,xw,D,2.577164165193014,0.9999999999999998,1.0
0.4645,0.46,xw,mixed,2.1289430950404467,1.2800036535879455,0.9998924125179028
0.4645,0.46,xw,beta,1.9638198681407755,1.4558347248592909,0.9994177883458718
0.4645,0.48500000000000004,,no,2.4885976858218966,0.0,0.0
0.4645,0.48500000000000004,,D,2.406689503956354,0.04979212650668412,0.9325372514424453
0.4645,0.48500000000000004,,mixed,1.182245251760924,0.9296529322014161,0.9990997857078545
0.4645,0.48500000000000004,,beta,0.8249413672666948,1.4637314088469615,0.9999296905507002
0.4645,0.48500000000000004,x,no,1.742792192584284,0.7653136134679153,0.9942177029719388
0.4645,0.48500000000000004,x,D,2.849363206720679,0.11061356540191704,0.10528862491305746
0.4645,0.48500000000000004,x,mixed,1.577395717875001,0.9508703016998188,0.9998857013223917
0.4645,0.48500000000000004,x,beta,1.1777915281225733,1.3851338104255055,0.9998661702531796
0.4645,0.48500000000000004,w,no,2.859349131741884,0.6402802099141165,0.999301860811158
0.4645,0.48500000000000004,w,D,2.260771368601172,0.945915458963692,0.9998261147553967
0.4645,0.48500000000000004,w,mixed,1.7753517798917415,1.290092416926085,0.9999852729024019
0.4645,0.48500000000000004,w,beta,1.6276083241211232,1.4893967681409372,0.9995250472002651
0.4645,0.48500000000000004,xw,no,3.0094681488005923,0.8561066456604668,0.9999884724313685
0.4645,0.48500000000000004,xw,D,2.697887040763644,0.9999999999999998,1.0
0.4645,0.48500000000000004,xw,mixed,2.2413735590158677,1.2702848027428204,0.999904352166153
0.4645,0.48500000000000004,xw,beta,2.0651833676630202,1.4429164521224402,0.9994688333643297
0.4645,0.51,,no,2.4885976858218966,0.0,0.0
0.4645,0.51,,D,2.406689503956354,0.04979212650668412,0.9325372514424453
0.4645,0.51,,mixed,1.182245251760924,0.9296529322014161,0.9990997857078545
0.4645,0.51,,beta,0.8249413672666948,1.4637314088469615,0.9999296905507002
0.4645,0.51,x,no,1.7737232350022245,0.7791342870342065,0.9950816744211571
0.4645,0.51,x,D,2.7865234315706857,0.17053057586310694,0.130365265101118
0.4645,0.51,x,mixed,1.6183813428975187,0.9508398927154488,0.9998870461369633
0.4645,0.51,x,beta,1.212669239493314,1.3783760541896073,0.9998673114533826
0.4645,0.51,w,no,2.932125241224926,0.6453046671485722,0.9991765196937534
0.4645,0.51,w,D,2.3310860884273823,0.9460810059832228,0.9998314126763257
0.4645,0.51,w,mixed,1.8389929798855242,1.2826336693872011,0.9999881034061449
0.4645,0.51,w,beta,1.6835550041495577,1.47995159342627,0.9995593071606506
0.4645,0.51,xw,no,3.137196678788991,0.857153708172077,0.9999831239846315
0.4645,0.51,xw,D,2.817517976493176,0.9999999999999999,1.0
0.4645,0.51,xw,mixed,2.3532597726894386,1.2612849811684799,0.9999146902791506
0.4645,0.51,xw,beta,2.166444482141222,1.4308104102170283,0.9995143182709718
0.505,0.01,,no,2.4885976858218966,0.0,0.0
0.505,0.01,,D,2.432639712288188,0.04491276311573817,0.9251835517249222
0.505,0.01,,mixed,1.2576606957388357,0.9400380756393637,0.9993470817089976
0.505,0.01,,beta,0.9439365937115717,1.4557427296264347,0.9999056898103196
0.505,0.01,x,no,2.2333847135937526,0.007178947683636055,0.9471374768779656
0.505,0.01,x,D,2.1307224689994073,0.11018651737576247,0.9182225164656055
0.505,0.01,x,mixed,1.1342195115263813,0.989835251073629,0.9999838250947006
0.505,0.01,x,beta,0.8775164481466323,1.4909441507423993,0.9996268506787724
0.505,0.01,w,no,0.3803589079890911,0.11562648124312894,0.7858808859751071
0.505,0.01,w,D,0.3790285185583095,0.11877642331819793,0.766761872598478
0.505,0.01,w,mixed,0.05671629922659566,1.7267991837008636,0.9634379716755325
0.505,0.01,w,beta,0.02619948405561036,2.7303129269469806,0.9979177441066827
0.505,0.01,xw,no,0.06690004353164747,0.9965292080398417,0.9999990093629337
0.505,0.01,xw,D,0.06664878614109691,0.9999999999999999,1.0
0.505,0.01,xw,mixed,0.03416091791999583,1.988061660233123,0.99999860557606
0.505,0.01,xw,beta,0.02348001358219923,2.783323712250349,0.9997298537704735
0.505,0.035,,no,2.4885976858218966,0.0,0.0
0.505,0.035,,D,2.432639712288188,0.04491276311573817,0.9251835517249222
0.505,0.035,,mixed,1.2576606957388357,0.9400380756393637,0.9993470817089976
0.505,0.035,,beta,0.9439365937115717,1.4557427296264347,0.9999056898103196
0.505,0.035,x,no,2.1987107237807066,0.03578309682629985,0.9298368550663707
0.505,0.035,x,D,2.1527303455289686,0.10734711724045935,0.9149486366928332
0.505,0.035,x,mixed,1.145263996762215,0.986692660523584,0.9999787070619459
0.505,0.035,x,beta,0.8849402691765101,1.4877220299890372,0.9996424532001564
0.505,0.035,w,no,0.25508448606799683,0.9661075176483542,0.9973640283013305
0.505,0.035,w,D,0.24235465457331712,0.9816206803446389,0.9991728552541601
0.505,0.035,w,mixed,0.1418006248072125,1.8623490017527036,0.9998410287385542
0.505,0.035,w,beta,0.15979029349109203,2.243951775181678,0.9982578727524899
0.505,0.035,xw,no,0.24057045278203712,0.9674003860002639,0.9999341333368272
0.505,0.035,xw,D,0.23258131237520374,1.0,1.0
0.505,0.035,xw,mixed,0.13369043235093359,1.8901764060260922,0.9999042681935967
0.505,0.035,xw,beta,0.15265390083843447,2.265764217515084,0.9980551506904698
0.505,0.060000000000000005,,no,2.4885976858218966,0.0,0.0
0.505,0.060000000000000005,,D,2.432639712288188,0.04491276311573817,0.9251835517249222
0.505,0.060000000000000005,,mixed,1.2576606957388357,0.9400380756393637,0.9993470817089976
0.505,0.060000000000000005,,beta,0.9439365937115717,1.4557427296264347,0.9999056898103196
0.505,0.060000000000000005,x,no,2.1424813038388884,0.07751833658457281,0.9246036187601794
0.505,0.060000000000000005,x,D,2.177861347579498,0.10502162195837711,0.911700954486664
0.505,0.060000000000000005,x,mixed,1.1582506120211562,0.9836303956932365,0.9999731032309068
0.505,0.060000000000000005,x,beta,0.8940799203096481,1.4840821255517447,0.9996578886717735
0.505,0.060000000000000005,w,no,0.4949377805918643,0.8511742961341381,0.9972215043095374
0.505,0.060000000000000005,w,D,0.4233955279633699,0.9654109762493641,0.9998961053459073
0.505,0.060000000000000005,w,mixed,0.2684888322978059,1.7523999224544051,0.9997936360150326
0.505,0.060000000000000005,w,beta,0.3164845565029726,2.0262649284263006,0.9978270725907409
0.505,0.060000000000000005,xw,no,0.4220607158881493,0.9350744108662207,0.999836013818719
0.505,0.060000000000000005,xw,D,0.3963562546046504,0.9999999999999999,1.0
0.505,0.060000000000000005,xw,mixed,0.25509126576494917,1.7789807629537908,0.9997081256953558
0.505,0.060000000000000005,xw,beta,0.3054934711044866,2.044509220630494,0.9975904985283236
0.505,0.085,,no,2.4885976858218966,0.0,0.0
0.505,0.085,,D,2.432639712288188,0.04491276311573817,0.9251835517249222
0.505,0.085,,mixed,1.2576606957388357,0.9400380756393637,0.9993470817089976
0.505,0.085,,beta,0.9439365937115717,1.4557427296264347,0.9999056898103196
0.505,0.085,x,no,2.07199621862695,0.1292139792999369,0.9258010832041844
0.505,0.085,x,D,2.2060249626111585,0.10323595601081303,0.9085749696712678
0.505,0.085,x,mixed,1.1731478133369018,0.9806697370005435,0.9999671350997612
0.505,0.085,x,beta,0.9049183310283954,1.480051030153725,0.9996730895870386
0.505,0.085,w,no,0.7382933267104439,0.7736016858273292,0.9974337749524205
0.505,0.085,w,D,0.601641660614666,0.953814583625572,0.9997266989406035
0.505,0.085,w,mixed,0.4042555725270274,1.6627046519351263,0.9997606468767105
0.505,0.085,w,beta,0.46270356390501544,1.903913463530203,0.9978824773284436
0.505,0.085,xw,no,0.6029834507005212,0.9119847490438283,0.9998230570753915
0.505,0.085,xw,D,0.5568682571126007,1.0,1.0
0.505,0.085,xw,mixed,0.38656631353167825,1.6895635595137444,0.9995667409042299
0.505,0.085,xw,beta,0.4506682458694381,1.9197105381840924,0.997590241244278
0.505,0.11,,no,2.4885976858218966,0.0,0.0
0.505,0.11,,D,2.432639712288188,0.04491276311573817,0.9251835517249222
0.505,0.11,,mixed,1.2576606957388357,0.9400380756393637,0.9993470817089976
0.505,0.11,,beta,0.9439365937115717,1.4557427296264347,0.9999056898103196
0.505,0.11,x,no,1.994900269710487,0.187404790057993,0.9306225246608613
0.505,0.11,x,D,2.2371165550199232,0.10201385982329371,0.9056797625330238
0.505,0.11,x,mixed,1.1899192812954462,0.9778300328913758,0.9999609322159617
0.505,0.11,x,beta,0.9174345886986209,1.4756575678352533,0.9996880000499245
0.505,0.11,w,no,0.9653560677826897,0.7230622001000397,0.9972666228463906
0.505,0.11,w,D,0.7628441454301796,0.9524758910696121,0.9997247840002644
0.505,0.11,w,mixed,0.5371118391028564,1.5958754118130063,0.9997568729642046
0.505,0.11,w,beta,0.5950199576455258,1.8232680911067327,0.9980740265101692
0.505,0.11,xw,no,0.7791965691068353,0.8967699247605992,0.9998554199800777
0.505,0.11,xw,D,0.7135084843220253,1.0,1.0
0.505,0.11,xw,mixed,0.5198887850327285,1.6205894319271925,0.9995060638389557
0.505,0.11,xw,beta,0.5856039530838526,1.8363174157825701,0.997732014078967
0.505,0.135,,no,2.4885976858218966,0.0,0.0
0.505,0.135,,D,2.432639712288188,0.04491276311573817,0.9251835517249222
0.505,0.135,,mixed,1.2576606957388357,0.9400380756393637,0.9993470817089976
0.505,0.135,,beta,0.9439365937115717,1.4557427296264347,0.9999056898103196
0.505,0.135,x,no,1.9180364222838193,0.2487396017733024,0.9373597370674174
0.505,0.135,x,D,2.2719470219967355,0.10102648675675066,0.9006861931793498
0.505,0.135,x,mixed,1.2085241073781416,0.9751283810838286,0.9999546269249858
0.505,0.135,x,beta,0.9316039949847945,1.4709322541519225,0.9997025749503367
0.505,0.135,w,no,1.1764006475048505,0.6872720443957495,0.9975069909223346
0.505,0.135,w,D,0.9133862299263013,0.9517675285268224,0.9997381615064705
0.505,0.135,w,mixed,0.6629864048787076,1.545092795086378,0.9997654827446996
0.505,0.135,w,beta,0.7147100533717038,1.7650504051263356,0.9982736520007038
0.505,0.135,xw,no,0.9503097099012299,0.8863550618799041,0.999888942455331
0.505,0.135,xw,D,0.8661093946950464,1.0,1.0
0.505,0.135,xw,mixed,0.6516910270017308,1.566405950413067,0.9995000497467106
0.505,0.135,xw,beta,0.712058323956483,1.774795717590213,0.9979144256620466
0.505,0.16000000000000003,,no,2.4885976858218966,0.0,0.0
0.505,0.16000000000000003,,D,2.432639712288188,0.04491276311573817,0.9251835517249222
0.505,0.16000000000000003,,mixed,1.2576606957388357,0.9400380756393637,0.9993470817089976
0.505,0.16000000000000003,,beta,0.9439365937115717,1.4557427296264347,0.9999056898103196
0.505,0.16000000000000003,x,no,1.8467003554387138,0.310315440587399,0.9448703400922317
0.505,0.16000000000000003,x,D,2.322972234210545,0.09552654736219665,0.8553543255078959
0.505,0.16000000000000003,x,mixed,1.2289170294205651,0.9725793870090249,0.9999483492316442
0.505,0.16000000000000003,x,beta,0.947398154876246,1.4659067584995789,0.9997167789007864
0.505,0.16000000000000003,w,no,1.3701481067356223,0.6619703345737072,0.9979716644461707
0.505,0.16000000000000003,w,D,1.053655486429442,0.9513417972655426,0.9997521245702187
0.505,0.16000000000000003,w,mixed,0.7813253049774243,1.5050710521169877,0.999786696598841
0.505,0.16000000000000003,w,beta,0.8237838765902782,1.7204174845314986,0.9984508792453441
0.505,0.16000000000000003,xw,no,1.1170333883374977,0.8787151473530685,0.9999122393449015
0.505,0.16000000000000003,xw,D,1.0148112760830783,1.0,1.0
0.505,0.16000000000000003,xw,mixed,0.7809838154561248,1.5226559747962383,0.999523820930064
0.505,0.16000000000000003,xw,beta,0.8320907578950618,1.7264179942138087,0.9981016823724704
0.505,0.18500000000000003,,no,2.4885976858218966,0.0,0.0
0.505,0.18500000000000003,,D,2.432639712288188,0.04491276311573817,0.9251835517249222
0.505,0.18500000000000003,,mixed,1.2576606957388357,0.9400380756393637,0.9993470817089976
0.505,0.18500000000000003,,beta,0.9439365937115717,1.4557427296264347,0.9999056898103196
0.505,0.18500000000000003,x,no,1.78438496496439,0.36987780949401333,0.9523938570702424
0.505,0.18500000000000003,x,D,2.4053606374006207,0.07976871770014472,0.6804494452331553
0.505,0.18500000000000003,x,mixed,1.2510487170968763,0.9701950039454278,0.9999422220791728
0.505,0.18500000000000003,x,beta,0.9647850975717789,1.460613386839563,0.9997305850314687
0.505,0.18500000000000003,w,no,1.547060200338995,0.6442963898060556,0.9984900813375871
0.505,0.18500000000000003,w,D,1.1843837171898044,0.9510868352571918,0.9997654881692466
0.505,0.18500000000000003,w,mixed,0.8923796797594883,1.4726479744306078,0.9998123243485004
0.505,0.18500000000000003,w,beta,0.9241539248143671,1.6846622635283903,0.9986056812152135
0.505,0.18500000000000003,xw,no,1.2800562358447014,0.8727779638188297,0.9999270365868758
0.505,0.18500000000000003,xw,D,1.1599242310132538,0.9999999999999999,1.0
0.505,0.18500000000000003,xw,mixed,0.9077324309662527,1.4864167463355857,0.999561460750472
0.505,0.18500000000000003,xw,beta,0.9474007491208729,1.686665858251567,0.9982803223045982
0.505,0.21000000000000002,,no,2.4885976858218966,0.0,0.0
0.505,0.21000000000000002,,D,2.432639712288188,0.04491276311573817,0.9251835517249222
0.505,0.21000000000000002,,mixed,1.2576606957388357,0.9400380756393637,0.9993470817089976
0.505,0.21000000000000002,,beta,0.9439365937115717,1.4557427296264347,0.9999056898103196
0.505,0.21000000000000002,x,no,1.7329293166298174,0.4258740221772952,0.9594601003875713
0.505,0.21000000000000002,x,D,2.5143889852523063,0.0554656603404685,0.36507391084312346
0.505,0.21000000000000002,x,mixed,1.2748661076325698,0.9679844546855365,0.9999363572992976
0.505,0.21000000000000002,x,beta,0.9837294418986368,1.4550845923484124,0.9997439737332962
0.505,0.21000000000000002,w,no,1.7084739537012306,0.6322405664400869,0.9989629408282445
0.505,0.21000000000000002,w,D,1.306524063022843,0.950931672045555,0.9997777423437775
0.505,0.21000000000000002,w,mixed,0.9967702515456605,1.4457668710108615,0.9998377711046816
0.505,0.21000000000000002,w,beta,1.0173759533805262,1.6550656713953689,0.9987413893827084
0.505,0.21000000000000002,xw,no,1.4398083363111522,0.868013316561051,0.9999371347515685
0.505,0.21000000000000002,xw,D,1.3018229956669354,1.0,1.0
0.505,0.21000000000000002,xw,mixed,1.0322295355009359,1.4557467462675013,0.9996039004277375
0.505,0.21000000000000002,xw,beta,1.0592796460611826,1.6529545406275543,0.9984454159797544
0.505,0.23500000000000001,,no,2.4885976858218966,0.0,0.0
0.505,0.23500000000000001,,D,2.432639712288188,0.04491276311573817,0.9251835517249222
0.505,0.23500000000000001,,mixed,1.2576606957388357,0.9400380756393637,0.9993470817089976
0.505,0.23500000000000001,,beta,0.9439365937115717,1.4557427296264347,0.9999056898103196
0.505,0.23500000000000001,x,no,1.692883785829194,0.4773934716147837,0.9658175453846274
0.505,0.23500000000000001,x,D,2.636975380157327,0.027317918370972354,0.08662689114455036
0.505,0.23500000000000001,x,mixed,1.300312786138454,0.965954232548639,0.9999308524166503
0.505,0.23500000000000001,x,beta,1.0041925986524605,1.4493525295787766,0.999756931425657
0.505,0.23500000000000001,w,no,1.8560087982003475,0.6243795199085004,0.9993434972317402
0.505,0.23500000000000001,w,D,1.4210634692196074,0.950833877365849,0.9997887509356581
0.505,0.23500000000000001,w,mixed,1.0952284396860938,1.4230367035879898,0.9998611128510232
0.505,0.23500000000000001,w,beta,1.1046533678892583,1.6299556604801742,0.9988602219582307
0.505,0.23500000000000001,xw,no,1.5965069127240052,0.8641568370763918,0.9999453937729081
0.505,0.23500000000000001,xw,D,1.440881279045851,1.0,1.0
0.505,0.23500000000000001,xw,mixed,1.1548364246156504,1.4293308897701211,0.9996462837656102
0.505,0.23500000000000001,xw,beta,1.16868046326262,1.6236932519713443,0.9985955684985014
0.505,0.26,,no,2.4885976858218966,0.0,0.0
0.505,0.26,,D,2.432639712288188,0.04491276311573817,0.9251835517249222
0.505,0.26,,mixed,1.2576606957388357,0.9400380756393637,0.9993470817089976
0.505,0.26,,beta,0.9439365937115717,1.4557427296264347,0.9999056898103196
0.505,0.26,x,no,1.66392946639823,0.5240424316876929,0.9713685691786489
0.505,0.26,x,D,2.7648067611901856,-0.0018558627694690733,0.0003411139003252073
0.505,0.26,x,mixed,1.32732940998669,0.9641081731703297,0.9999257884120567
0.505,0.26,x,beta,1.0261330182287456,1.443448654708243,0.9997694494094829
0.505,0.26,w,no,1.9912943288818472,0.6196881308578047,0.9996180711257615
0.505,0.26,w,D,1.5289304689658736,0.9507693368347446,0.9997985593135139
0.505,0.26,w,mixed,1.1884673450229242,1.4034919416496519,0.9998817229026115
0.505,0.26,w,beta,1.1869352463026261,1.60823611693858,0.9989642075272895
0.505,0.26,xw,no,1.7502467214759818,0.8610645004518899,0.9999533562669177
0.505,0.26,xw,D,1.577437831296618,1.0,1.0
0.505,0.26,xw,mixed,1.2758861046764336,1.4062532054948624,0.9996861820254637
0.505,0.26,xw,beta,1.2763022739682799,1.5978433979003237,0.99873092439407
0.505,0.28500000000000003,,no,2.4885976858218966,0.0,0.0
0.505,0.28500000000000003,,D,2.432639712288188,0.04491276311573817,0.9251835517249222
0.505,0.28500000000000003,,mixed,1.2576606957388357,0.9400380756393637,0.9993470817089976
0.505,0.28500000000000003,,beta,0.9439365937115717,1.4557427296264347,0.9999056898103196
0.505,0.28500000000000003,x,no,1.6452423431928471,0.5658008429301622,0.976114244996868
0.505,0.28500000000000003,x,D,2.8885170555325077,-0.029182003438000412,0.0674050874414519
0.505,0.28500000000000003,x,mixed,1.3558541663598018,0.9624475898714041,0.9999212284702684
0.505,0.28500000000000003,x,beta,1.0495064388163535,1.4374033992738862,0.9997815228485178
0.505,0.28500000000000003,w,no,2.115851916793662,0.6174148089938685,0.9997914868784162
0.505,0.28500000000000003,w,D,1.6309583098523297,0.9507250404491469,0.9998072877019263
0.505,0.28500000000000003,w,mixed,1.2771345270591419,1.3864449269825807,0.999899566673814
0.505,0.28500000000000003,w,beta,1.2649845416806351,1.5891522089668433,0.9990554062711796
0.505,0.28500000000000003,xw,no,1.9010697456648218,0.8586437005543224,0.9999615185207865
0.505,0.28500000000000003,xw,D,1.7117834169378718,0.9999999999999999,1.0
0.505,0.28500000000000003,xw,mixed,1.395652192847379,1.3858574982075187,0.9997225264042225
0.505,0.28500000000000003,xw,beta,1.3826445531506604,1.5746986602157662,0.9988523070636032
0.505,0.31000000000000005,,no,2.4885976858218966,0.0,0.0
0.505,0.31000000000000005,,D,2.432639712288188,0.04491276311573817,0.9251835517249222
0.505,0.31000000000000005,,mixed,1.2576606957388357,0.9400380756393637,0.9993470817089976
0.505,0.31000000000000005,,beta,0.9439365937115717,1.4557427296264347,0.9999056898103196
0.505,0.31000000000000005,x,no,1.6357624882930888,0.6028914304449099,0.9801118663693753
0.505,0.31000000000000005,x,D,2.956235197728374,-0.039131942174685644,0.1024271303050287
0.505,0.31000000000000005,x,mixed,1.385823256631143,0.9609714608427019,0.9999172176663128
0.505,0.31000000000000005,x,beta,1.0742662710518285,1.4312458453111008,0.9997931499041757
0.505,0.31000000000000005,w,no,2.2310505343965708,0.616999276653996,0.9998774959319595
0.505,0.31000000000000005,w,D,1.7278764643976499,0.9506945169453819,0.9998150772193214
0.505,0.31000000000000005,w,mixed,1.3617996306881148,1.3713941176712472,0.999914856526142
0.505,0.31000000000000005,w,beta,1.3394193629754179,1.57216579586037,0.9991356827942817
0.505,0.31000000000000005,xw,no,2.0490070859252185,0.856822920183301,0.9999697091820909
0.505,0.31000000000000005,xw,D,1.8441597253155197,1.0,1.0
0.505,0.31000000000000005,xw,mixed,1.514346625124864,1.3676604685131304,0.9997549925762933
0.505,0.31000000000000005,xw,beta,1.488066568096958,1.5537568960794876,0.9989608223862853
0.505,0.335,,no,2.4885976858218966,0.0,0.0
0.505,0.335,,D,2.432639712288188,0.04491276311573817,0.9251835517249222
0.505,0.335,,mixed,1.2576606957388357,0.9400380756393637,0.9993470817089976
0.505,0.335,,beta,0.9439365937115717,1.4557427296264347,0.9999056898103196
0.505,0.335,x,no,1.634370033861158,0.6356753521800261,0.983445365349797
0.505,0.335,x,D,2.9697617808215306,-0.032780064510305865,0.055337184159173325
0.505,0.335,x,mixed,1.4171713981600245,0.9596766564417517,0.9999137834867299
0.505,0.335,x,beta,1.1003638787393972,1.4250035273420691,0.9998043310334536
0.505,0.335,w,no,2.3380979625673746,0.6180176704861936,0.999892980460908
0.505,0.335,w,D,1.8203155834255262,0.9506750064867902,0.9998220648992328
0.505,0.335,w,mixed,1.4429564949920577,1.3579657464751802,0.9999278882451937
0.505,0.335,w,beta,1.4107473870683356,1.5568810506613915,0.9992066463484859
0.505,0.335,xw,no,2.19410004318457,0.8555394621296664,0.9999774242855678
0.505,0.335,xw,D,1.9747641425559812,0.9999999999999999,1.0
0.505,0.335,xw,mixed,1.6321267845972611,1.3512971377231966,0.999783649731655
0.505,0.335,xw,beta,1.592820501157792,1.5346502928863819,0.9990576656559711
0.505,0.36000000000000004,,no,2.4885976858218966,0.0,0.0
0.505,0.36000000000000004,,D,2.432639712288188,0.04491276311573817,0.9251835517249222
0.505,0.36000000000000004,,mixed,1.2576606957388357,0.9400380756393637,0.9993470817089976
0.505,0.36000000000000004,,beta,0.9439365937115717,1.4557427296264347,0.9999056898103196
0.505,0.36000000000000004,x,no,1.639987614607248,0.6645769903631789,0.9862065553417425
0.505,0.36000000000000004,x,D,2.9443290723428364,-0.014781841192935012,0.007864408735567596
0.505,0.36000000000000004,x,mixed,1.4498323468298935,0.9585581892659234,0.9999109370409616
0.505,0.36000000000000004,x,beta,1.1277489622761137,1.418702244981472,0.9998150684460348
0.505,0.36000000000000004,w,no,2.4380482236702457,0.62014519984666,0.9998547195022364
0.505,0.36000000000000004,w,D,1.9088177679228977,0.9506657731809234,0.9998283735997815
0.505,0.36000000000000004,w,mixed,1.5210305811887688,1.3458758390435306,0.999938966692822
0.505,0.36000000000000004,w,beta,1.479388389782516,1.5430000443398046,0.9992696563083443
0.505,0.36000000000000004,xw,no,2.3364082877272594,0.8547351252473866,0.9999840736699438
0.505,0.36000000000000004,xw,D,2.1037567439907936,0.9999999999999999,1.0
0.505,0.36000000000000004,xw,mixed,1.7491065572277618,1.3364852511938112,0.9998087614903497
0.505,0.36000000000000004,xw,beta,1.697081027208061,1.5171010396442162,0.9991440236565792
0.505,0.385,,no,2.4885976858218966,0.0,0.0
0.505,0.385,,D,2.432639712288188,0.04491276311573817,0.9251835517249222
0.505,0.385,,mixed,1.2576606957388357,0.9400380756393637,0.9993470817089976
0.505,0.385,,beta,0.9439365937115717,1.4557427296264347,0.9999056898103196
0.505,0.385,x,no,1.6516325550965365,0.6900340535463229,0.9884843622134591
0.505,0.385,x,D,2.8910259079744445,0.011701682389567815,0.003357146360847163
0.505,0.385,x,mixed,1.4837393404273824,0.9576095107170889,0.9999086747951488
0.505,0.385,x,beta,1.1563699269690377,1.4123659419088812,0.999825365706534
0.505,0.385,w,no,2.5318157157747385,0.6231302448477798,0.9997777779784848
0.505,0.385,w,D,1.9938482118526848,0.9506671122536211,0.9998341091435429
0.505,0.385,w,mixed,1.5963877990631405,1.3349048771932563,0.9999483745322837
0.505,0.385,w,beta,1.5456927792615949,1.5302937075145144,0.9993258504220618
0.505,0.385,xw,no,2.47601097509274,0.8543550907515017,0.9999891354265298
0.505,0.385,xw,D,2.2312675394343793,0.9999999999999999,1.0
0.505,0.385,xw,mixed,1.8653662390288455,1.3230020339534294,0.99983067397019
0.505,0.385,xw,beta,1.8009668059279316,1.5008936327029507,0.999221024395896
0.505,0.41000000000000003,,no,2.4885976858218966,0.0,0.0
0.505,0.41000000000000003,,D,2.432639712288188,0.04491276311573817,0.9251835517249222
0.505,0.41000000000000003,,mixed,1.2576606957388357,0.9400380756393637,0.9993470817089976
0.505,0.41000000000000003,,beta,0.9439365937115717,1.4557427296264347,0.9999056898103196
0.505,0.41000000000000003,x,no,1.668434707754468,0.7124682359463944,0.990359408916958
0.505,0.41000000000000003,x,D,2.81815015665699,0.044455225364291355,0.03378393090264298
0.505,0.41000000000000003,x,mixed,1.5188256683615404,0.956822757705621,0.9999069806545445
0.505,0.41000000000000003,x,beta,1.1861742799981272,1.406016620781888,0.9998352274610154
0.505,0.41000000000000003,w,no,2.6201913600581532,0.6267760432082261,0.9996748661395288
0.505,0.41000000000000003,w,D,2.075806394595426,0.9506797767883541,0.999839360734188
0.505,0.41000000000000003,w,mixed,1.669343070621018,1.3248805113471427,0.9999563613580484
0.505,0.41000000000000003,w,beta,1.6099552368719252,1.518582782291813,0.9993761782530116
0.505,0.41000000000000003,xw,no,2.613004355744056,0.8543479531850491,0.9999922340854006
0.505,0.41000000000000003,xw,D,2.3574030334606713,0.9999999999999998,1.0
0.505,0.41000000000000003,xw,mixed,1.9809615324918586,1.3106683499740879,0.9998497540738225
0.505,0.41000000000000003,xw,beta,1.9045562003245926,1.4858569719405352,0.9992897123465614
0.505,0.43500000000000005,,no,2.4885976858218966,0.0,0.0
0.505,0.43500000000000005,,D,2.432639712288188,0.04491276311573817,0.9251835517249222
0.505,0.43500000000000005,,mixed,1.2576606957388357,0.9400380756393637,0.9993470817089976
0.505,0.43500000000000005,,beta,0.9439365937115717,1.4557427296264347,0.9999056898103196
0.505,0.43500000000000005,x,no,1.6896424760385027,0.7322674601715159,0.9919019082276217
0.505,0.43500000000000005,x,D,2.732873708783457,0.0814936444510435,0.0824067597282997
0.505,0.43500000000000005,x,mixed,1.5550250833579293,0.9561890495597725,0.9999058282290758
0.505,0.43500000000000005,x,beta,1.2171090338067867,1.3996742974003347,0.9998446592632811
0.505,0.43500000000000005,w,no,2.703858502824277,0.6309275130862395,0.999556243229935
0.505,0.43500000000000005,w,D,2.155036096341707,0.9507046549894098,0.999844202684495
0.505,0.43500000000000005,w,mixed,1.740168016538818,1.3156655135745858,0.9999631421582664
0.505,0.43500000000000005,w,beta,1.6724255053905972,1.5077247380975711,0.9994214328821006
0.505,0.43500000000000005,xw,no,2.7474980478044677,0.8546660084719979,0.999993164394192
0.505,0.43500000000000005,xw,D,2.4822517474273935,0.9999999999999999,1.0
0.505,0.43500000000000005,xw,mixed,2.0959307005618157,1.29933781184776,0.9998663567887959
0.505,0.43500000000000005,xw,beta,2.0078990454141676,1.471852376284167,0.9993510381050665
0.505,0.46,,no,2.4885976858218966,0.0,0.0
0.505,0.46,,D,2.432639712288188,0.04491276311573817,0.9251835517249222
0.505,0.46,,mixed,1.2576606957388357,0.9400380756393637,0.9993470817089976
0.505,0.46,,beta,0.9439365937115717,1.4557427296264347,0.9999056898103196
0.505,0.46,x,no,1.714610692698537,0.7497803579517246,0.9931714407315541
0.505,0.46,x,D,2.6399415164374074,0.12168367409263493,0.13870990298844466
0.505,0.46,x,mixed,1.592272242388495,0.9556987489433222,0.9999051831357116
0.505,0.46,x,beta,1.2491200490420016,1.3933574456287863,0.9998536582368724
0.505,0.46,w,no,2.783407573417788,0.6354616167738744,0.999429899831444
0.505,0.46,w,D,2.2318340484347474,0.9507425938552375,0.9998486965174064
0.505,0.46,w,mixed,1.809097578510655,1.3071492276867192,0.9999688997441064
0.505,0.46,w,beta,1.7333166060566203,1.4976046882738645,0.9994622785288563
0.505,0.46,xw,no,2.8796110618582587,0.8552654878764527,0.9999918813139294
0.505,0.46,xw,D,2.6058886564912673,0.9999999999999999,1.0
0.505,0.46,xw,mixed,2.2103000897917497,1.2888891138455734,0.9998808092030075
0.505,0.46,xw,beta,2.1110253470276796,1.4587653921529513,0.9994058564697003
0.505,0.48500000000000004,,no,2.4885976858218966,0.0,0.0
0.505,0.48500000000000004,,D,2.432639712288188,0.04491276311573817,0.9251835517249222
0.505,0.48500000000000004,,mixed,1.2576606957388357,0.9400380756393637,0.9993470817089976
0.505,0.48500000000000004,,beta,0.9439365937115717,1.4557427296264347,0.9999056898103196
0.505,0.48500000000000004,x,no,1.742792192584284,0.7653136134679153,0.9942177029719388
0.505,0.48500000000000004,x,D,2.5436306231792227,0.16369659584633867,0.19694526415690305
0.505,0.48500000000000004,x,mixed,1.6305030957283853,0.9553417101815163,0.9999050052173436
0.505,0.48500000000000004,x,beta,1.2821481966047326,1.3870847184194708,0.9998621652221086
0.505,0.48500000000000004,w,no,2.859349131741884,0.6402802099141165,0.999301860811158
0.505,0.48500000000000004,w,D,2.3064572545564417,0.9507943106914422,0.999852893018716
0.505,0.48500000000000004,w,mixed,1.8763356321952873,1.2992413904403821,0.9999737885867143
0.505,0.48500000000000004,w,beta,1.792811331575849,1.488128888633527,0.9994992736814342
0.505,0.48500000000000004,xw,no,3.0094681488005923,0.8561066456604668,0.9999884724313685
0.505,0.48500000000000004,xw,D,2.7283786389106597,0.9999999999999999,1.0
0.505,0.48500000000000004,xw,mixed,2.3240883401441583,1.2792205032765527,0.999893404039571
0.505,0.48500000000000004,xw,beta,2.2139516674643214,1.446500071208758,0.9994549294457697
0.505,0.51,,no,2.4885976858218966,0.0,0.0
0.505,0.51,,D,2.432639712288188,0.04491276311573817,0.9251835517249222
0.505,0.51,,mixed,1.2576606957388357,0.9400380756393637,0.9993470817089976
0.505,0.51,,beta,0.9439365937115717,1.4557427296264347,0.9999056898103196
0.505,0.51,x,no,1.7737232350022245,0.7791342870342065,0.9950816744211571
0.505,0.51,x,D,2.602816888791746,0.17813006387834807,0.2158613109032903
0.505,0.51,x,mixed,1.6696552310742294,0.9551075054178924,0.9999052505871304
0.505,0.51,x,beta,1.3161395702856433,1.38087072134141,0.9998701845211772
0.505,0.51,w,no,2.932125241224926,0.6453046671485722,0.9991765196937534
0.505,0.51,w,D,2.37912913015211,0.9508603542031612,0.9998568340736704
0.505,0.51,w,mixed,1.9420597109095221,1.291867591554037,0.9999779388816016
0.505,0.51,w,beta,1.8510673913906257,1.479220004750313,0.9995328900834202
0.505,0.51,xw,no,3.137196678788991,0.857153708172077,0.9999831239846315
0.505,0.51,xw,D,2.849779089419303,0.9999999999999998,1.0
0.505,0.51,xw,mixed,2.437309186839387,1.2702457914040735,0.9999043984775896
0.505,0.51,xw,beta,2.316685762298707,1.4349748921924774,0.9994989320289972
0.5455,0.01,,no,2.4885976858218966,0.0,0.0
0.5455,0.01,,D,2.4552469913893984,0.040636241149720524,0.9184368518137701
0.5455,0.01,,mixed,1.3352018517674498,0.9483095208429848,0.9995154825896503
0.5455,0.01,,beta,1.069529965902153,1.4476465775429863,0.999883339045158
0.5455,0.01,x,no,2.2333847135937526,0.007178947683636055,0.9471374768779656
0.5455,0.01,x,D,2.1806611243601033,0.09936011215648659,0.9121653895335453
0.5455,0.01,x,mixed,1.221359750832895,0.9912819251061856,0.999988113868642
0.5455,0.01,x,beta,1.0059401700360777,1.4772478824980275,0.9996322055677775
0.5455,0.01,w,no,0.3803589079890911,0.11562648124312894,0.7858808859751071
0.5455,0.01,w,D,0.3788137454601427,0.1191515793656898,0.7694354784418319
0.5455,0.01,w,mixed,0.055927733213998264,1.7739997408797394,0.9722551932621862
0.5455,0.01,w,beta,0.030836773565603114,2.7186152053493298,0.9986562779470711
0.5455,0.01,xw,no,0.06690004353164747,0.9965292080398417,0.9999990093629337
0.5455,0.01,xw,D,0.0666513388192011,1.0,1.0
0.5455,0.01,xw,mixed,0.036898077652275554,1.9880631708359948,0.999998605924669
0.5455,0.01,xw,beta,0.02835366684057336,2.75899211961022,0.999671801134757
0.5455,0.035,,no,2.4885976858218966,0.0,0.0
0.5455,0.035,,D,2.4552469913893984,0.040636241149720524,0.9184368518137701
0.5455,0.035,,mixed,1.3352018517674498,0.9483095208429848,0.9995154825896503
0.5455,0.035,,beta,1.069529965902153,1.4476465775429863,0.999883339045158
0.5455,0.035,x,no,2.1987107237807066,0.03578309682629985,0.9298368550663707
0.5455,0.035,x,D,2.2006792963989383,0.09676378185315036,0.90874525530555
0.5455,0.035,x,mixed,1.2315777041246192,0.9885763310738229,0.9999843237951247
0.5455,0.035,x,beta,1.0130314742849051,1.4745589204563823,0.9996455820692305
0.5455,0.035,w,no,0.25508448606799683,0.9661075176483542,0.9973640283013305
0.5455,0.035,w,D,0.24176909895080623,0.9826155336581222,0.9991783385462808
0.5455,0.035,w,mixed,0.15160670462731116,1.8669520264904156,0.9998891484690873
0.5455,0.035,w,beta,0.1899944559011643,2.21497767522949,0.9981353296952405
0.5455,0.035,xw,no,0.24057045278203712,0.9674003860002639,0.9999341333368272
0.5455,0.035,xw,D,0.23268692177099326,0.9999999999999999,1.0
0.5455,0.035,xw,mixed,0.14427830438491285,1.8903054565919943,0.9999044647124042
0.5455,0.035,xw,beta,0.18295513561983776,2.2329897079727075,0.9979597189610037
0.5455,0.060000000000000005,,no,2.4885976858218966,0.0,0.0
0.5455,0.060000000000000005,,D,2.4552469913893984,0.040636241149720524,0.9184368518137701
0.5455,0.060000000000000005,,mixed,1.3352018517674498,0.9483095208429848,0.9995154825896503
0.5455,0.060000000000000005,,beta,1.069529965902153,1.4476465775429863,0.999883339045158
0.5455,0.060000000000000005,x,no,2.1424813038388884,0.07751833658457281,0.9246036187601794
0.5455,0.060000000000000005,x,D,2.2236035788754616,0.09457347104443682,0.9053043798077245
0.5455,0.060000000000000005,x,mixed,1.2435990690175889,0.9859300156953529,0.9999801457732925
0.5455,0.060000000000000005,x,beta,1.021755070578744,1.47151869969247,0.9996589257391036
0.5455,0.060000000000000005,w,no,0.4949377805918643,0.8511742961341381,0.9972215043095374
0.5455,0.060000000000000005,w,D,0.42000837250689105,0.9702822321348086,0.9999244768367571
0.5455,0.060000000000000005,w,mixed,0.28745525759416884,1.756140685021124,0.9997986945159476
0.5455,0.060000000000000005,w,beta,0.3700110496862327,2.0018517027452174,0.9977840055559073
0.5455,0.060000000000000005,xw,no,0.4220607158881493,0.9350744108662207,0.999836013818719
0.5455,0.060000000000000005,xw,D,0.3968512849451521,1.0,1.0
0.5455,0.060000000000000005,xw,mixed,0.27479841543913525,1.7795294597832434,0.999709118025611
0.5455,0.060000000000000005,xw,beta,0.3590336173897113,2.0174006413071774,0.9975707860400361
0.5455,0.085,,no,2.4885976858218966,0.0,0.0
0.5455,0.085,,D,2.4552469913893984,0.040636241149720524,0.9184368518137701
0.5455,0.085,,mixed,1.3352018517674498,0.9483095208429848,0.9995154825896503
0.5455,0.085,,beta,1.069529965902153,1.4476465775429863,0.999883339045158
0.5455,0.085,x,no,2.07199621862695,0.1292139792999369,0.9258010832041844
0.5455,0.085,x,D,2.2493704282488842,0.09280950932547691,0.9019231685011012
0.5455,0.085,x,mixed,1.2573990557062227,0.9833589556928036,0.9999756580301221
0.5455,0.085,x,beta,1.0320956203210598,1.468146489185702,0.9996721779498132
0.5455,0.085,w,no,0.7382933267104439,0.7736016858273292,0.9974337749524205
0.5455,0.085,w,D,0.5969340425882862,0.9598687615266172,0.9997973839928029
0.5455,0.085,w,mixed,0.4320044530500261,1.6672971921843878,0.9997487689194398
0.5455,0.085,w,beta,0.5347239524314453,1.8833317459552175,0.9978952655833289
0.5455,0.085,xw,no,0.6029834507005212,0.9119847490438283,0.9998230570753915
0.5455,0.085,xw,D,0.5581384917876071,1.0,1.0
0.5455,0.085,xw,mixed,0.41544054868965147,1.6907220667442115,0.9995681973289492
0.5455,0.085,xw,beta,0.5225350372694472,1.8970796761096118,0.9976167915984698
0.5455,0.11,,no,2.4885976858218966,0.0,0.0
0.5455,0.11,,D,2.4552469913893984,0.040636241149720524,0.9184368518137701
0.5455,0.11,,mixed,1.3352018517674498,0.9483095208429848,0.9995154825896503
0.5455,0.11,,beta,1.069529965902153,1.4476465775429863,0.999883339045158
0.5455,0.11,x,no,1.994900269710487,0.187404790057993,0.9306225246608613
0.5455,0.11,x,D,2.277905836590764,0.09149103121914133,0.8986959016673925
0.5455,0.11,x,mixed,1.2729490958953569,0.9808778925984829,0.9999709451833482
0.5455,0.11,x,beta,1.0440339898489246,1.4644635512397468,0.9996852875820362
0.5455,0.11,w,no,0.9653560677826897,0.7230622001000397,0.9972666228463906
0.5455,0.11,w,D,0.7591386428746596,0.9583615442541179,0.999788846661131
0.5455,0.11,w,mixed,0.5731003933733039,1.6011327939264184,0.9997293903188882
0.5455,0.11,w,beta,0.6817032359041665,1.805776977000506,0.9980945720320247
0.5455,0.11,xw,no,0.7791965691068353,0.8967699247605992,0.9998554199800777
0.5455,0.11,xw,D,0.7159359562432831,1.0,1.0
0.5455,0.11,xw,mixed,0.5572184547654743,1.6224422439465211,0.9995069549840983
0.5455,0.11,xw,beta,0.6720788579078353,1.8171717544739743,0.9977817633444962
0.5455,0.135,,no,2.4885976858218966,0.0,0.0
0.5455,0.135,,D,2.4552469913893984,0.040636241149720524,0.9184368518137701
0.5455,0.135,,mixed,1.3352018517674498,0.9483095208429848,0.9995154825896503
0.5455,0.135,,beta,1.069529965902153,1.4476465775429863,0.999883339045158
0.5455,0.135,x,no,1.9180364222838193,0.2487396017733024,0.9373597370674174
0.5455,0.135,x,D,2.310054485280855,0.09029034516439496,0.8929637653704859
0.5455,0.135,x,mixed,1.290216954744304,0.97850011671342,0.9999660952573577
0.5455,0.135,x,beta,1.057548236572857,1.4604923036986093,0.9996982107519864
0.5455,0.135,w,no,1.1764006475048505,0.6872720443957495,0.9975069909223346
0.5455,0.135,w,D,0.9117185601806246,0.9574852360806813,0.999796087364862
0.5455,0.135,w,mixed,0.7068161680706037,1.5506328241893965,0.9997347329276786
0.5455,0.135,w,beta,0.8133890652074711,1.749996903597257,0.9982875873973174
0.5455,0.135,xw,no,0.9503097099012299,0.8863550618799041,0.999888942455331
0.5455,0.135,xw,D,0.8700027726716472,1.0,1.0
0.5455,0.135,xw,mixed,0.6964961657652955,1.5689768248424174,0.9994994432320794
0.5455,0.135,xw,beta,0.8103872418127778,1.7585108459568766,0.9979733930892157
0.5455,0.16000000000000003,,no,2.4885976858218966,0.0,0.0
0.5455,0.16000000000000003,,D,2.4552469913893984,0.040636241149720524,0.9184368518137701
0.5455,0.16000000000000003,,mixed,1.3352018517674498,0.9483095208429848,0.9995154825896503
0.5455,0.16000000000000003,,beta,1.069529965902153,1.4476465775429863,0.999883339045158
0.5455,0.16000000000000003,x,no,1.8467003554387138,0.310315440587399,0.9448703400922317
0.5455,0.16000000000000003,x,D,2.3571745292640625,0.08493223890174141,0.8452781752845956
0.5455,0.16000000000000003,x,mixed,1.3091668749612324,0.9762372938180001,0.999961196677009
0.5455,0.16000000000000003,x,beta,1.0726129530526838,1.4562563613792767,0.9997109103663118
0.5455,0.16000000000000003,w,no,1.3701481067356223,0.6619703345737072,0.9979716644461707
0.5455,0.16000000000000003,w,D,1.054820562589094,0.9568847690593997,0.9998044377904073
0.5455,0.16000000000000003,w,mixed,0.8323795961979641,1.510816587687615,0.9997555653285677
0.5455,0.16000000000000003,w,beta,0.9326462660030627,1.7072643682604287,0.9984608982512647
0.5455,0.16000000000000003,xw,no,1.1170333883374977,0.8787151473530685,0.9999122393449015
0.5455,0.16000000000000003,xw,D,1.0203799804082399,1.0,1.0
0.5455,0.16000000000000003,xw,mixed,0.8322558027400804,1.5259331689263682,0.9995211828465118
0.5455,0.16000000000000003,xw,beta,0.9401707795424704,1.7125797035638342,0.9981615837468812
0.5455,0.18500000000000003,,no,2.4885976858218966,0.0,0.0
0.5455,0.18500000000000003,,D,2.4552469913893984,0.040636241149720524,0.9184368518137701
0.5455,0.18500000000000003,,mixed,1.3352018517674498,0.9483095208429848,0.9995154825896503
0.5455,0.18500000000000003,,beta,1.069529965902153,1.4476465775429863,0.999883339045158
0.5455,0.18500000000000003,x,no,1.78438496496439,0.36987780949401333,0.9523938570702424
0.5455,0.18500000000000003,x,D,2.431991121832024,0.07060265689424397,0.6702299770948298
0.5455,0.18500000000000003,x,mixed,1.3297597525608076,0.974099338866094,0.9999563353974411
0.5455,0.18500000000000003,x,beta,1.089199724595834,1.4517800065441795,0.9997233555546919
0.5455,0.18500000000000003,w,no,1.547060200338995,0.6442963898060556,0.9984900813375871
0.5455,0.18500000000000003,w,D,1.1888937414574348,0.9564664380845747,0.9998129359446972
0.5455,0.18500000000000003,w,mixed,0.9500138132677781,1.478582622250239,0.9997817897284809
0.5455,0.18500000000000003,w,beta,1.0418403421706042,1.6730444066043104,0.9986140218354975
0.5455,0.18500000000000003,xw,no,1.2800562358447014,0.8727779638188297,0.9999270365868758
0.5455,0.18500000000000003,xw,D,1.1672846014444704,1.0,1.0
0.5455,0.18500000000000003,xw,mixed,0.9645357963652793,1.4903656171920447,0.9995566486957956
0.5455,0.18500000000000003,xw,beta,1.0635839396630649,1.6749745773482758,0.9983363729780441
0.5455,0.21000000000000002,,no,2.4885976858218966,0.0,0.0
0.5455,0.21000000000000002,,D,2.4552469913893984,0.040636241149720524,0.9184368518137701
0.5455,0.21000000000000002,,mixed,1.3352018517674498,0.9483095208429848,0.9995154825896503
0.5455,0.21000000000000002,,beta,1.069529965902153,1.4476465775429863,0.999883339045158
0.5455,0.21000000000000002,x,no,1.7329293166298174,0.4258740221772952,0.9594601003875713
0.5455,0.21000000000000002,x,D,2.5297192672452615,0.048940928401255336,0.36085458532118875
0.5455,0.21000000000000002,x,mixed,1.351953345422538,0.9720943376388437,0.999951592309841
0.5455,0.21000000000000002,x,beta,1.1072772169627756,1.4470878830781717,0.9997355210287633
0.5455,0.21000000000000002,w,no,1.7084739537012306,0.6322405664400869,0.9989629408282445
0.5455,0.21000000000000002,w,D,1.3146629077724448,0.9561654839800764,0.9998210649499426
0.5455,0.21000000000000002,w,mixed,1.0603920837234089,1.4518785386779685,0.9998084051722405
0.5455,0.21000000000000002,w,beta,1.1427723989089238,1.644751979532059,0.9987475322095251
0.5455,0.21000000000000002,xw,no,1.4398083363111522,0.868013316561051,0.9999371347515685
0.5455,0.21000000000000002,xw,D,1.3110198078217905,1.0,1.0
0.5455,0.21000000000000002,xw,mixed,1.0937383364122728,1.4603187651528504,0.9995970546156842
0.5455,0.21000000000000002,xw,beta,1.1822466562528324,1.6431778898171483,0.9984950376436444
0.5455,0.23500000000000001,,no,2.4885976858218966,0.0,0.0
0.5455,0.23500000000000001,,D,2.4552469913893984,0.040636241149720524,0.9184368518137701
0.5455,0.23500000000000001,,mixed,1.3352018517674498,0.9483095208429848,0.9995154825896503
0.5455,0.23500000000000001,,beta,1.069529965902153,1.4476465775429863,0.999883339045158
0.5455,0.23500000000000001,x,no,1.692883785829194,0.4773934716147837,0.9658175453846274
0.5455,0.23500000000000001,x,D,2.639114299509489,0.02389699920717922,0.08545486885435072
0.5455,0.23500000000000001,x,mixed,1.3757025149411184,0.970228515289338,0.9999470410357914
0.5455,0.23500000000000001,x,beta,1.1268114125278206,1.4422046501195511,0.9997473864115972
0.5455,0.23500000000000001,w,no,1.8560087982003475,0.6243795199085004,0.9993434972317402
0.5455,0.23500000000000001,w,D,1.4329485984776589,0.9559396683237428,0.9998285935048576
0.5455,0.23500000000000001,w,mixed,1.1643042928848328,1.4293158530498058,0.9998332283959134
0.5455,0.23500000000000001,w,beta,1.2368513060056638,1.6207790673000566,0.9988635638920323
0.5455,0.23500000000000001,xw,no,1.5965069127240052,0.8641568370763918,0.9999453937729081
0.5455,0.23500000000000001,xw,D,1.4519122188491729,0.9999999999999999,1.0
0.5455,0.23500000000000001,xw,mixed,1.2203438942974536,1.4344690014530903,0.9996377097189708
0.5455,0.23500000000000001,xw,beta,1.2973666911649318,1.6156374219983805,0.9986375939079501
0.5455,0.26,,no,2.4885976858218966,0.0,0.0
0.5455,0.26,,D,2.4552469913893984,0.040636241149720524,0.9184368518137701
0.5455,0.26,,mixed,1.3352018517674498,0.9483095208429848,0.9995154825896503
0.5455,0.26,,beta,1.069529965902153,1.4476465775429863,0.999883339045158
0.5455,0.26,x,no,1.66392946639823,0.5240424316876929,0.9713685691786489
0.5455,0.26,x,D,2.7529658082142294,-0.0021195926480328964,0.0005814483166615148
0.5455,0.26,x,mixed,1.4009594983076594,0.9685062496286454,0.9999427461894131
0.5455,0.26,x,beta,1.1477654672617421,1.4371548586348817,0.9997589355753961
0.5455,0.26,w,no,1.9912943288818472,0.6196881308578047,0.9996180711257615
0.5455,0.26,w,D,1.544565836562243,0.9557625112765273,0.9998354532124195
0.5455,0.26,w,mixed,1.2625201010332954,1.4099303810375587,0.999855471376698
0.5455,0.26,w,beta,1.3251869660863562,1.6000674016406868,0.9989645773376148
0.5455,0.26,xw,no,1.7502467214759818,0.8610645004518899,0.9999533562669177
0.5455,0.26,xw,D,1.5902745007245425,0.9999999999999999,1.0
0.5455,0.26,xw,mixed,1.3447999199451839,1.411896518382407,0.9996762569704755
0.5455,0.26,xw,beta,1.4098380270299469,1.5913422376304118,0.9987650819563277
0.5455,0.28500000000000003,,no,2.4885976858218966,0.0,0.0
0.5455,0.28500000000000003,,D,2.4552469913893984,0.040636241149720524,0.9184368518137701
0.5455,0.28500000000000003,,mixed,1.3352018517674498,0.9483095208429848,0.9995154825896503
0.5455,0.28500000000000003,,beta,1.069529965902153,1.4476465775429863,0.999883339045158
0.5455,0.28500000000000003,x,no,1.6452423431928471,0.5658008429301622,0.976114244996868
0.5455,0.28500000000000003,x,D,2.8632287813724577,-0.026636732769472496,0.07382048535618113
0.5455,0.28500000000000003,x,mixed,1.4276742083433476,0.9669301252219475,0.9999387621504793
0.5455,0.28500000000000003,x,beta,1.1701006695305485,1.4319623367610923,0.9997701560171259
0.5455,0.28500000000000003,w,no,2.115851916793662,0.6174148089938685,0.9997914868784162
0.5455,0.28500000000000003,w,D,1.6502740083496712,0.9556180008578321,0.9998416598686388
0.5455,0.28500000000000003,w,mixed,1.3557384287286702,1.393035241753633,0.9998750007895725
0.5455,0.28500000000000003,w,beta,1.4086635290240792,1.5818889365982334,0.9990528661094157
0.5455,0.28500000000000003,xw,no,1.9010697456648218,0.8586437005543224,0.9999615185207865
0.5455,0.28500000000000003,xw,D,1.7263867494215739,1.0,1.0
0.5455,0.28500000000000003,xw,mixed,1.4674850545449625,1.3919442863427773,0.9997116352549463
0.5455,0.28500000000000003,xw,beta,1.5203215595617487,1.5696035817283513,0.9988788750320389
0.5455,0.31000000000000005,,no,2.4885976858218966,0.0,0.0
0.5455,0.31000000000000005,,D,2.4552469913893984,0.040636241149720524,0.9184368518137701
0.5455,0.31000000000000005,,mixed,1.3352018517674498,0.9483095208429848,0.9995154825896503
0.5455,0.31000000000000005,,beta,1.069529965902153,1.4476465775429863,0.999883339045158
0.5455,0.31000000000000005,x,no,1.6357624882930888,0.6028914304449099,0.9801118663693753
0.5455,0.31000000000000005,x,D,2.9191020387021975,-0.03427066170359181,0.10268790997776411
0.5455,0.31000000000000005,x,mixed,1.4557945576401319,0.9655010229316534,0.9999351323564113
0.5455,0.31000000000000005,x,beta,1.193775943512649,1.426650325356774,0.9997810382933963
0.5455,0.31000000000000005,w,no,2.2310505343965708,0.616999276653996,0.9998774959319595
0.5455,0.31000000000000005,w,D,1.7507570713369582,0.9554967191620577,0.9998472677297312
0.5455,0.31000000000000005,w,mixed,1.444574528733709,1.3781292933432454,0.999891969487869
0.5455,0.31000000000000005,w,beta,1.487994990958627,1.5657241092107173,0.9991304153501215
0.5455,0.31000000000000005,xw,no,2.0490070859252185,0.856822920183301,0.9999697091820909
0.5455,0.31000000000000005,xw,D,1.8604899801114518,1.0,1.0
0.5455,0.31000000000000005,xw,mixed,1.588703172147506,1.3741308390786857,0.9997434896007735
0.5455,0.31000000000000005,xw,beta,1.6293053027194777,1.549934238267483,0.9989803940341873
0.5455,0.335,,no,2.4885976858218966,0.0,0.0
0.5455,0.335,,D,2.4552469913893984,0.040636241149720524,0.9184368518137701
0.5455,0.335,,mixed,1.3352018517674498,0.9483095208429848,0.9995154825896503
0.5455,0.335,,beta,1.069529965902153,1.4476465775429863,0.999883339045158
0.5455,0.335,x,no,1.634370033861158,0.6356753521800261,0.983445365349797
0.5455,0.335,x,D,2.9209043470104614,-0.025476141382996968,0.04148412354489994
0.5455,0.335,x,mixed,1.485266813930195,0.9642182344573752,0.9999318890893759
0.5455,0.335,x,beta,1.2187484953258099,1.4212411028908198,0.9997915755275786
0.5455,0.335,w,no,2.3380979625673746,0.6180176704861936,0.999892980460908
0.5455,0.335,w,D,1.8466194358887558,0.9553933744663913,0.9998523447045096
0.5455,0.335,w,mixed,1.5295622640240731,1.3648389725818213,0.999906638117621
0.5455,0.335,w,beta,1.563763347504153,1.5511915175209612,0.9991988905636495
0.5455,0.335,xw,no,2.19410004318457,0.8555394621296664,0.9999774242855678
0.5455,0.335,xw,D,1.9927865500009339,1.0,1.0
0.5455,0.335,xw,mixed,1.708691583282691,1.3580943214766683,0.9997718393420643
0.5455,0.335,xw,beta,1.737148432114836,1.531978393079944,0.999070991113724
0.5455,0.36000000000000004,,no,2.4885976858218966,0.0,0.0
0.5455,0.36000000000000004,,D,2.4552469913893984,0.040636241149720524,0.9184368518137701
0.5455,0.36000000000000004,,mixed,1.3352018517674498,0.9483095208429848,0.9995154825896503
0.5455,0.36000000000000004,,beta,1.069529965902153,1.4476465775429863,0.999883339045158
0.5455,0.36000000000000004,x,no,1.639987614607248,0.6645769903631789,0.9862065553417425
0.5455,0.36000000000000004,x,D,2.8843764475226283,-0.004988779176960531,0.001034357407686315
0.5455,0.36000000000000004,x,mixed,1.5160359118624969,0.9630796221984231,0.9999290537087686
0.5455,0.36000000000000004,x,beta,1.2449740245866834,1.415755863490921,0.9998017629947104
0.5455,0.36000000000000004,w,no,2.4380482236702457,0.62014519984666,0.9998547195022364
0.5455,0.36000000000000004,w,D,1.938389851745203,0.9553051702680664,0.9998569597399535
0.5455,0.36000000000000004,w,mixed,1.6111620614403142,1.352880414162118,0.9999192914845044
0.5455,0.36000000000000004,w,beta,1.636448866765833,1.5380039214802304,0.9992596709635452
0.5455,0.36000000000000004,xw,no,2.3364082877272594,0.8547351252473866,0.9999840736699438
0.5455,0.36000000000000004,xw,D,2.123444034940312,0.9999999999999999,1.0
0.5455,0.36000000000000004,xw,mixed,1.8276312572193996,1.3435567873779113,0.9997968918652387
0.5455,0.36000000000000004,xw,beta,1.844113959502522,1.5154688341464062,0.9991519060767468
0.5455,0.385,,no,2.4885976858218966,0.0,0.0
0.5455,0.385,,D,2.4552469913893984,0.040636241149720524,0.9184368518137701
0.5455,0.385,,mixed,1.3352018517674498,0.9483095208429848,0.9995154825896503
0.5455,0.385,,beta,1.069529965902153,1.4476465775429863,0.999883339045158
0.5455,0.385,x,no,1.6516325550965365,0.6900340535463229,0.9884843622134591
0.5455,0.385,x,D,2.8208893728702065,0.024011923422914985,0.015429724677056167
0.5455,0.385,x,mixed,1.5480458782454973,0.9620817548359152,0.9999266372604677
0.5455,0.385,x,beta,1.2724070100350953,1.4102145974087434,0.9998115977834174
0.5455,0.385,w,no,2.5318157157747385,0.6231302448477798,0.9997777779784848
0.5455,0.385,w,D,2.0265286018826556,0.95523078382021,0.9998611769475575
0.5455,0.385,w,mixed,1.6897704196731809,1.3420341507356714,0.9999302015176266
0.5455,0.385,w,beta,1.706450440759505,1.5259408391124683,0.9993138938633376
0.5455,0.385,xw,no,2.47601097509274,0.8543550907515017,0.9999891354265298
0.5455,0.385,xw,D,2.252600435893657,0.9999999999999999,1.0
0.5455,0.385,xw,mixed,1.9456580208304501,1.330300331427443,0.9998189384787615
0.5455,0.385,xw,beta,1.9503932224348834,1.5001998085702806,0.9992242546843487
0.5455,0.41000000000000003,,no,2.4885976858218966,0.0,0.0
0.5455,0.41000000000000003,,D,2.4552469913893984,0.040636241149720524,0.9184368518137701
0.5455,0.41000000000000003,,mixed,1.3352018517674498,0.9483095208429848,0.9995154825896503
0.5455,0.41000000000000003,,beta,1.069529965902153,1.4476465775429863,0.999883339045158
0.5455,0.41000000000000003,x,no,1.668434707754468,0.7124682359463944,0.990359408916958
0.5455,0.41000000000000003,x,D,2.7393711562729255,0.05910642861818182,0.06280593076924224
0.5455,0.41000000000000003,x,mixed,1.5812401577944886,0.9612200925571338,0.9999246413828151
0.5455,0.41000000000000003,x,beta,1.3010010280375863,1.404635991613584,0.999821078529222
0.5455,0.41000000000000003,w,no,2.6201913600581532,0.6267760432082261,0.9996748661395288
0.5455,0.41000000000000003,w,D,2.1114356720752587,0.9551697302688301,0.9998650533052381
0.5455,0.41000000000000003,w,mixed,1.7657290499227007,1.3321278690990825,0.9999396128280065
0.5455,0.41000000000000003,w,beta,1.7741034959088888,1.514829567736445,0.9993624975087914
0.5455,0.41000000000000003,xw,no,2.613004355744056,0.8543479531850491,0.9999922340854006
0.5455,0.41000000000000003,xw,D,2.3803695282350423,0.9999999999999999,1.0
0.5455,0.41000000000000003,xw,mixed,2.062873240227705,1.3181507638898038,0.9998382968810896
0.5455,0.41000000000000003,xw,beta,2.0561242345686037,1.486009295145558,0.9992890308716795
0.5455,0.43500000000000005,,no,2.4885976858218966,0.0,0.0
0.5455,0.43500000000000005,,D,2.4552469913893984,0.040636241149720524,0.9184368518137701
0.5455,0.43500000000000005,,mixed,1.3352018517674498,0.9483095208429848,0.9995154825896503
0.5455,0.43500000000000005,,beta,1.069529965902153,1.4476465775429863,0.999883339045158
0.5455,0.43500000000000005,x,no,1.6896424760385027,0.7322674601715159,0.9919019082276217
0.5455,0.43500000000000005,x,D,2.6466280524221757,0.09848331598458675,0.12357267678436479
0.5455,0.43500000000000005,x,mixed,1.6155619792534546,0.9604891590293868,0.9999230594249939
0.5455,0.43500000000000005,x,beta,1.3307090286997565,1.3990373789428405,0.9998302052102469
0.5455,0.43500000000000005,w,no,2.703858502824277,0.6309275130862395,0.999556243229935
0.5455,0.43500000000000005,w,D,2.193458736262294,0.9551219717990785,0.9998686381728619
0.5455,0.43500000000000005,w,mixed,1.8393331047998067,1.323024381677243,0.9999477389529787
0.5455,0.43500000000000005,w,beta,1.839691709236835,1.504532886738352,0.9994062582462186
0.5455,0.43500000000000005,xw,no,2.7474980478044677,0.8546660084719979,0.999993164394192
0.5455,0.43500000000000005,xw,D,2.5068457594738773,0.9999999999999999,1.0
0.5455,0.43500000000000005,xw,mixed,2.179351540932497,1.3069666829505637,0.9998552802382695
0.5455,0.43500000000000005,xw,beta,2.161405555106974,1.4727670989105925,0.9993471147977911
0.5455,0.46,,no,2.4885976858218966,0.0,0.0
0.5455,0.46,,D,2.4552469913893984,0.040636241149720524,0.9184368518137701
0.5455,0.46,,mixed,1.3352018517674498,0.9483095208429848,0.9995154825896503
0.5455,0.46,,beta,1.069529965902153,1.4476465775429863,0.999883339045158
0.5455,0.46,x,no,1.714610692698537,0.7497803579517246,0.9931714407315541
0.5455,0.46,x,D,2.547773138076277,0.14080785272375118,0.1878413109869116
0.5455,0.46,x,mixed,1.650954700417889,0.9598827165015341,0.9999218776954746
0.5455,0.46,x,beta,1.3614836272102275,1.3934347050269156,0.9998389789943983
0.5455,0.46,w,no,2.783407573417788,0.6354616167738744,0.999429899831444
0.5455,0.46,w,D,2.272900450994984,0.9550876798316041,0.9998719736687072
0.5455,0.46,w,mixed,1.9108382721325883,1.3146130857053155,0.999954763403678
0.5455,0.46,w,beta,1.9034568277554575,1.4949402190755845,0.9994458213070208
0.5455,0.46,xw,no,2.8796110618582587,0.8552654878764527,0.9999918813139294
0.5455,0.46,xw,D,2.6321084513603186,0.9999999999999998,1.0
0.5455,0.46,xw,mixed,2.295148011490732,1.2966315172474765,0.9998701815040492
0.5455,0.46,xw,beta,2.26630671091216,1.4603666909800523,0.9993992830272892
0.5455,0.48500000000000004,,no,2.4885976858218966,0.0,0.0
0.5455,0.48500000000000004,,D,2.4552469913893984,0.040636241149720524,0.9184368518137701
0.5455,0.48500000000000004,,mixed,1.3352018517674498,0.9483095208429848,0.9995154825896503
0.5455,0.48500000000000004,,beta,1.069529965902153,1.4476465775429863,0.999883339045158
0.5455,0.48500000000000004,x,no,1.742792192584284,0.7653136134679153,0.9942177029719388
0.5455,0.48500000000000004,x,D,2.447232076994267,0.18481629887665355,0.25114981584211105
0.5455,0.48500000000000004,x,mixed,1.687362135311413,0.959393935955651,0.9999210767651461
0.5455,0.48500000000000004,x,beta,1.393277427624316,1.387842502690198,0.9998474021264572
0.5455,0.48500000000000004,w,no,2.859349131741884,0.6402802099141165,0.999301860811158
0.5455,0.48500000000000004,w,D,2.350024878243588,0.9550670941912077,0.9998750954052533
0.5455,0.48500000000000004,w,mixed,1.9804667876279312,1.3068037890531798,0.9999608426384095
0.5455,0.48500000000000004,w,beta,1.9656061905248101,1.4859613655258,0.9994817257419591
0.5455,0.48500000000000004,xw,no,3.0094681488005923,0.8561066456604668,0.9999884724313685
0.5455,0.48500000000000004,xw,D,2.7562252559696048,0.9999999999999999,1.0
0.5455,0.48500000000000004,xw,mixed,2.4103035781325293,1.2870479083994881,0.9998832664413754
0.5455,0.48500000000000004,xw,beta,2.3708760959270743,1.4487194828936623,0.9994462191381174
0.5455,0.51,,no,2.4885976858218966,0.0,0.0
0.5455,0.51,,D,2.4552469913893984,0.040636241149720524,0.9184368518137701
0.5455,0.51,,mixed,1.3352018517674498,0.9483095208429848,0.9995154825896503
0.5455,0.51,,beta,1.069529965902153,1.4476465775429863,0.999883339045158
0.5455,0.51,x,no,1.7737232350022245,0.7791342870342065,0.9950816744211571
0.5455,0.51,x,D,2.348103459439284,0.22936007886024376,0.31133811922560606
0.5455,0.51,x,mixed,1.724728858099002,0.9590155587558334,0.9999206327602221
0.5455,0.51,x,beta,1.4260432178061189,1.382273933776648,0.999855477843876
0.5455,0.51,w,no,2.932125241224926,0.6453046671485722,0.9991765196937534
0.5455,0.51,w,D,2.425063035011886,0.9550604410976479,0.999878033328777
0.5455,0.51,w,mixed,2.048412482304751,1.2995221755832425,0.9999661095860646
0.5455,0.51,w,beta,2.0263186833289173,1.4775219377252684,0.9995144244072153
0.5455,0.51,xw,no,3.137196678788991,0.857153708172077,0.9999831239846315
0.5455,0.51,xw,D,2.8792549133508736,0.9999999999999999,1.0
0.5455,0.51,xw,mixed,2.5248488103541815,1.2781336867603386,0.9998947715422524
0.5455,0.51,xw,beta,2.475146882099527,1.4377507492041253,0.9994885239732739
0.586,0.01,,no,2.4885976858218966,0.0,0.0
0.586,0.01,,D,2.475009793472872,0.036880904642405184,0.912280832538895
0.586,0.01,,mixed,1.4144034319065752,0.954997707228549,0.999633191606611
0.586,0.01,,beta,1.2012357032839547,1.4396793314362326,0.9998642784111832
0.586,0.01,x,no,2.2333847135937526,0.007178947683636055,0.9471374768779656
0.586,0.01,x,D,2.224552369494709,0.08994470768735263,0.9066416077275342
0.586,0.01,x,mixed,1.3087589269614524,0.9924407447457794,0.9999910711285256
0.586,0.01,x,beta,1.140245715525724,1.46486347378205,0.9996399323756863
0.586,0.01,w,no,0.3803589079890911,0.11562648124312894,0.7858808859751071
0.586,0.01,w,D,0.37863811682680515,0.1194231087954386,0.7709783350042934
0.586,0.01,w,mixed,0.05599336696810627,1.8104203694367518,0.9785271604610127
0.586,0.01,w,beta,0.036137947847975735,2.7034627511064326,0.9990454804037953
0.586,0.01,xw,no,0.06690004353164747,0.9965292080398417,0.9999990093629337
0.586,0.01,xw,D,0.0666533816659921,1.0,1.0
0.586,0.01,xw,mixed,0.039635402121964536,1.9880643790263144,0.9999986062034769
0.586,0.01,xw,beta,0.03383453516010007,2.7349665126503986,0.9996102429506787
0.586,0.035,,no,2.4885976858218966,0.0,0.0
0.586,0.035,,D,2.475009793472872,0.036880904642405184,0.912280832538895
0.586,0.035,,mixed,1.4144034319065752,0.954997707228549,0.999633191606611
0.586,0.035,,beta,1.2012357032839547,1.4396793314362326,0.9998642784111832
0.586,0.035,x,no,2.1987107237807066,0.03578309682629985,0.9298368550663707
0.586,0.035,x,D,2.2428168098709214,0.08756614590346201,0.9030991222409529
0.586,0.035,x,mixed,1.3182657409893077,0.9900876530400534,0.9999882065534456
0.586,0.035,x,beta,1.1470289606938509,1.4625919964949425,0.9996514453386333
0.586,0.035,w,no,0.25508448606799683,0.9661075176483542,0.9973640283013305
0.586,0.035,w,D,0.24130129455019236,0.9834114761548888,0.9991804430893191
0.586,0.035,w,mixed,0.16157499459086327,1.8704834124345529,0.9999127018344822
0.586,0.035,w,beta,0.22298530863303725,2.1878940422849524,0.9980283562377259
0.586,0.035,xw,no,0.24057045278203712,0.9674003860002639,0.9999341333368272
0.586,0.035,xw,D,0.2327718512693889,1.0,1.0
0.586,0.035,xw,mixed,0.1548751215266115,1.8904086592069147,0.9999046217708701
0.586,0.035,xw,beta,0.2160190318970328,2.20303199557031,0.9978789134985889
0.586,0.060000000000000005,,no,2.4885976858218966,0.0,0.0
0.586,0.060000000000000005,,D,2.475009793472872,0.036880904642405184,0.912280832538895
0.586,0.060000000000000005,,mixed,1.4144034319065752,0.954997707228549,0.999633191606611
0.586,0.060000000000000005,,beta,1.2012357032839547,1.4396793314362326,0.9998642784111832
0.586,0.060000000000000005,x,no,2.1424813038388884,0.07751833658457281,0.9246036187601794
0.586,0.060000000000000005,x,D,2.263779962543863,0.08551231435213934,0.8994968032669985
0.586,0.060000000000000005,x,mixed,1.3294553081536467,0.9877792429877938,0.9999850317975687
0.586,0.060000000000000005,x,beta,1.155367995940431,1.4600225297308238,0.9996630070635355
0.586,0.060000000000000005,w,no,0.4949377805918643,0.8511742961341381,0.9972215043095374
0.586,0.060000000000000005,w,D,0.41731004305077696,0.9741948247681295,0.9999437453147316
0.586,0.060000000000000005,w,mixed,0.30653302303818775,1.7592625885950857,0.9997993385346653
0.586,0.060000000000000005,w,beta,0.427397639349029,1.9792907164333806,0.9977653020125207
0.586,0.060000000000000005,xw,no,0.4220607158881493,0.9350744108662207,0.999836013818719
0.586,0.060000000000000005,xw,D,0.3972531743360506,1.0,1.0
0.586,0.060000000000000005,xw,mixed,0.29455607611229484,1.7799686067559515,0.9997099127984862
0.586,0.060000000000000005,xw,beta,0.4163420022274818,1.9928268004122498,0.9975618787062859
0.586,0.085,,no,2.4885976858218966,0.0,0.0
0.586,0.085,,D,2.475009793472872,0.036880904642405184,0.912280832538895
0.586,0.085,,mixed,1.4144034319065752,0.954997707228549,0.999633191606611
0.586,0.085,,beta,1.2012357032839547,1.4396793314362326,0.9998642784111832
0.586,0.085,x,no,2.07199621862695,0.1292139792999369,0.9258010832041844
0.586,0.085,x,D,2.2873969039761883,0.08379924813278294,0.8959021757478812
0.586,0.085,x,mixed,1.3423077891062312,0.9855277215983254,0.9999815986771082
0.586,0.085,x,beta,1.1652488475055034,1.4571694348967015,0.9996745679896588
0.586,0.085,w,no,0.7382933267104439,0.7736016858273292,0.9974337749524205
0.586,0.085,w,D,0.5930896181285382,0.964843811528248,0.9998471649152315
0.586,0.085,w,mixed,0.4599623360516814,1.6711288318729551,0.9997339687024684
0.586,0.085,w,beta,0.610946795740991,1.864506818817082,0.9979081111996027
0.586,0.085,xw,no,0.6029834507005212,0.9119847490438283,0.9998230570753915
0.586,0.085,xw,D,0.5591828969669453,1.0,1.0
0.586,0.085,xw,mixed,0.4444580634229064,1.6916511975429938,0.9995693745222763
0.586,0.085,xw,beta,0.5987013400601425,1.8765301692870404,0.9976485278191947
0.586,0.11,,no,2.4885976858218966,0.0,0.0
0.586,0.11,,D,2.475009793472872,0.036880904642405184,0.912280832538895
0.586,0.11,,mixed,1.4144034319065752,0.954997707228549,0.999633191606611
0.586,0.11,,beta,1.2012357032839547,1.4396793314362326,0.9998642784111832
0.586,0.11,x,no,1.994900269710487,0.187404790057993,0.9306225246608613
0.586,0.11,x,D,2.3136150546252647,0.08244232001370382,0.8923962286356353
0.586,0.11,x,mixed,1.356800307406679,0.9833444822896148,0.9999779638743747
0.586,0.11,x,beta,1.1766545908872414,1.4540484619192902,0.99968608340163
0.586,0.11,w,no,0.9653560677826897,0.7230622001000397,0.9972666228463906
0.586,0.11,w,D,0.756064831203845,0.9632577567360514,0.9998357867690906
0.586,0.11,w,mixed,0.6095470553760572,1.6054034015538834,0.9997050555434684
0.586,0.11,w,beta,0.772837352329913,1.7897541833776334,0.9981098800280475
0.586,0.11,xw,no,0.7791965691068353,0.8967699247605992,0.9998554199800777
0.586,0.11,xw,D,0.7179607183359179,1.0,1.0
0.586,0.11,xw,mixed,0.5948401336151603,1.6239328687138297,0.9995077037652946
0.586,0.11,xw,beta,0.7632024961749497,1.7996846250583696,0.9978327874862688
0.586,0.135,,no,2.4885976858218966,0.0,0.0
0.586,0.135,,D,2.475009793472872,0.036880904642405184,0.912280832538895
0.586,0.135,,mixed,1.4144034319065752,0.954997707228549,0.999633191606611
0.586,0.135,,beta,1.2012357032839547,1.4396793314362326,0.9998642784111832
0.586,0.135,x,no,1.9180364222838193,0.2487396017733024,0.9373597370674174
0.586,0.135,x,D,2.3432812948003727,0.08112263976548022,0.8860460250182566
0.586,0.135,x,mixed,1.3729070199419382,0.9812399557559213,0.9999741871857201
0.586,0.135,x,beta,1.1895654250982195,1.450676513996479,0.9996975134092346
0.586,0.135,w,no,1.1764006475048505,0.6872720443957495,0.9975069909223346
0.586,0.135,w,D,0.9103354746601687,0.962285118316292,0.9998393629428383
0.586,0.135,w,mixed,0.7512973823892746,1.555103466099911,0.9997083857398129
0.586,0.135,w,beta,0.9168463065803416,1.7360571628963954,0.9983035578110708
0.586,0.135,xw,no,0.9503097099012299,0.8863550618799041,0.999888942455331
0.586,0.135,xw,D,0.8732983606431806,1.0,1.0
0.586,0.135,xw,mixed,0.7417932122812646,1.5710537126078372,0.999499018488448
0.586,0.135,xw,beta,0.9136352588571428,1.7435070002522415,0.9980314419465766
0.586,0.16000000000000003,,no,2.4885976858218966,0.0,0.0
0.586,0.16000000000000003,,D,2.475009793472872,0.036880904642405184,0.912280832538895
0.586,0.16000000000000003,,mixed,1.4144034319065752,0.954997707228549,0.999633191606611
0.586,0.16000000000000003,,beta,1.2012357032839547,1.4396793314362326,0.9998642784111832
0.586,0.16000000000000003,x,no,1.8467003554387138,0.310315440587399,0.9448703400922317
0.586,0.16000000000000003,x,D,2.386723663363013,0.07599295646052695,0.8366112685452107
0.586,0.16000000000000003,x,mixed,1.390599207270265,0.9792234860064153,0.9999703297172291
0.586,0.16000000000000003,x,beta,1.2039587487354404,1.44707141384559,0.9997088228081424
0.586,0.16000000000000003,w,no,1.3701481067356223,0.6619703345737072,0.9979716644461707
0.586,0.16000000000000003,w,D,1.0558749872029882,0.9615710673541995,0.9998441539082671
0.586,0.16000000000000003,w,mixed,0.8842320877107823,1.5154629421737955,0.9997286606746046
0.586,0.16000000000000003,w,beta,1.0465737423683208,1.694944359250288,0.9984777503487744
0.586,0.16000000000000003,xw,no,1.1170333883374977,0.8787151473530685,0.9999122393449015
0.586,0.16000000000000003,xw,D,1.02516059896606,1.0,1.0
0.586,0.16000000000000003,xw,mixed,0.8842612618354752,1.5285935024097517,0.9995191402172368
0.586,0.16000000000000003,xw,beta,1.0534147921980566,1.6996805479904953,0.9982196784534614
0.586,0.18500000000000003,,no,2.4885976858218966,0.0,0.0
0.586,0.18500000000000003,,D,2.475009793472872,0.036880904642405184,0.912280832538895
0.586,0.18500000000000003,,mixed,1.4144034319065752,0.954997707228549,0.999633191606611
0.586,0.18500000000000003,,beta,1.2012357032839547,1.4396793314362326,0.9998642784111832
0.586,0.18500000000000003,x,no,1.78438496496439,0.36987780949401333,0.9523938570702424
0.586,0.18500000000000003,x,D,2.454756147949462,0.06296189991845577,0.66205696148563
0.586,0.18500000000000003,x,mixed,1.4098453857189823,0.9773032337448193,0.9999664521123227
0.586,0.18500000000000003,x,beta,1.219809303139225,1.4432516477524886,0.9997199808472722
0.586,0.18500000000000003,w,no,1.547060200338995,0.6442963898060556,0.9984900813375871
0.586,0.18500000000000003,w,D,1.19290683232241,0.9610391929945209,0.9998494288735613
0.586,0.18500000000000003,w,mixed,1.0085924783777702,1.4833923405976335,0.9997551445600985
0.586,0.18500000000000003,w,beta,1.1647785236238881,1.662065013144475,0.9986295663549899
0.586,0.18500000000000003,xw,no,1.2800562358447014,0.8727779638188297,0.9999270365868758
0.586,0.18500000000000003,xw,D,1.1736853462652657,1.0,1.0
0.586,0.18500000000000003,xw,mixed,1.0223428804630847,1.4935889518420953,0.999552842452097
0.586,0.18500000000000003,xw,beta,1.1851666108192966,1.6639150047482174,0.9983906226020877
0.586,0.21000000000000002,,no,2.4885976858218966,0.0,0.0
0.586,0.21000000000000002,,D,2.475009793472872,0.036880904642405184,0.912280832538895
0.586,0.21000000000000002,,mixed,1.4144034319065752,0.954997707228549,0.999633191606611
0.586,0.21000000000000002,,beta,1.2012357032839547,1.4396793314362326,0.9998642784111832
0.586,0.21000000000000002,x,no,1.7329293166298174,0.4258740221772952,0.9594601003875713
0.586,0.21000000000000002,x,D,2.542725083686428,0.04355798305689556,0.35801045423511346
0.586,0.21000000000000002,x,mixed,1.430611440746867,0.975486108888039,0.9999626128892881
0.586,0.21000000000000002,x,beta,1.2370892840272423,1.4392361385453942,0.9997309609289762
0.586,0.21000000000000002,w,no,1.7084739537012306,0.6322405664400869,0.9989629408282445
0.586,0.21000000000000002,w,D,1.3219578607072877,0.9606327401041098,0.9998547365782837
0.586,0.21000000000000002,w,mixed,1.1251037775363466,1.456842812438585,0.9997825123498021
0.586,0.21000000000000002,w,beta,1.2735771262040767,1.6349137776774882,0.9987606312670011
0.586,0.21000000000000002,xw,no,1.4398083363111522,0.868013316561051,0.9999371347515685
0.586,0.21000000000000002,xw,D,1.31910908843024,0.9999999999999999,1.0
0.586,0.21000000000000002,xw,mixed,1.1565367743325634,1.46407317380765,0.9995915587868892
0.586,0.21000000000000002,xw,beta,1.3108500216180001,1.6337560057811475,0.9985434147098664
0.586,0.23500000000000001,,no,2.4885976858218966,0.0,0.0
0.586,0.23500000000000001,,D,2.475009793472872,0.036880904642405184,0.912280832538895
0.586,0.23500000000000001,,mixed,1.4144034319065752,0.954997707228549,0.999633191606611
0.586,0.23500000000000001,,beta,1.2012357032839547,1.4396793314362326,0.9998642784111832
0.586,0.23500000000000001,x,no,1.692883785829194,0.4773934716147837,0.9658175453846274
0.586,0.23500000000000001,x,D,2.6408371041383893,0.0211533613030715,0.0850037498404782
0.586,0.23500000000000001,x,mixed,1.4528607832354479,0.9737777318518772,0.9999588669558725
0.586,0.23500000000000001,x,beta,1.2557685002449552,1.4350440159423723,0.999741740267062
0.586,0.23500000000000001,w,no,1.8560087982003475,0.6243795199085004,0.9993434972317402
0.586,0.23500000000000001,w,D,1.4436940540413954,0.9603120214021305,0.9998598295292798
0.586,0.23500000000000001,w,mixed,1.2346146240547513,1.4344276790881925,0.9998083709453749
0.586,0.23500000000000001,w,beta,1.3746033914326883,1.6119334070011593,0.9988737559691152
0.586,0.23500000000000001,xw,no,1.5965069127240052,0.8641568370763918,0.9999453937729081
0.586,0.23500000000000001,xw,D,1.461709793595378,1.0,1.0
0.586,0.23500000000000001,xw,mixed,1.2874295207502053,1.4387151591663832,0.9996307326822316
0.586,0.23500000000000001,xw,beta,1.4319241182037685,1.6076906603190717,0.9986792173430304
0.586,0.26,,no,2.4885976858218966,0.0,0.0
0.586,0.26,,D,2.475009793472872,0.036880904642405184,0.912280832538895
0.586,0.26,,mixed,1.4144034319065752,0.954997707228549,0.999633191606611
0.586,0.26,,beta,1.2012357032839547,1.4396793314362326,0.9998642784111832
0.586,0.26,x,no,1.66392946639823,0.5240424316876929,0.9713685691786489
0.586,0.26,x,D,2.7427591087041474,-0.0021634634074768925,0.0007787255198962173
0.586,0.26,x,mixed,1.4765545281476216,0.9721824228480805,0.9999552643536475
0.586,0.26,x,beta,1.2758144710050938,1.4306944356595916,0.9997522995252165
0.586,0.26,w,no,1.9912943288818472,0.6196881308578047,0.9996180711257615
0.586,0.26,w,D,1.5588180051523506,0.9600503457623123,0.9998645913804001
0.586,0.26,w,mixed,1.3379509802932728,1.415183889983356,0.999831799691436
0.586,0.26,w,beta,1.4691321107305082,1.5920998581759176,0.998971764133454
0.586,0.26,xw,no,1.7502467214759818,0.8610645004518899,0.9999533562669177
0.586,0.26,xw,D,1.6017690625860757,1.0,1.0
0.586,0.26,xw,mixed,1.4155724623869577,1.4165906785026496,0.9996680726089471
0.586,0.26,xw,beta,1.549477346891741,1.584733251754392,0.9987997756065998
0.586,0.28500000000000003,,no,2.4885976858218966,0.0,0.0
0.586,0.28500000000000003,,D,2.475009793472872,0.036880904642405184,0.912280832538895
0.586,0.28500000000000003,,mixed,1.4144034319065752,0.954997707228549,0.999633191606611
0.586,0.28500000000000003,,beta,1.2012357032839547,1.4396793314362326,0.9998642784111832
0.586,0.28500000000000003,x,no,1.6452423431928471,0.5658008429301622,0.976114244996868
0.586,0.28500000000000003,x,D,2.8414670830696847,-0.024232623669122065,0.0790009461669553
0.586,0.28500000000000003,x,mixed,1.5016516935947128,0.9707032178650729,0.9999518492682542
0.586,0.28500000000000003,x,beta,1.2971929632017127,1.426206234580503,0.9997626224550112
0.586,0.28500000000000003,w,no,2.115851916793662,0.6174148089938685,0.9997914868784162
0.586,0.28500000000000003,w,D,1.6680113226499311,0.9598302930018499,0.9998689832497832
0.586,0.28500000000000003,w,mixed,1.4358632046226465,1.3984250822712787,0.9998525826076449
0.586,0.28500000000000003,w,beta,1.5581731519128068,1.574708516461182,0.9990571401280254
0.586,0.28500000000000003,xw,no,1.9010697456648218,0.8586437005543224,0.9999615185207865
0.586,0.28500000000000003,xw,D,1.7395502582762503,1.0,1.0
0.586,0.28500000000000003,xw,mixed,1.5414390118252017,1.3970411783719874,0.9997025346813683
0.586,0.28500000000000003,xw,beta,1.6643262097317963,1.5642119984482552,0.9989068859135123
0.586,0.31000000000000005,,no,2.4885976858218966,0.0,0.0
0.586,0.31000000000000005,,D,2.475009793472872,0.036880904642405184,0.912280832538895
0.586,0.31000000000000005,,mixed,1.4144034319065752,0.954997707228549,0.999633191606611
0.586,0.31000000000000005,,beta,1.2012357032839547,1.4396793314362326,0.9998642784111832
0.586,0.31000000000000005,x,no,1.6357624882930888,0.6028914304449099,0.9801118663693753
0.586,0.31000000000000005,x,D,2.8870292403405773,-0.029786888982837306,0.09936172978685931
0.586,0.31000000000000005,x,mixed,1.5281094206569381,0.9693419080843867,0.9999486593243198
0.586,0.31000000000000005,x,beta,1.319867477090162,1.4215980630663507,0.9997726955487108
0.586,0.31000000000000005,w,no,2.2310505343965708,0.616999276653996,0.9998774959319595
0.586,0.31000000000000005,w,D,1.7719063634924848,0.9596406954026895,0.9998730086665472
0.586,0.31000000000000005,w,mixed,1.5290118345393502,1.3836504726245784,0.9998708216000438
0.586,0.31000000000000005,w,beta,1.6425358299331354,1.559257399723612,0.9991319640843603
0.586,0.31000000000000005,xw,no,2.0490070859252185,0.856822920183301,0.9999697091820909
0.586,0.31000000000000005,xw,D,1.8752880287288531,1.0,1.0
0.586,0.31000000000000005,xw,mixed,1.6654195163919545,1.3795848214587452,0.999733750759752
0.586,0.31000000000000005,xw,beta,1.7770849568715505,1.5456522242603015,0.9990022090251746
0.586,0.335,,no,2.4885976858218966,0.0,0.0
0.586,0.335,,D,2.475009793472872,0.036880904642405184,0.912280832538895
0.586,0.335,,mixed,1.4144034319065752,0.954997707228549,0.999633191606611
0.586,0.335,,beta,1.2012357032839547,1.4396793314362326,0.9998642784111832
0.586,0.335,x,no,1.634370033861158,0.6356753521800261,0.983445365349797
0.586,0.335,x,D,2.8791113675178432,-0.018937586787226228,0.027536095807410343
0.586,0.335,x,mixed,1.555883220437052,0.9680990965614645,0.9999457251671402
0.586,0.335,x,beta,1.343800341591684,1.4168878574054544,0.999782507717985
0.586,0.335,w,no,2.3380979625673746,0.6180176704861936,0.999892980460908
0.586,0.335,w,D,1.871074875618121,0.9594745528747178,0.9998766923037804
0.586,0.335,w,mixed,1.617970645654366,1.3704865949167366,0.9998867463091106
0.586,0.335,w,beta,1.7228778079915719,1.5453779025757988,0.9991979431365452
0.586,0.335,xw,no,2.19410004318457,0.8555394621296664,0.9999774242855678
0.586,0.335,xw,D,2.0091851107579526,1.0,1.0
0.586,0.335,xw,mixed,1.787825794663318,1.363861255088087,0.9997617101419812
0.586,0.335,xw,beta,1.8882154233279005,1.5287083665815167,0.999087217280006
0.586,0.36000000000000004,,no,2.4885976858218966,0.0,0.0
0.586,0.36000000000000004,,D,2.475009793472872,0.036880904642405184,0.912280832538895
0.586,0.36000000000000004,,mixed,1.4144034319065752,0.954997707228549,0.999633191606611
0.586,0.36000000000000004,,beta,1.2012357032839547,1.4396793314362326,0.9998642784111832
0.586,0.36000000000000004,x,no,1.639987614607248,0.6645769903631789,0.9862065553417425
0.586,0.36000000000000004,x,D,2.833364168944576,0.0036882000320567973,0.0006314180839329664
0.586,0.36000000000000004,x,mixed,1.5849271801858509,0.9669742926915498,0.9999430703182911
0.586,0.36000000000000004,x,beta,1.3689522421038078,1.4120930038182473,0.9997920500056023
0.586,0.36000000000000004,w,no,2.4380482236702457,0.62014519984666,0.9998547195022364
0.586,0.36000000000000004,w,D,1.9660262379675317,0.9593275669997132,0.9998800677356928
0.586,0.36000000000000004,w,mixed,1.703234828921407,1.3586496284106282,0.9999006230389763
0.586,0.36000000000000004,w,beta,1.799739427371893,1.5327926781105303,0.9992564686276777
0.586,0.36000000000000004,xw,no,2.3364082877272594,0.8547351252473866,0.9999840736699438
0.586,0.36000000000000004,xw,D,2.1414133313267594,0.9999999999999999,1.0
0.586,0.36000000000000004,xw,mixed,1.908904014665607,1.3495946277769117,0.9997865827049648
0.586,0.36000000000000004,xw,beta,1.9980663561624672,1.513121586383695,0.9991631934336687
0.586,0.385,,no,2.4885976858218966,0.0,0.0
0.586,0.385,,D,2.475009793472872,0.036880904642405184,0.912280832538895
0.586,0.385,,mixed,1.4144034319065752,0.954997707228549,0.999633191606611
0.586,0.385,,beta,1.2012357032839547,1.4396793314362326,0.9998642784111832
0.586,0.385,x,no,1.6516325550965365,0.6900340535463229,0.9884843622134591
0.586,0.385,x,D,2.761516747498613,0.03482831675462269,0.03444004636147702
0.586,0.385,x,mixed,1.6151942850803886,0.9659659819071655,0.9999407112799887
0.586,0.385,x,beta,1.3952827431963393,1.407230106385847,0.9998013153335612
0.586,0.385,w,no,2.5318157157747385,0.6231302448477798,0.9997777779784848
0.586,0.385,w,D,2.0572105093652664,0.9591971661422366,0.9998831707215603
0.586,0.385,w,mixed,1.7852312170747684,1.347920111200848,0.9999127130536823
0.586,0.385,w,beta,1.8735692482948743,1.521288626272194,0.9993086740335735
0.586,0.385,xw,no,2.47601097509274,0.8543550907515017,0.9999891354265298
0.586,0.385,xw,D,2.272116729611344,0.9999999999999999,1.0
0.586,0.385,xw,mixed,2.028845035077196,1.3365699016073764,0.9998086208321302
0.586,0.385,xw,beta,2.106900080174527,1.4986935846551135,0.9992312477107322
0.586,0.41000000000000003,,no,2.4885976858218966,0.0,0.0
0.586,0.41000000000000003,,D,2.475009793472872,0.036880904642405184,0.912280832538895
0.586,0.41000000000000003,,mixed,1.4144034319065752,0.954997707228549,0.999633191606611
0.586,0.41000000000000003,,beta,1.2012357032839547,1.4396793314362326,0.9998642784111832
0.586,0.41000000000000003,x,no,1.668434707754468,0.7124682359463944,0.990359408916958
0.586,0.41000000000000003,x,D,2.672658835940624,0.07204331962529333,0.09600790287498129
0.586,0.41000000000000003,x,mixed,1.6466366468619933,0.9650717427670391,0.9999386578538122
0.586,0.41000000000000003,x,beta,1.422750650422095,1.4023148529142246,0.9998102982880505
0.586,0.41000000000000003,w,no,2.6201913600581532,0.6267760432082261,0.9996748661395288
0.586,0.41000000000000003,w,D,2.145023641776378,0.959081863119558,0.9998860357356711
0.586,0.41000000000000003,w,mixed,1.8643281315535547,1.3381256951559248,0.999923255210072
0.586,0.41000000000000003,w,beta,1.944743110496315,1.5106990354029377,0.9993554855092469
0.586,0.41000000000000003,xw,no,2.613004355744056,0.8543479531850491,0.9999922340854006
0.586,0.41000000000000003,xw,D,2.4014155073842143,0.9999999999999999,1.0
0.586,0.41000000000000003,xw,mixed,2.1477962603348155,1.3246161435931874,0.9998281054702586
0.586,0.41000000000000003,xw,beta,2.21491358714601,1.4852691144045296,0.9992923395575886
0.586,0.43500000000000005,,no,2.4885976858218966,0.0,0.0
0.586,0.43500000000000005,,D,2.475009793472872,0.036880904642405184,0.912280832538895
0.586,0.43500000000000005,,mixed,1.4144034319065752,0.954997707228549,0.999633191606611
0.586,0.43500000000000005,,beta,1.2012357032839547,1.4396793314362326,0.9998642784111832
0.586,0.43500000000000005,x,no,1.6896424760385027,0.7322674601715159,0.9919019082276217
0.586,0.43500000000000005,x,D,2.5737614228718533,0.11346116381269641,0.16561906988793518
0.586,0.43500000000000005,x,mixed,1.6792057819514468,0.9642883534886476,0.9999369136335035
0.586,0.43500000000000005,x,beta,1.4513139500741368,1.397362067077777,0.9998189949392218
0.586,0.43500000000000005,w,no,2.703858502824277,0.6309275130862395,0.999556243229935
0.586,0.43500000000000005,w,D,2.2298133930380324,0.9589808366399529,0.9998886943441674
0.586,0.43500000000000005,w,mixed,1.9408439862254763,1.329129187868938,0.9999324603649951
0.586,0.43500000000000005,w,beta,2.0135785831020505,1.5008914192446987,0.9993976634514801
0.586,0.43500000000000005,xw,no,2.7474980478044677,0.8546660084719979,0.999993164394192
0.586,0.43500000000000005,xw,D,2.5294100629284215,0.9999999999999999,1.0
0.586,0.43500000000000005,xw,mixed,2.2658706689705808,1.3135952876625563,0.9998453170803006
0.586,0.43500000000000005,xw,beta,2.32225432678637,1.4727242509603868,0.9993472988568665
0.586,0.46,,no,2.4885976858218966,0.0,0.0
0.586,0.46,,D,2.475009793472872,0.036880904642405184,0.912280832538895
0.586,0.46,,mixed,1.4144034319065752,0.954997707228549,0.999633191606611
0.586,0.46,,beta,1.2012357032839547,1.4396793314362326,0.9998642784111832
0.586,0.46,x,no,1.714610692698537,0.7497803579517246,0.9931714407315541
0.586,0.46,x,D,2.47005029838755,0.1576631718333354,0.23514017651514385
0.586,0.46,x,mixed,1.7128528775803158,0.9636119058309042,0.9999354766288469
0.586,0.46,x,beta,1.4809302552005257,1.3923855781719245,0.9998274026920523
0.586,0.46,w,no,2.783407573417788,0.6354616167738744,0.999429899831444
0.586,0.46,w,D,2.311885181752442,0.9588936603012965,0.9998911746006149
0.586,0.46,w,mixed,2.015055016798201,1.3208199710252413,0.999940511265396
0.586,0.46,w,beta,2.0803460383433134,1.4917590283444135,0.9994358357656885
0.586,0.46,xw,no,2.8796110618582587,0.8552654878764527,0.9999918813139294
0.586,0.46,xw,D,2.6561847189635723,0.9999999999999999,1.0
0.586,0.46,xw,mixed,2.383154643264855,1.3033941245771292,0.9998605207047166
0.586,0.46,xw,beta,2.42903223635636,1.4609583082791573,0.9993968448232575
0.586,0.48500000000000004,,no,2.4885976858218966,0.0,0.0
0.586,0.48500000000000004,,D,2.475009793472872,0.036880904642405184,0.912280832538895
0.586,0.48500000000000004,,mixed,1.4144034319065752,0.954997707228549,0.999633191606611
0.586,0.48500000000000004,,beta,1.2012357032839547,1.4396793314362326,0.9998642784111832
0.586,0.48500000000000004,x,no,1.742792192584284,0.7653136134679153,0.9942177029719388
0.586,0.48500000000000004,x,D,2.3662982623105244,0.20324027239251308,0.3012476103102806
0.586,0.48500000000000004,x,mixed,1.7475290544932545,0.9630379187302855,0.9999343399778378
0.586,0.48500000000000004,x,beta,1.511557081367899,1.3873981778447535,0.9998355201635314
0.586,0.48500000000000004,w,no,2.859349131741884,0.6402802099141165,0.999301860811158
0.586,0.48500000000000004,w,D,2.3915075187871317,0.9588201292260027,0.9998935009815871
0.586,0.48500000000000004,w,mixed,2.0872016219732368,1.313107854140051,0.9999475647900887
0.586,0.48500000000000004,w,beta,2.145277247061018,1.4832147924629489,0.9994705241745705
0.586,0.48500000000000004,xw,no,3.0094681488005923,0.8561066456604668,0.9999884724313685
0.586,0.48500000000000004,xw,D,2.781810972639709,0.9999999999999999,1.0
0.586,0.48500000000000004,xw,mixed,2.499714385237872,1.293918546691661,0.9998739590428546
0.586,0.48500000000000004,xw,beta,2.5353289348439874,1.449888157816696,0.999441602215109
0.586,0.51,,no,2.4885976858218966,0.0,0.0
0.586,0.51,,D,2.475009793472872,0.036880904642405184,0.912280832538895
0.586,0.51,,mixed,1.4144034319065752,0.954997707228549,0.999633191606611
0.586,0.51,,beta,1.2012357032839547,1.4396793314362326,0.9998642784111832
0.586,0.51,x,no,1.7737232350022245,0.7791342870342065,0.9950816744211571
0.586,0.51,x,D,2.2645710615423282,0.2495176841862601,0.3630125819621959
0.586,0.51,x,mixed,1.7831856166675966,0.9625614509082888,0.999933492706897
0.586,0.51,x,beta,1.5431518161842699,1.3824117008231107,0.9998433470809551
0.586,0.51,w,no,2.932125241224926,0.6453046671485722,0.9991765196937534
0.586,0.51,w,D,2.468916876694129,0.9587601493668959,0.999895694590825
0.586,0.51,w,mixed,2.157493761305952,1.3059185385121113,0.999953755009453
0.586,0.51,w,beta,2.2085721251290376,1.4751869132768176,0.9995021649349071
0.586,0.51,xw,no,3.137196678788991,0.857153708172077,0.9999831239846315
0.586,0.51,xw,D,2.906350221448793,0.9999999999999999,1.0
0.586,0.51,xw,mixed,2.6156004920985088,1.285089472622018,0.9998858500329547
0.586,0.51,xw,beta,2.641204774512608,1.4394441625343595,0.9994821150332659
0.6265,0.01,,no,2.4885976858218966,0.0,0.0
0.6265,0.01,,D,2.4923459650586977,0.0335753940877448,0.9066829896460742
0.6265,0.01,,mixed,1.494926800150239,0.9604784082662796,0.9997173809179912
0.6265,0.01,,beta,1.338631992495411,1.4319686004129055,0.9998488142859808
0.6265,0.01,x,no,2.2333847135937526,0.007178947683636055,0.9471374768779656
0.6265,0.01,x,D,2.263247445937678,0.081720599520229,0.9016104732188929
0.6265,0.01,x,mixed,1.3963659915600528,0.9933832241756607,0.9999931634455456
0.6265,0.01,x,beta,1.2800423222070698,1.453614696816221,0.9996491009206401
0.6265,0.01,w,no,0.3803589079890911,0.11562648124312894,0.7858808859751071
0.6265,0.01,w,D,0.37857288627158736,0.1195075053926655,0.7702352423291808
0.6265,0.01,w,mixed,0.05657085779104203,1.8396397522454455,0.9833101243810228
0.6265,0.01,w,beta,0.042118120299916156,2.6862160700900457,0.9992376576104972
0.6265,0.01,xw,no,0.06690004353164747,0.9965292080398417,0.9999990093629337
0.6265,0.01,xw,D,0.06665504188900671,1.0,1.0
0.6265,0.01,xw,mixed,0.042372859372798666,1.9880653604270295,0.9999986064299494
0.6265,0.01,xw,beta,0.0399509067365653,2.7113577643620634,0.9995459749957596
0.6265,0.035,,no,2.4885976858218966,0.0,0.0
0.6265,0.035,,D,2.4923459650586977,0.0335753940877448,0.9066829896460742
0.6265,0.035,,mixed,1.494926800150239,0.9604784082662796,0.9997173809179912
0.6265,0.035,,beta,1.338631992495411,1.4319686004129055,0.9998488142859808
0.6265,0.035,x,no,2.1987107237807066,0.03578309682629985,0.9298368550663707
0.6265,0.035,x,D,2.2799608625150203,0.07953697458777442,0.8979654786199284
0.6265,0.035,x,mixed,1.4052544321867868,0.9913184381914838,0.9999909592698263
0.6265,0.035,x,beta,1.2865398779491475,1.451675314561199,0.9996590537706835
0.6265,0.035,w,no,0.25508448606799683,0.9661075176483542,0.9973640283013305
0.6265,0.035,w,D,0.2409287266211502,0.9840421550038627,0.9991783377021795
0.6265,0.035,w,mixed,0.1716596223469714,1.873265143616831,0.9999223700707691
0.6265,0.035,w,beta,0.2587259743305508,2.1625722662336107,0.9979408122601228
0.6265,0.035,xw,no,0.24057045278203712,0.9674003860002639,0.9999341333368272
0.6265,0.035,xw,D,0.23284114612913448,1.0,1.0
0.6265,0.035,xw,mixed,0.165479141330531,1.8904924804214402,0.9999047492743937
0.6265,0.035,xw,beta,0.251790938414983,2.17553503590517,0.9978109356607053
0.6265,0.060000000000000005,,no,2.4885976858218966,0.0,0.0
0.6265,0.060000000000000005,,D,2.4923459650586977,0.0335753940877448,0.9066829896460742
0.6265,0.060000000000000005,,mixed,1.494926800150239,0.9604784082662796,0.9997173809179912
0.6265,0.060000000000000005,,beta,1.338631992495411,1.4319686004129055,0.9998488142859808
0.6265,0.060000000000000005,x,no,2.1424813038388884,0.07751833658457281,0.9246036187601794
0.6265,0.060000000000000005,x,D,2.2991784191539,0.07761593405227053,0.8942280257538733
0.6265,0.060000000000000005,x,mixed,1.4157198103147102,0.9892879579766686,0.9999885058583545
0.6265,0.060000000000000005,x,beta,1.2945230477380627,1.4494809612169062,0.9996691033372695
0.6265,0.060000000000000005,w,no,0.4949377805918643,0.8511742961341381,0.9972215043095374
0.6265,0.060000000000000005,w,D,0.415124834299452,0.9773844933675429,0.9999572170926534
0.6265,0.060000000000000005,w,mixed,0.32570568589942717,1.7618932882180762,0.9997973699439039
0.6265,0.060000000000000005,w,beta,0.48837928847831924,1.958539016940799,0.9977554977418592
0.6265,0.060000000000000005,xw,no,0.4220607158881493,0.9350744108662207,0.999836013818719
0.6265,0.060000000000000005,xw,D,0.39758363209609177,1.0,1.0
0.6265,0.060000000000000005,xw,mixed,0.3143543429075633,1.780325531455116,0.9997105591195189
0.6265,0.060000000000000005,xw,beta,0.4772696675528976,1.9704286037179999,0.9975615896697693
0.6265,0.085,,no,2.4885976858218966,0.0,0.0
0.6265,0.085,,D,2.4923459650586977,0.0335753940877448,0.9066829896460742
0.6265,0.085,,mixed,1.494926800150239,0.9604784082662796,0.9997173809179912
0.6265,0.085,,beta,1.338631992495411,1.4319686004129055,0.9998488142859808
0.6265,0.085,x,no,2.07199621862695,0.1292139792999369,0.9258010832041844
0.6265,0.085,x,D,2.3208682154474047,0.07597020579652736,0.8904546560590463
0.6265,0.085,x,mixed,1.4277459979180185,0.9873012586638245,0.9999858384097448
0.6265,0.085,x,beta,1.3039791137546493,1.447042549007698,0.9996792082962056
0.6265,0.085,w,no,0.7382933267104439,0.7736016858273292,0.9974337749524205
0.6265,0.085,w,D,0.5899169389176742,0.9689723754957479,0.9998828167107119
0.6265,0.085,w,mixed,0.48811343687786063,1.674339417389651,0.9997188638830373
0.6265,0.085,w,beta,0.6911436392018,1.8472409285933606,0.9979198404252877
0.6265,0.085,xw,no,0.6029834507005212,0.9119847490438283,0.9998230570753915
0.6265,0.085,xw,D,0.5600507717057591,1.0,1.0
0.6265,0.085,xw,mixed,0.4735907543718697,1.6924076221899862,0.9995703388535429
0.6265,0.085,xw,beta,0.6789563710597352,1.8577773810267038,0.9976839210513853
0.6265,0.11,,no,2.4885976858218966,0.0,0.0
0.6265,0.11,,D,2.4923459650586977,0.0335753940877448,0.9066829896460742
0.6265,0.11,,mixed,1.494926800150239,0.9604784082662796,0.9997173809179912
0.6265,0.11,,beta,1.338631992495411,1.4319686004129055,0.9998488142859808
0.6265,0.11,x,no,1.994900269710487,0.187404790057993,0.9306225246608613
0.6265,0.11,x,D,2.344992732557578,0.07461216418302881,0.8867146006997689
0.6265,0.11,x,mixed,1.4413143914122446,0.9853672651621901,0.9999829957743447
0.6265,0.11,x,beta,1.3148929169270192,1.4443720189779015,0.999689330440444
0.6265,0.11,w,no,0.9653560677826897,0.7230622001000397,0.9972666228463906
0.6265,0.11,w,D,0.7534920671011741,0.9673666396196232,0.9998706651226352
0.6265,0.11,w,mixed,0.6463894371440982,1.6088965573278906,0.9996841845240176
0.6265,0.11,w,beta,0.868274032394896,1.7749668293661358,0.9981273925239188
0.6265,0.11,xw,no,0.7791965691068353,0.8967699247605992,0.9998554199800777
0.6265,0.11,xw,D,0.7196638476137125,1.0,1.0
0.6265,0.11,xw,mixed,0.6326968877295115,1.6251494910881192,0.9995083358602461
0.6265,0.11,xw,beta,0.8587156059876383,1.7836545807141515,0.997884173236079
0.6265,0.135,,no,2.4885976858218966,0.0,0.0
0.6265,0.135,,D,2.4923459650586977,0.0335753940877448,0.9066829896460742
0.6265,0.135,,mixed,1.494926800150239,0.9604784082662796,0.9997173809179912
0.6265,0.135,,beta,1.338631992495411,1.4319686004129055,0.9998488142859808
0.6265,0.135,x,no,1.9180364222838193,0.2487396017733024,0.9373597370674174
0.6265,0.135,x,D,2.3723813468365513,0.0732361373082915,0.8798479015505188
0.6265,0.135,x,mixed,1.4564039575090084,0.9834942474721671,0.9999800193942306
0.6265,0.135,x,beta,1.3272467648964406,1.4414822500136435,0.9996994347661434
0.6265,0.135,w,no,1.1764006475048505,0.6872720443957495,0.9975069909223346
0.6265,0.135,w,D,0.9091773882241558,0.9663463455804429,0.9998720674012066
0.6265,0.135,w,mixed,0.7962989750506616,1.558761161614917,0.9996858169062858
0.6265,0.135,w,beta,1.0248927939349883,1.7230862201686568,0.9983252870282168
0.6265,0.135,xw,no,0.9503097099012299,0.8863550618799041,0.999888942455331
0.6265,0.135,xw,D,0.876106005413011,1.0,1.0
0.6265,0.135,xw,mixed,0.7874876071802458,1.5727544568910683,0.9994987141073253
0.6265,0.135,xw,beta,1.0215093926628758,1.729656084001011,0.9980880477055399
0.6265,0.16000000000000003,,no,2.4885976858218966,0.0,0.0
0.6265,0.16000000000000003,,D,2.4923459650586977,0.0335753940877448,0.9066829896460742
0.6265,0.16000000000000003,,mixed,1.494926800150239,0.9604784082662796,0.9997173809179912
0.6265,0.16000000000000003,,beta,1.338631992495411,1.4319686004129055,0.9998488142859808
0.6265,0.16000000000000003,x,no,1.8467003554387138,0.310315440587399,0.9448703400922317
0.6265,0.16000000000000003,x,D,2.412422467090382,0.0683754706893484,0.8291039856231179
0.6265,0.16000000000000003,x,mixed,1.4729912914370011,0.9816897314153931,0.9999769521926822
0.6265,0.16000000000000003,x,beta,1.3410205156675992,1.4383868931959152,0.9997094894781545
0.6265,0.16000000000000003,w,no,1.3701481067356223,0.6619703345737072,0.9979716644461707
0.6265,0.16000000000000003,w,D,1.0568226055825152,0.9655626584949506,0.9998746067601971
0.6265,0.16000000000000003,w,mixed,0.9367241751876568,1.5192709318415754,0.9997054608940047
0.6265,0.16000000000000003,w,beta,1.1652633944995108,1.6834152231516728,0.998499806179708
0.6265,0.16000000000000003,xw,no,1.1170333883374977,0.8787151473530685,0.9999122393449015
0.6265,0.16000000000000003,xw,D,1.02928466733261,0.9999999999999999,1.0
0.6265,0.16000000000000003,xw,mixed,0.9368619948706199,1.5307805790403262,0.9995175278305511
0.6265,0.16000000000000003,xw,beta,1.1714944355486117,1.687662502978671,0.998275609401782
0.6265,0.18500000000000003,,no,2.4885976858218966,0.0,0.0
0.6265,0.18500000000000003,,D,2.4923459650586977,0.0335753940877448,0.9066829896460742
0.6265,0.18500000000000003,,mixed,1.494926800150239,0.9604784082662796,0.9997173809179912
0.6265,0.18500000000000003,,beta,1.338631992495411,1.4319686004129055,0.9998488142859808
0.6265,0.18500000000000003,x,no,1.78438496496439,0.36987780949401333,0.9523938570702424
0.6265,0.18500000000000003,x,D,2.474413236857353,0.0565094689898192,0.6553899699837129
0.6265,0.18500000000000003,x,mixed,1.491050690187504,0.9799604257853026,0.9999738374592707
0.6265,0.18500000000000003,x,beta,1.3561915434613967,1.4351002575127296,0.9997194659279935
0.6265,0.18500000000000003,w,no,1.547060200338995,0.6442963898060556,0.9984900813375871
0.6265,0.18500000000000003,w,D,1.1964742360562228,0.9649543651159922,0.9998777480061111
0.6265,0.18500000000000003,w,mixed,1.0679301022565975,1.4873412970071376,0.9997319978305312
0.6265,0.18500000000000003,w,beta,1.2926233651210328,1.6517255834507747,0.9986499296803377
0.6265,0.18500000000000003,xw,no,1.2800562358447014,0.8727779638188297,0.9999270365868758
0.6265,0.18500000000000003,xw,D,1.1792721271586044,1.0,1.0
0.6265,0.18500000000000003,xw,mixed,1.0809692398010684,1.4962509928813652,0.9995497832155178
0.6265,0.18500000000000003,xw,beta,1.3117868613213894,1.6534911310956806,0.9984427127353643
0.6265,0.21000000000000002,,no,2.4885976858218966,0.0,0.0
0.6265,0.21000000000000002,,D,2.4923459650586977,0.0335753940877448,0.9066829896460742
0.6265,0.21000000000000002,,mixed,1.494926800150239,0.9604784082662796,0.9997173809179912
0.6265,0.21000000000000002,,beta,1.338631992495411,1.4319686004129055,0.9998488142859808
0.6265,0.21000000000000002,x,no,1.7329293166298174,0.4258740221772952,0.9594601003875713
0.6265,0.21000000000000002,x,D,2.55392151382833,0.039046016188532574,0.356078502870264
0.6265,0.21000000000000002,x,mixed,1.5105542403547436,0.9783121674254981,0.9999707177747882
0.6265,0.21000000000000002,x,beta,1.3727354724048306,1.4316368928335585,0.9997293384982732
0.6265,0.21000000000000002,w,no,1.7084739537012306,0.6322405664400869,0.9989629408282445
0.6265,0.21000000000000002,w,D,1.3284909760461057,0.964473046302884,0.9998811246326081
0.6265,0.21000000000000002,w,mixed,1.1906941195537974,1.4609260345944022,0.9997598404931096
0.6265,0.21000000000000002,w,beta,1.409419541222805,1.6255831045299047,0.9987783876658728
0.6265,0.21000000000000002,xw,no,1.4398083363111522,0.868013316561051,0.9999371347515685
0.6265,0.21000000000000002,xw,D,1.326244916306047,1.0,1.0
0.6265,0.21000000000000002,xw,mixed,1.2203952859092717,1.467189197365204,0.9995870872749644
0.6265,0.21000000000000002,xw,beta,1.4446928680317455,1.6247481702924234,0.9985900800925288
0.6265,0.23500000000000001,,no,2.4885976858218966,0.0,0.0
0.6265,0.23500000000000001,,D,2.4923459650586977,0.0335753940877448,0.9066829896460742
0.6265,0.23500000000000001,,mixed,1.494926800150239,0.9604784082662796,0.9997173809179912
0.6265,0.23500000000000001,,beta,1.338631992495411,1.4319686004129055,0.9998488142859808
0.6265,0.23500000000000001,x,no,1.692883785829194,0.4773934716147837,0.9658175453846274
0.6265,0.23500000000000001,x,D,2.6423264475303845,0.018901700102256256,0.08501146114091462
0.6265,0.23500000000000001,x,mixed,1.5314719211963093,0.9767498846053435,0.9999676340159146
0.6265,0.23500000000000001,x,beta,1.3906252368828642,1.4280118600693752,0.9997390844475799
0.6265,0.23500000000000001,w,no,1.8560087982003475,0.6243795199085004,0.9993434972317402
0.6265,0.23500000000000001,w,D,1.453398895248743,0.9640827781685104,0.9998845090034476
0.6265,0.23500000000000001,w,mixed,1.3059232169061357,1.4386400622151514,0.9997864242438967
0.6265,0.23500000000000001,w,beta,1.5175147810829235,1.6034778631531839,0.9988885708562185
0.6265,0.23500000000000001,xw,no,1.5965069127240052,0.8641568370763918,0.9999453937729081
0.6265,0.23500000000000001,xw,D,1.4704334993755965,1.0,1.0
0.6265,0.23500000000000001,xw,mixed,1.3558231474786466,1.442257878426495,0.9996249927241295
0.6265,0.23500000000000001,xw,beta,1.5719235262072442,1.599958698064569,0.998719811538282
0.6265,0.26,,no,2.4885976858218966,0.0,0.0
0.6265,0.26,,D,2.4923459650586977,0.0335753940877448,0.9066829896460742
0.6265,0.26,,mixed,1.494926800150239,0.9604784082662796,0.9997173809179912
0.6265,0.26,,beta,1.338631992495411,1.4319686004129055,0.9998488142859808
0.6265,0.26,x,no,1.66392946639823,0.5240424316876929,0.9713685691786489
0.6265,0.26,x,D,2.7340105227646725,-0.0020931481077410934,0.0009233671189967652
0.6265,0.26,x,mixed,1.5537717245478808,0.9752775779848252,0.9999646244731745
0.6265,0.26,x,beta,1.4098320749923237,1.4242402312321971,0.9997486837290014
0.6265,0.26,w,no,1.9912943288818472,0.6196881308578047,0.9996180711257615
0.6265,0.26,w,D,1.5717929119812244,0.9637579879323576,0.9998877725908196
0.6265,0.26,w,mixed,1.4144999871348487,1.4195210724396672,0.9998107187578432
0.6265,0.26,w,beta,1.6183549587223676,1.5844161270911497,0.9989836053796403
0.6265,0.26,xw,no,1.7502467214759818,0.8610645004518899,0.9999533562669177
0.6265,0.26,xw,D,1.6120859735899393,1.0,1.0
0.6265,0.26,xw,mixed,1.4878980567355162,1.4205290502836685,0.9996612654128686
0.6265,0.26,xw,beta,1.6947619761173924,1.5781604649577943,0.9988342097567333
0.6265,0.28500000000000003,,no,2.4885976858218966,0.0,0.0
0.6265,0.28500000000000003,,D,2.4923459650586977,0.0335753940877448,0.9066829896460742
0.6265,0.28500000000000003,,mixed,1.494926800150239,0.9604784082662796,0.9997173809179912
0.6265,0.28500000000000003,,beta,1.338631992495411,1.4319686004129055,0.9998488142859808
0.6265,0.28500000000000003,x,no,1.6452423431928471,0.5658008429301622,0.976114244996868
0.6265,0.28500000000000003,x,D,2.822791746025499,-0.022037752228417477,0.08323893334741372
0.6265,0.28500000000000003,x,mixed,1.5774197892055892,0.9738983192790647,0.9999617241079878
0.6265,0.28500000000000003,x,beta,1.4303253992521534,1.4203370599050251,0.9997581187942052
0.6265,0.28500000000000003,w,no,2.115851916793662,0.6174148089938685,0.9997914868784162
0.6265,0.28500000000000003,w,D,1.6842760239014842,0.9634809973798,0.9998908515988797
0.6265,0.28500000000000003,w,mixed,1.517225561256624,1.402883333027281,0.9998324388242827
0.6265,0.28500000000000003,w,beta,1.7130750875866503,1.5677156470423284,0.9990661289638078
0.6265,0.28500000000000003,xw,no,1.9010697456648218,0.8586437005543224,0.9999615185207865
0.6265,0.28500000000000003,xw,D,1.751444791030976,1.0,1.0
0.6265,0.28500000000000003,xw,mixed,1.6171824203622334,1.4013414774679271,0.99969488194988
0.6265,0.28500000000000003,xw,beta,1.8141741149888182,1.5586987571311193,0.99893539674069
0.6265,0.31000000000000005,,no,2.4885976858218966,0.0,0.0
0.6265,0.31000000000000005,,D,2.4923459650586977,0.0335753940877448,0.9066829896460742
0.6265,0.31000000000000005,,mixed,1.494926800150239,0.9604784082662796,0.9997173809179912
0.6265,0.31000000000000005,,beta,1.338631992495411,1.4319686004129055,0.9998488142859808
0.6265,0.31000000000000005,x,no,1.6357624882930888,0.6028914304449099,0.9801118663693753
0.6265,0.31000000000000005,x,D,2.8596793785065966,-0.02582955506209821,0.0938617928758324
0.6265,0.31000000000000005,x,mixed,1.6023805595985372,0.9726142627203593,0.9999589639660641
0.6265,0.31000000000000005,x,beta,1.4520731736810528,1.4163171678583795,0.999767374393195
0.6265,0.31000000000000005,w,no,2.2310505343965708,0.616999276653996,0.9998774959319595
0.6265,0.31000000000000005,w,D,1.791425434940902,0.9632397825373923,0.9998937218503966
0.6265,0.31000000000000005,w,mixed,1.6148061494639605,1.3882261439484576,0.9998516430186392
0.6265,0.31000000000000005,w,beta,1.802581972017814,1.5528900941406556,0.9991382942123761
0.6265,0.31000000000000005,xw,no,2.0490070859252185,0.856822920183301,0.9999697091820909
0.6265,0.31000000000000005,xw,D,1.8887336537390709,1.0,1.0
0.6265,0.31000000000000005,xw,mixed,1.7441454072529625,1.3842126908623502,0.9997254707302258
0.6265,0.31000000000000005,xw,beta,1.930898233190609,1.5411099420141599,0.9990252138797784
0.6265,0.335,,no,2.4885976858218966,0.0,0.0
0.6265,0.335,,D,2.4923459650586977,0.0335753940877448,0.9066829896460742
0.6265,0.335,,mixed,1.494926800150239,0.9604784082662796,0.9997173809179912
0.6265,0.335,,beta,1.338631992495411,1.4319686004129055,0.9998488142859808
0.6265,0.335,x,no,1.634370033861158,0.6356753521800261,0.983445365349797
0.6265,0.335,x,D,2.843106091011262,-0.013070055069007259,0.015280119933979708
0.6265,0.335,x,mixed,1.6286169175931933,0.9714266856742474,0.9999563707556717
0.6265,0.335,x,beta,1.475041635850231,1.4121951987614185,0.9997764373778791
0.6265,0.335,w,no,2.3380979625673746,0.6180176704861936,0.999892980460908
0.6265,0.335,w,D,1.8937756320661256,0.9630262950110519,0.999896382020581
0.6265,0.335,w,mixed,1.7078550842964901,1.3751761728122511,0.9998685340939115
0.6265,0.335,w,beta,1.8876094700071169,1.5395825611402696,0.9992018368243638
0.6265,0.335,xw,no,2.19410004318457,0.8555394621296664,0.9999774242855678
0.6265,0.335,xw,D,2.0241515122076597,1.0,1.0
0.6265,0.335,xw,mixed,1.869170125281622,1.3687822661428473,0.9997530034380223
0.6265,0.335,xw,beta,2.045496314917035,1.5250572589780427,0.9991052225944941
0.6265,0.36000000000000004,,no,2.4885976858218966,0.0,0.0
0.6265,0.36000000000000004,,D,2.4923459650586977,0.0335753940877448,0.9066829896460742
0.6265,0.36000000000000004,,mixed,1.494926800150239,0.9604784082662796,0.9997173809179912
0.6265,0.36000000000000004,,beta,1.338631992495411,1.4319686004129055,0.9998488142859808
0.6265,0.36000000000000004,x,no,1.639987614607248,0.6645769903631789,0.9862065553417425
0.6265,0.36000000000000004,x,D,2.7894238273137906,0.011462513355467446,0.006607308126047262
0.6265,0.36000000000000004,x,mixed,1.6560904026488992,0.9703360148529107,0.9999539665910119
0.6265,0.36000000000000004,x,beta,1.4991958792500004,1.4079853584690867,0.9997852965155126
0.6265,0.36000000000000004,w,no,2.4380482236702457,0.62014519984666,0.9998547195022364
0.6265,0.36000000000000004,w,D,1.9918118868207826,0.962835205153824,0.9998988430562932
0.6265,0.36000000000000004,w,mixed,1.7969021098274622,1.3634496220752297,0.9998833618768369
0.6265,0.36000000000000004,w,beta,1.9687587720839343,1.5275245632458252,0.9992581531383912
0.6265,0.36000000000000004,xw,no,2.3364082877272594,0.8547351252473866,0.9999840736699438
0.6265,0.36000000000000004,xw,D,2.157871095674123,0.9999999999999999,1.0
0.6265,0.36000000000000004,xw,mixed,1.9925640800560112,1.3547754692827068,0.999777625116904
0.6265,0.36000000000000004,xw,beta,2.1583997889829587,1.5102890270152665,0.9991767370045713
0.6265,0.385,,no,2.4885976858218966,0.0,0.0
0.6265,0.385,,D,2.4923459650586977,0.0335753940877448,0.9066829896460742
0.6265,0.385,,mixed,1.494926800150239,0.9604784082662796,0.9997173809179912
0.6265,0.385,,beta,1.338631992495411,1.4319686004129055,0.9998488142859808
0.6265,0.385,x,no,1.6516325550965365,0.6900340535463229,0.9884843622134591
0.6265,0.385,x,D,2.7105159414437194,0.04449006205832496,0.058276124978256516
0.6265,0.385,x,mixed,1.6847613712952338,0.969341888915567,0.9999517688935042
0.6265,0.385,x,beta,1.5244999146713585,1.4037013729772336,0.9997939423160981
0.6265,0.385,w,no,2.5318157157747385,0.6231302448477798,0.9997777779784848
0.6265,0.385,w,D,2.0859695985656432,0.9626630195563297,0.9999011217670868
0.6265,0.385,w,mixed,1.882404389456177,1.3528269517716796,0.9998963777442994
0.6265,0.385,w,beta,2.046527811832962,1.5165098421736605,0.9993083693458763
0.6265,0.385,xw,no,2.47601097509274,0.8543550907515017,0.9999891354265298
0.6265,0.385,xw,D,2.290040077717522,1.0,1.0
0.6265,0.385,xw,mixed,2.114571641412543,1.3419787881089866,0.9997995607219401
0.6265,0.385,xw,beta,2.269940105141964,1.4966129429286907,0.9992408628987665
0.6265,0.41000000000000003,,no,2.4885976858218966,0.0,0.0
0.6265,0.41000000000000003,,D,2.4923459650586977,0.0335753940877448,0.9066829896460742
0.6265,0.41000000000000003,,mixed,1.494926800150239,0.9604784082662796,0.9997173809179912
0.6265,0.41000000000000003,,beta,1.338631992495411,1.4319686004129055,0.9998488142859808
0.6265,0.41000000000000003,x,no,1.668434707754468,0.7124682359463944,0.990359408916958
0.6265,0.41000000000000003,x,D,2.615767999615374,0.08348719376545853,0.1305792724263819
0.6265,0.41000000000000003,x,mixed,1.714589197141593,0.9684432181464452,0.9999497904376157
0.6265,0.41000000000000003,x,beta,1.5509168747319626,1.3993564070066986,0.999802366876008
0.6265,0.41000000000000003,w,no,2.6201913600581532,0.6267760432082261,0.9996748661395288
0.6265,0.41000000000000003,w,D,2.176636732286396,0.9625074699189322,0.9999032370834178
0.6265,0.41000000000000003,w,mixed,1.9647563599693598,1.3431358432619867,0.9999078148409828
0.6265,0.41000000000000003,w,beta,2.121333075001545,1.5063770515583268,0.9993533983275847
0.6265,0.41000000000000003,xw,no,2.613004355744056,0.8543479531850491,0.9999922340854006
0.6265,0.41000000000000003,xw,D,2.4207835909348474,0.9999999999999999,1.0
0.6265,0.41000000000000003,xw,mixed,2.2353860495499642,1.330223215675893,0.9998190640845254
0.6265,0.41000000000000003,xw,beta,2.380372102995312,1.4838790416484324,0.9992985338846244
0.6265,0.43500000000000005,,no,2.4885976858218966,0.0,0.0
0.6265,0.43500000000000005,,D,2.4923459650586977,0.0335753940877448,0.9066829896460742
0.6265,0.43500000000000005,,mixed,1.494926800150239,0.9604784082662796,0.9997173809179912
0.6265,0.43500000000000005,,beta,1.338631992495411,1.4319686004129055,0.9998488142859808
0.6265,0.43500000000000005,x,no,1.6896424760385027,0.7322674601715159,0.9919019082276217
0.6265,0.43500000000000005,x,D,2.5120048646919035,0.1266198358102967,0.20604631754073144
0.6265,0.43500000000000005,x,mixed,1.745532471209322,0.9676382527028483,0.9999480395231469
0.6265,0.43500000000000005,x,beta,1.578409202412743,1.3949630032454985,0.9998105637385643
0.6265,0.43500000000000005,w,no,2.703858502824277,0.6309275130862395,0.999556243229935
0.6265,0.43500000000000005,w,D,2.2641577019301726,0.9623670961197102,0.9999052079627231
0.6265,0.43500000000000005,w,mixed,2.0442997147477304,1.3342390057224245,0.9999178809566547
0.6265,0.43500000000000005,w,beta,2.1935260119648325,1.496997975292154,0.9993939847085795
0.6265,0.43500000000000005,xw,no,2.7474980478044677,0.8546660084719979,0.999993164394192
0.6265,0.43500000000000005,xw,D,2.5502072751975606,1.0,1.0
0.6265,0.43500000000000005,xw,mixed,2.3551590776530884,1.3193728722689633,0.9998363905513359
0.6265,0.43500000000000005,xw,beta,2.489891708109612,1.471968182494283,0.9993505421051145
0.6265,0.46,,no,2.4885976858218966,0.0,0.0
0.6265,0.46,,D,2.4923459650586977,0.0335753940877448,0.9066829896460742
0.6265,0.46,,mixed,1.494926800150239,0.9604784082662796,0.9997173809179912
0.6265,0.46,,beta,1.338631992495411,1.4319686004129055,0.9998488142859808
0.6265,0.46,x,no,1.714610692698537,0.7497803579517246,0.9931714407315541
0.6265,0.46,x,D,2.404573070325367,0.17239555693718436,0.2786529624405861
0.6265,0.46,x,mixed,1.7775492047532664,0.9669246556086342,0.9999465202527479
0.6265,0.46,x,beta,1.6069388666997546,1.3905330254211001,0.9998185277710858
0.6265,0.46,w,no,2.783407573417788,0.6354616167738744,0.999429899831444
0.6265,0.46,w,D,2.348837765298262,0.962240963135682,0.999907052288267
0.6265,0.46,w,mixed,2.121330978836194,1.3260257926269143,0.9999267574439963
0.6265,0.46,w,beta,2.26340556164121,1.4882693058685061,0.9994307400373023
0.6265,0.46,xw,no,2.8796110618582587,0.8552654878764527,0.9999918813139294
0.6265,0.46,xw,D,2.6784003761937774,0.9999999999999999,1.0
0.6265,0.46,xw,mixed,2.474009761494023,1.3093168326123201,0.9998517829066854
0.6265,0.46,xw,beta,2.5986494466009393,1.4607840908761949,0.9993975633786648
0.6265,0.48500000000000004,,no,2.4885976858218966,0.0,0.0
0.6265,0.48500000000000004,,D,2.4923459650586977,0.0335753940877448,0.9066829896460742
0.6265,0.48500000000000004,,mixed,1.494926800150239,0.9604784082662796,0.9997173809179912
0.6265,0.48500000000000004,,beta,1.338631992495411,1.4319686004129055,0.9998488142859808
0.6265,0.48500000000000004,x,no,1.742792192584284,0.7653136134679153,0.9942177029719388
0.6265,0.48500000000000004,x,D,2.297959969914074,0.21948096528149114,0.34642493450053835
0.6265,0.48500000000000004,x,mixed,1.8105970324936742,0.9662995782925383,0.9999452328917553
0.6265,0.48500000000000004,x,beta,1.636467596545492,1.3860776078967645,0.9998262550570186
0.6265,0.48500000000000004,w,no,2.859349131741884,0.6402802099141165,0.999301860811158
0.6265,0.48500000000000004,w,D,2.4309474138711185,0.9621284709154523,0.9999087863526351
0.6265,0.48500000000000004,w,mixed,2.1961085205222712,1.31840598106361,0.9999346008403714
0.6265,0.48500000000000004,w,beta,2.3312278312314,1.4801067791722422,0.9994641701091981
0.6265,0.48500000000000004,xw,no,3.0094681488005923,0.8561066456604668,0.9999884724313685
0.6265,0.48500000000000004,xw,D,2.8054386315613327,1.0,1.0
0.6265,0.48500000000000004,xw,mixed,2.592031051434812,1.2999633866350424,0.9998654647575452
0.6265,0.48500000000000004,xw,beta,2.706760841977258,1.4502477467221655,0.9994401774535554
0.6265,0.51,,no,2.4885976858218966,0.0,0.0
0.6265,0.51,,D,2.4923459650586977,0.0335753940877448,0.9066829896460742
0.6265,0.51,,mixed,1.494926800150239,0.9604784082662796,0.9997173809179912
0.6265,0.51,,beta,1.338631992495411,1.4319686004129055,0.9998488142859808
0.6265,0.51,x,no,1.7737232350022245,0.7791342870342065,0.9950816744211571
0.6265,0.51,x,D,2.195414105353339,0.2667620127675939,0.40846519689166294
0.6265,0.51,x,mixed,1.8446334127781527,0.965759737087549,0.9999441742872283
0.6265,0.51,x,beta,1.6669567991831393,1.3816072210410326,0.999833742801186
0.6265,0.51,w,no,2.932125241224926,0.6453046671485722,0.9991765196937534
0.6265,0.51,w,D,2.5107265028604884,0.9620292265191229,0.999910424676723
0.6265,0.51,w,mixed,2.2688582517887887,1.3113052499702615,0.9999415455309827
0.6265,0.51,w,beta,2.3972136602688696,1.472440909429043,0.9994946961888452
0.6265,0.51,xw,no,3.137196678788991,0.857153708172077,0.9999831239846315
0.6265,0.51,xw,D,2.9313868212750345,0.9999999999999999,1.0
0.6265,0.51,xw,mixed,2.709296004030037,1.291235684065152,0.9998776380866408
0.6265,0.51,xw,beta,2.814314648001727,1.4402933205824682,0.9994788842507565
0.667,0.01,,no,2.4885976858218966,0.0,0.0
0.667,0.01,,D,2.5076062020936205,0.030658043883011778,0.9016027249275433
0.667,0.01,,mixed,1.5765195613592915,0.9650232995218775,0.999778833571946
0.667,0.01,,beta,1.4813487576508497,1.424578922457246,0.9998367060973045
0.667,0.01,x,no,2.2333847135937526,0.007178947683636055,0.9471374768779656
0.667,0.01,x,D,2.2974684010275017,0.07450650795926662,0.8970305059522861
0.667,0.01,x,mixed,1.4841425224393756,0.9941599950455038,0.999994677348923
0.667,0.01,x,beta,1.4249838034762778,1.443352631181796,0.9996590728675296
0.667,0.01,w,no,0.3803589079890911,0.11562648124312894,0.7858808859751071
0.667,0.01,w,D,0.3782944258945485,0.11992761471871848,0.7722611422701584
0.667,0.01,w,mixed,0.05759295823096303,1.8627200198379763,0.9868437870189564
0.667,0.01,w,beta,0.04878163493754873,2.6678870655563305,0.9993262480189484
0.667,0.01,xw,no,0.06690004353164747,0.9965292080398417,0.9999990093629337
0.667,0.01,xw,D,0.06665640937312102,1.0,1.0
0.667,0.01,xw,mixed,0.045110425205953555,1.988066168495997,0.9999986066164118
0.667,0.01,xw,beta,0.04672873726118957,2.6882475791564002,0.9994797403962127
0.667,0.035,,no,2.4885976858218966,0.0,0.0
0.667,0.035,,D,2.5076062020936205,0.030658043883011778,0.9016027249275433
0.667,0.035,,mixed,1.5765195613592915,0.9650232995218775,0.999778833571946
0.667,0.035,,beta,1.4813487576508497,1.424578922457246,0.9998367060973045
0.667,0.035,x,no,2.1987107237807066,0.03578309682629985,0.9298368550663707
0.667,0.035,x,D,2.3128055377537584,0.0724974508137283,0.8932994390369324
0.667,0.035,x,mixed,1.4924882868926093,0.9923339113538647,0.9999929543110733
0.667,0.035,x,beta,1.4312165426922947,1.4416809380111335,0.9996677169843241
0.667,0.035,w,no,0.25508448606799683,0.9661075176483542,0.9973640283013305
0.667,0.035,w,D,0.24061699637584522,0.9845732603383801,0.9991763553739865
0.667,0.035,w,mixed,0.18184084026171443,1.8754749798503085,0.999925038047233
0.667,0.035,w,beta,0.2971510626858791,2.1389168797233413,0.9978707708350456
0.667,0.035,xw,no,0.24057045278203712,0.9674003860002639,0.9999341333368272
0.667,0.035,xw,D,0.2328984073856711,0.9999999999999999,1.0
0.667,0.035,xw,mixed,0.17608904440758796,1.8905614912300985,0.9999048542029404
0.667,0.035,xw,beta,0.29021100432859753,2.1502013744698405,0.9977541655896233
0.667,0.060000000000000005,,no,2.4885976858218966,0.0,0.0
0.667,0.060000000000000005,,D,2.5076062020936205,0.030658043883011778,0.9016027249275433
0.667,0.060000000000000005,,mixed,1.5765195613592915,0.9650232995218775,0.999778833571946
0.667,0.060000000000000005,,beta,1.4813487576508497,1.424578922457246,0.9998367060973045
0.667,0.060000000000000005,x,no,2.1424813038388884,0.07751833658457281,0.9246036187601794
0.667,0.060000000000000005,x,D,2.330466334550997,0.07070284250656732,0.8894486051600161
0.667,0.060000000000000005,x,mixed,1.5023174942039412,0.9905345973047256,0.9999910296635222
0.667,0.060000000000000005,x,beta,1.4388699076531515,1.439789511968549,0.9996764842816338
0.667,0.060000000000000005,w,no,0.4949377805918643,0.8511742961341381,0.9972215043095374
0.667,0.060000000000000005,w,D,0.41332992956775516,0.9800187518725436,0.9999668730691282
0.667,0.060000000000000005,w,mixed,0.34495974832847404,1.764129700096707,0.9997938871648346
0.667,0.060000000000000005,w,beta,0.552794303695181,1.9394094312085868,0.9977509412094824
0.667,0.060000000000000005,xw,no,0.4220607158881493,0.9350744108662207,0.999836013818719
0.667,0.060000000000000005,xw,D,0.39785846026710564,1.0,1.0
0.667,0.060000000000000005,xw,mixed,0.3341857498689931,1.780619539935386,0.9997110917491723
0.667,0.060000000000000005,xw,beta,0.5416715815894549,1.9499159224413598,0.9975681641991748
0.667,0.085,,no,2.4885976858218966,0.0,0.0
0.667,0.085,,D,2.5076062020936205,0.030658043883011778,0.9016027249275433
0.667,0.085,,mixed,1.5765195613592915,0.9650232995218775,0.999778833571946
0.667,0.085,,beta,1.4813487576508497,1.424578922457246,0.9998367060973045
0.667,0.085,x,no,2.07199621862695,0.1292139792999369,0.9258010832041844
0.667,0.085,x,D,2.3504280811197815,0.06913285685397909,0.8855251634016135
0.667,0.085,x,mixed,1.5136168536976982,0.9887695128296609,0.9999889278603985
0.667,0.085,x,beta,1.4479326383779798,1.4376866651828435,0.9996853405269768
0.667,0.085,w,no,0.7382933267104439,0.7736016858273292,0.9974337749524205
0.667,0.085,w,D,0.587272841916971,0.9724300812897656,0.9999087756572786
0.667,0.085,w,mixed,0.5164458025504771,1.6770368379263476,0.9997047325783393
0.667,0.085,w,beta,0.7751510087136264,1.8313262299681041,0.9979328538168796
0.667,0.085,xw,no,0.6029834507005212,0.9119847490438283,0.9998230570753915
0.667,0.085,xw,D,0.56077895667204,1.0,1.0
0.667,0.085,xw,mixed,0.5028174543407192,1.6930315362521096,0.9995711382813564
0.667,0.085,xw,beta,0.7631054502447155,1.8405855630768309,0.9977218018541023
0.667,0.11,,no,2.4885976858218966,0.0,0.0
0.667,0.11,,D,2.5076062020936205,0.030658043883011778,0.9016027249275433
0.667,0.11,,mixed,1.5765195613592915,0.9650232995218775,0.999778833571946
0.667,0.11,,beta,1.4813487576508497,1.424578922457246,0.9998367060973045
0.667,0.11,x,no,1.994900269710487,0.187404790057993,0.9306225246608613
0.667,0.11,x,D,2.372663928876021,0.06779749406058856,0.8815880210225352
0.667,0.11,x,mixed,1.5263710318936619,0.9870457367804,0.9999866760894993
0.667,0.11,x,beta,1.4583911718415403,1.4353815819107245,0.9996942534812918
0.667,0.11,w,no,0.9653560677826897,0.7230622001000397,0.9972666228463906
0.667,0.11,w,D,0.7513205085627795,0.9708430722517681,0.9998969319583643
0.667,0.11,w,mixed,0.6835574324514267,1.6117856535343267,0.9996663400333339
0.667,0.11,w,beta,0.9678545902659399,1.761247170536377,0.9981498656281597
0.667,0.11,xw,no,0.7791965691068353,0.8967699247605992,0.9998554199800777
0.667,0.11,xw,D,0.7211077568550783,1.0,1.0
0.667,0.11,xw,mixed,0.6707457133618469,1.62615508906341,0.9995088724945705
0.667,0.11,xw,beta,0.9583870330348562,1.7689050711869172,0.9979352601943285
0.667,0.135,,no,2.4885976858218966,0.0,0.0
0.667,0.135,,D,2.5076062020936205,0.030658043883011778,0.9016027249275433
0.667,0.135,,mixed,1.5765195613592915,0.9650232995218775,0.999778833571946
0.667,0.135,,beta,1.4813487576508497,1.424578922457246,0.9998367060973045
0.667,0.135,x,no,1.9180364222838193,0.2487396017733024,0.9373597370674174
0.667,0.135,x,D,2.3979740354096433,0.06640657718274234,0.8742891016080213
0.667,0.135,x,mixed,1.54056268196636,0.9853698927187917,0.9999843036131917
0.667,0.135,x,beta,1.470229706567932,1.4328842070087713,0.9997031930210448
0.667,0.135,w,no,1.1764006475048505,0.6872720443957495,0.9975069909223346
0.667,0.135,w,D,0.9081991206430109,0.9698079264969075,0.9998970633805622
0.667,0.135,w,mixed,0.8417228419132766,1.5617904470290263,0.9996664391208924
0.667,0.135,w,beta,1.1372736183063927,1.711003936493088,0.9983510618275052
0.667,0.135,xw,no,0.9503097099012299,0.8863550618799041,0.999888942455331
0.667,0.135,xw,D,0.8785128345787271,1.0,1.0
0.667,0.135,xw,mixed,0.8335075388705927,1.5741639902889473,0.9994984914868299
0.667,0.135,xw,beta,1.1337471114447337,1.7168389172576228,0.998142868950016
0.667,0.16000000000000003,,no,2.4885976858218966,0.0,0.0
0.667,0.16000000000000003,,D,2.5076062020936205,0.030658043883011778,0.9016027249275433
0.667,0.16000000000000003,,mixed,1.5765195613592915,0.9650232995218775,0.999778833571946
0.667,0.16000000000000003,,beta,1.4813487576508497,1.424578922457246,0.9998367060973045
0.667,0.16000000000000003,x,no,1.8467003554387138,0.310315440587399,0.9448703400922317
0.667,0.16000000000000003,x,D,2.4349021761221743,0.06182887871532985,0.8225583467656359
0.667,0.16000000000000003,x,mixed,1.5561724838611124,0.9837480833960467,0.9999818410683815
0.667,0.16000000000000003,x,beta,1.4834302796768113,1.4302051291255937,0.9997121312062803
0.667,0.16000000000000003,w,no,1.3701481067356223,0.6619703345737072,0.9979716644461707
0.667,0.16000000000000003,w,D,1.0576709582374422,0.9689860218527837,0.9998981871269443
0.667,0.16000000000000003,w,mixed,0.9897364974968828,1.5224291686529732,0.9996854365252748
0.667,0.16000000000000003,w,beta,1.2884313853889682,1.672629106961437,0.998525281715585
0.667,0.16000000000000003,xw,no,1.1170333883374977,0.8787151473530685,0.9999122393449015
0.667,0.16000000000000003,xw,D,1.032859414216029,0.9999999999999999,1.0
0.667,0.16000000000000003,xw,mixed,0.9899518318620852,1.5325992419303796,0.9995162333997606
0.667,0.16000000000000003,xw,beta,1.2941168787826245,1.6764592412402168,0.998329179128789
0.667,0.18500000000000003,,no,2.4885976858218966,0.0,0.0
0.667,0.18500000000000003,,D,2.5076062020936205,0.030658043883011778,0.9016027249275433
0.667,0.18500000000000003,,mixed,1.5765195613592915,0.9650232995218775,0.999778833571946
0.667,0.18500000000000003,,beta,1.4813487576508497,1.424578922457246,0.9998367060973045
0.667,0.18500000000000003,x,no,1.78438496496439,0.36987780949401333,0.9523938570702424
0.667,0.18500000000000003,x,D,2.4915241827393984,0.05100186682737026,0.6498583453633429
0.667,0.18500000000000003,x,mixed,1.5731791921154834,0.9821858363928622,0.9999793197515595
0.667,0.18500000000000003,x,beta,1.4979728489044852,1.4273554637047967,0.9997210423011486
0.667,0.18500000000000003,w,no,1.547060200338995,0.6442963898060556,0.9984900813375871
0.667,0.18500000000000003,w,D,1.1996458356845894,0.9683289380950026,0.9998999197583864
0.667,0.18500000000000003,w,mixed,1.1278867537883268,1.490621226644915,0.9997119023511459
0.667,0.18500000000000003,w,beta,1.425071569575122,1.6420034244140747,0.9986734188828374
0.667,0.18500000000000003,xw,no,1.2800562358447014,0.8727779638188297,0.9999270365868758
0.667,0.18500000000000003,xw,D,1.1841663873375348,0.9999999999999999,1.0
0.667,0.18500000000000003,xw,mixed,1.1402722794481688,1.4984728777598446,0.9995472891490598
0.667,0.18500000000000003,xw,beta,1.4431253314758437,1.6436831611352694,0.998492458180914
0.667,0.21000000000000002,,no,2.4885976858218966,0.0,0.0
0.667,0.21000000000000002,,D,2.5076062020936205,0.030658043883011778,0.9016027249275433
0.667,0.21000000000000002,,mixed,1.5765195613592915,0.9650232995218775,0.999778833571946
0.667,0.21000000000000002,,beta,1.4813487576508497,1.424578922457246,0.9998367060973045
0.667,0.21000000000000002,x,no,1.7329293166298174,0.4258740221772952,0.9594601003875713
0.667,0.21000000000000002,x,D,2.563666547522009,0.03521520287596087,0.354760156629339
0.667,0.21000000000000002,x,mixed,1.5915596953445827,0.9806880605021474,0.9999767709145221
0.667,0.21000000000000002,x,beta,1.5138353982293153,1.4243467311877362,0.9997299027542614
0.667,0.21000000000000002,w,no,1.7084739537012306,0.6322405664400869,0.9989629408282445
0.667,0.21000000000000002,w,D,1.3343419382044024,0.9677961147251283,0.9999019755987231
0.667,0.21000000000000002,w,mixed,1.257002883708383,1.4643225573226142,0.9997400345688121
0.667,0.21000000000000002,w,beta,1.5499746655821502,1.6167611100691628,0.998799172306978
0.667,0.21000000000000002,xw,no,1.4398083363111522,0.868013316561051,0.9999371347515685
0.667,0.21000000000000002,xw,D,1.3325577619482698,1.0,1.0
0.667,0.21000000000000002,xw,mixed,1.2851344502992197,1.4698007457069062,0.9995834045837507
0.667,0.21000000000000002,xw,beta,1.5834284303873394,1.616176403502025,0.9986347758651088
0.667,0.23500000000000001,,no,2.4885976858218966,0.0,0.0
0.667,0.23500000000000001,,D,2.5076062020936205,0.030658043883011778,0.9016027249275433
0.667,0.23500000000000001,,mixed,1.5765195613592915,0.9650232995218775,0.999778833571946
0.667,0.23500000000000001,,beta,1.4813487576508497,1.424578922457246,0.9998367060973045
0.667,0.23500000000000001,x,no,1.692883785829194,0.4773934716147837,0.9658175453846274
0.667,0.23500000000000001,x,D,2.643672989533083,0.017019041406188838,0.08530749020384709
0.667,0.23500000000000001,x,mixed,1.6112890862913858,0.97925901387517,0.9999742250946638
0.667,0.23500000000000001,x,beta,1.5309940474677088,1.4211907396262378,0.9997386911465781
0.667,0.23500000000000001,w,no,1.8560087982003475,0.6243795199085004,0.9993434972317402
0.667,0.23500000000000001,w,D,1.4621611471153295,0.9673558638366263,0.99990416028053
0.667,0.23500000000000001,w,mixed,1.3780502866738218,1.442149330971213,0.9997671268520246
0.667,0.23500000000000001,w,beta,1.665244400641792,1.5954333684187236,0.9989064268366877
0.667,0.23500000000000001,xw,no,1.5965069127240052,0.8641568370763918,0.9999453937729081
0.667,0.23500000000000001,xw,D,1.47821937080061,1.0,1.0
0.667,0.23500000000000001,xw,mixed,1.4253099637878872,1.445240379884067,0.9996202217302118
0.667,0.23500000000000001,xw,beta,1.7169926520777565,1.5924996048662254,0.9987590018838765
0.667,0.26,,no,2.4885976858218966,0.0,0.0
0.667,0.26,,D,2.5076062020936205,0.030658043883011778,0.9016027249275433
0.667,0.26,,mixed,1.5765195613592915,0.9650232995218775,0.999778833571946
0.667,0.26,,beta,1.4813487576508497,1.424578922457246,0.9998367060973045
0.667,0.26,x,no,1.66392946639823,0.5240424316876929,0.9713685691786489
0.667,0.26,x,D,2.7265203337385286,-0.001967553173204463,0.0010203404569297803
0.667,0.26,x,mixed,1.6323407428509293,0.977902283976038,0.9999717115009323
0.667,0.26,x,beta,1.5494231729405241,1.4178994708229191,0.9997473881144503
0.667,0.26,w,no,1.9912943288818472,0.6196881308578047,0.9996180711257615
0.667,0.26,w,D,1.5835977610316099,0.966984499513079,0.9999063511862384
0.667,0.26,w,mixed,1.491967682246036,1.4231400120131568,0.9997920575047723
0.667,0.26,w,beta,1.772495607970687,1.5770562319191375,0.9989985579859977
0.667,0.26,xw,no,1.7502467214759818,0.8610645004518899,0.9999533562669177
0.667,0.26,xw,D,1.6213653113027209,0.9999999999999999,1.0
0.667,0.26,xw,mixed,1.5615321654306618,1.4238599436981827,0.9996555557535809
0.667,0.26,xw,beta,1.8452918471448725,1.571713943252278,0.9988678809228915
0.667,0.28500000000000003,,no,2.4885976858218966,0.0,0.0
0.667,0.28500000000000003,,D,2.5076062020936205,0.030658043883011778,0.9016027249275433
0.667,0.28500000000000003,,mixed,1.5765195613592915,0.9650232995218775,0.999778833571946
0.667,0.28500000000000003,,beta,1.4813487576508497,1.424578922457246,0.9998367060973045
0.667,0.28500000000000003,x,no,1.6452423431928471,0.5658008429301622,0.976114244996868
0.667,0.28500000000000003,x,D,2.8067330532203867,-0.020061985140670664,0.08672117154198855
0.667,0.28500000000000003,x,mixed,1.6546864270484678,0.9766207767398514,0.9999692574728561
0.667,0.28500000000000003,x,beta,1.5690955426032431,1.414484970175433,0.9997559762550067
0.667,0.28500000000000003,w,no,2.115851916793662,0.6174148089938685,0.9997914868784162
0.667,0.28500000000000003,w,D,1.6991777402323263,0.9666648547604298,0.99990847675193
0.667,0.28500000000000003,w,mixed,1.5996076231346736,1.4066091203318092,0.9998144830855292
0.667,0.28500000000000003,w,beta,1.872992311929613,1.5609672287402276,0.9990783244994952
0.667,0.28500000000000003,xw,no,1.9010697456648218,0.8586437005543224,0.9999615185207865
0.667,0.28500000000000003,xw,D,1.7622146177235845,1.0,1.0
0.667,0.28500000000000003,xw,mixed,1.6944448209912024,1.4049960313830105,0.9996884039526455
0.667,0.28500000000000003,xw,beta,1.9694439114614295,1.5531793410576262,0.998963784720609
0.667,0.31000000000000005,,no,2.4885976858218966,0.0,0.0
0.667,0.31000000000000005,,D,2.5076062020936205,0.030658043883011778,0.9016027249275433
0.667,0.31000000000000005,,mixed,1.5765195613592915,0.9650232995218775,0.999778833571946
0.667,0.31000000000000005,,beta,1.4813487576508497,1.424578922457246,0.9998367060973045
0.667,0.31000000000000005,x,no,1.6357624882930888,0.6028914304449099,0.9801118663693753
0.667,0.31000000000000005,x,D,2.8360462472914425,-0.022280678780734853,0.08608819426902692
0.667,0.31000000000000005,x,mixed,1.6782963664464097,0.975416726606438,0.9999668880257943
0.667,0.31000000000000005,x,beta,1.5899824545915764,1.4109592452439121,0.9997644400203389
0.667,0.31000000000000005,w,no,2.2310505343965708,0.616999276653996,0.9998774959319595
0.667,0.31000000000000005,w,D,1.8094216419671396,0.9663847019736728,0.9999104994238659
0.667,0.31000000000000005,w,mixed,1.7017213091480852,1.3920562214776506,0.9998344253223036
0.667,0.31000000000000005,w,beta,1.96773953522378,1.54669449423491,0.9991479321189515
0.667,0.31000000000000005,xw,no,2.0490070859252185,0.856822920183301,0.9999697091820909
0.667,0.31000000000000005,xw,D,1.9009766572306432,0.9999999999999999,1.0
0.667,0.31000000000000005,xw,mixed,1.8245916400383446,1.388164787214726,0.9997183964631637
0.667,0.31000000000000005,xw,beta,2.090304684399345,1.5364436469449925,0.9990486888267558
0.667,0.335,,no,2.4885976858218966,0.0,0.0
0.667,0.335,,D,2.5076062020936205,0.030658043883011778,0.9016027249275433
0.667,0.335,,mixed,1.5765195613592915,0.9650232995218775,0.999778833571946
0.667,0.335,,beta,1.4813487576508497,1.424578922457246,0.9998367060973045
0.667,0.335,x,no,1.634370033861158,0.6356753521800261,0.983445365349797
0.667,0.335,x,D,2.8121523637748207,-0.007879415242277775,0.006302262900547473
0.667,0.335,x,mixed,1.703139400591949,0.9742916979619185,0.9999646254909837
0.667,0.335,x,beta,1.6120538874234038,1.4073341708367113,0.99977276560604
0.667,0.335,w,no,2.3380979625673746,0.6180176704861936,0.999892980460908
0.667,0.335,w,D,1.9148237064877949,0.9661354566126681,0.9999124031888341
0.667,0.335,w,mixed,1.7989618466546802,1.3791079709323724,0.9998520637974799
0.667,0.335,w,beta,2.057547959730346,1.5338918251443143,0.9992091338837242
0.667,0.335,xw,no,2.19410004318457,0.8555394621296664,0.9999774242855678
0.667,0.335,xw,D,2.0378431106709636,0.9999999999999999,1.0
0.667,0.335,xw,mixed,1.9524219014263295,1.3730054029718408,0.9997454950698369
0.667,0.335,xw,beta,2.208534247254924,1.5211778843796235,0.9991242182955198
0.667,0.36000000000000004,,no,2.4885976858218966,0.0,0.0
0.667,0.36000000000000004,,D,2.5076062020936205,0.030658043883011778,0.9016027249275433
0.667,0.36000000000000004,,mixed,1.5765195613592915,0.9650232995218775,0.999778833571946
0.667,0.36000000000000004,,beta,1.4813487576508497,1.424578922457246,0.9998367060973045
0.667,0.36000000000000004,x,no,1.639987614607248,0.6645769903631789,0.9862065553417425
0.667,0.36000000000000004,x,D,2.7515509625172467,0.018367036928328317,0.01793124053491324
0.667,0.36000000000000004,x,mixed,1.7291830859427537,0.9732466136886481,0.9999624892544023
0.667,0.36000000000000004,x,beta,1.6352786515766953,1.4036214045262847,0.9997809408386193
0.667,0.36000000000000004,w,no,2.4380482236702457,0.62014519984666,0.9998547195022364
0.667,0.36000000000000004,w,D,2.0158415580440305,0.9659111425585049,0.9999141850518174
0.667,0.36000000000000004,w,mixed,1.8918932559834942,1.3674806240396684,0.9998676338909565
0.667,0.36000000000000004,w,beta,2.143079983100183,1.522298834952372,0.9992633249336247
0.667,0.36000000000000004,xw,no,2.3364082877272594,0.8547351252473866,0.9999840736699438
0.667,0.36000000000000004,xw,D,2.172984504019867,0.9999999999999999,1.0
0.667,0.36000000000000004,xw,mixed,2.078301839768625,1.3592433258398293,0.9997698284673817
0.667,0.36000000000000004,xw,beta,2.3246445631579262,1.507136581415701,0.9991917076601761
0.667,0.385,,no,2.4885976858218966,0.0,0.0
0.667,0.385,,D,2.5076062020936205,0.030658043883011778,0.9016027249275433
0.667,0.385,,mixed,1.5765195613592915,0.9650232995218775,0.999778833571946
0.667,0.385,,beta,1.4813487576508497,1.424578922457246,0.9998367060973045
0.667,0.385,x,no,1.6516325550965365,0.6900340535463229,0.9884843622134591
0.667,0.385,x,D,2.6668090551714188,0.05301164157585668,0.0844955741985598
0.667,0.385,x,mixed,1.756393834569344,0.9722817832315985,0.9999604955941374
0.667,0.385,x,beta,1.6596245501882283,1.3998323100124117,0.9997889550652723
0.667,0.385,w,no,2.5318157157747385,0.6231302448477798,0.9997777779784848
0.667,0.385,w,D,2.112892363761476,0.9657076244715039,0.9999158494636924
0.667,0.385,w,mixed,1.9810027710570928,1.356954586081055,0.9998813780981152
0.667,0.385,w,beta,2.2248831031067877,1.5117155079233668,0.9993116210841332
0.667,0.385,xw,no,2.47601097509274,0.8543550907515017,0.9999891354265298
0.667,0.385,xw,D,2.306549649698205,0.9999999999999999,1.0
0.667,0.385,xw,mixed,2.202527443288632,1.3466656912076498,0.999791602341161
0.667,0.385,xw,beta,2.4390343307334,1.4941324939266423,0.9992522568725272
0.667,0.41000000000000003,,no,2.4885976858218966,0.0,0.0
0.667,0.41000000000000003,,D,2.5076062020936205,0.030658043883011778,0.9016027249275433
0.667,0.41000000000000003,,mixed,1.5765195613592915,0.9650232995218775,0.999778833571946
0.667,0.41000000000000003,,beta,1.4813487576508497,1.424578922457246,0.9998367060973045
0.667,0.41000000000000003,x,no,1.668434707754468,0.7124682359463944,0.990359408916958
0.667,0.41000000000000003,x,D,2.5671442007441674,0.093557371466734,0.16435667843138535
0.667,0.41000000000000003,x,mixed,1.7847370566581329,0.9713969389868585,0.999958657612097
0.667,0.41000000000000003,x,beta,1.6850585364264175,1.3959778922613657,0.9997967990484634
0.667,0.41000000000000003,w,no,2.6201913600581532,0.6267760432082261,0.9996748661395288
0.667,0.41000000000000003,w,D,2.206352756012593,0.9655220514834882,0.9999174047949183
0.667,0.41000000000000003,w,mixed,2.0667110541795486,1.3473574739700658,0.9998935242363844
0.667,0.41000000000000003,w,beta,2.3034145371035453,1.5019853850456604,0.9993549207474665
0.667,0.41000000000000003,xw,no,2.613004355744056,0.8543479531850491,0.9999922340854006
0.667,0.41000000000000003,xw,D,2.438666795548045,0.9999999999999999,1.0
0.667,0.41000000000000003,xw,mixed,2.325336496901593,1.3351046095019945,0.9998110506318826
0.667,0.41000000000000003,xw,beta,2.5520149225935955,1.4820199599516655,0.999306778207144
0.667,0.43500000000000005,,no,2.4885976858218966,0.0,0.0
0.667,0.43500000000000005,,D,2.5076062020936205,0.030658043883011778,0.9016027249275433
0.667,0.43500000000000005,,mixed,1.5765195613592915,0.9650232995218775,0.999778833571946
0.667,0.43500000000000005,,beta,1.4813487576508497,1.424578922457246,0.9998367060973045
0.667,0.43500000000000005,x,no,1.6896424760385027,0.7322674601715159,0.9919019082276217
0.667,0.43500000000000005,x,D,2.4591027705531623,0.13827733643918694,0.24370099204392293
0.667,0.43500000000000005,x,mixed,1.8141773072559664,0.9705912789788415,0.9999569852526656
0.667,0.43500000000000005,x,beta,1.7115467990627409,1.392068765745797,0.999804464866877
0.667,0.43500000000000005,w,no,2.703858502824277,0.6309275130862395,0.999556243229935
0.667,0.43500000000000005,w,D,2.2965607990090806,0.9653524614905843,0.99991886116701
0.667,0.43500000000000005,w,mixed,2.1493826599385213,1.338551962028009,0.9999042770396689
0.667,0.43500000000000005,w,beta,2.37905962893612,1.4929841340529335,0.9993939527254045
0.667,0.43500000000000005,xw,no,2.7474980478044677,0.8546660084719979,0.999993164394192
0.667,0.43500000000000005,xw,D,2.56944565882501,0.9999999999999999,1.0
0.667,0.43500000000000005,xw,mixed,2.4469192624005527,1.324425551304432,0.9998284095958833
0.667,0.43500000000000005,xw,beta,2.6638299739828755,1.4706836297528545,0.9993560338841591
0.667,0.46,,no,2.4885976858218966,0.0,0.0
0.667,0.46,,D,2.5076062020936205,0.030658043883011778,0.9016027249275433
0.667,0.46,,mixed,1.5765195613592915,0.9650232995218775,0.999778833571946
0.667,0.46,,beta,1.4813487576508497,1.424578922457246,0.9998367060973045
0.667,0.46,x,no,1.714610692698537,0.7497803579517246,0.9931714407315541
0.667,0.46,x,D,2.3491401982304554,0.1852693386219683,0.31782484545962963
0.667,0.46,x,mixed,1.844678440469732,0.9698635130187623,0.9999554853983879
0.667,0.46,x,beta,1.7390552652041562,1.3881149982962433,0.9998119458234833
0.667,0.46,w,no,2.783407573417788,0.6354616167738744,0.999429899831444
0.667,0.46,w,D,2.383818952123574,0.965197502101755,0.999920229159723
0.667,0.46,w,mixed,2.2293343095357128,1.3304273395282147,0.9999138162551674
0.667,0.46,w,beta,2.4521458548817474,1.4846115712565064,0.9994293128280086
0.667,0.46,xw,no,2.8796110618582587,0.8552654878764527,0.9999918813139294
0.667,0.46,xw,D,2.6989798140799515,0.9999999999999999,1.0
0.667,0.46,xw,mixed,2.5674277134300567,1.3145191093640691,0.9998439045369114
0.667,0.46,xw,beta,2.774670329385734,1.46003065942951,0.9994006656688775
0.667,0.48500000000000004,,no,2.4885976858218966,0.0,0.0
0.667,0.48500000000000004,,D,2.5076062020936205,0.030658043883011778,0.9016027249275433
0.667,0.48500000000000004,,mixed,1.5765195613592915,0.9650232995218775,0.999778833571946
0.667,0.48500000000000004,,beta,1.4813487576508497,1.424578922457246,0.9998367060973045
0.667,0.48500000000000004,x,no,1.742792192584284,0.7653136134679153,0.9942177029719388
0.667,0.48500000000000004,x,D,2.2405213365463252,0.2335349988374062,0.3858895521308163
0.667,0.48500000000000004,x,mixed,1.8762037638182216,0.9692119128055233,0.9999541620310236
0.667,0.48500000000000004,x,beta,1.7675492973630087,1.3841262239867722,0.9998192363608343
0.667,0.48500000000000004,w,no,2.859349131741884,0.6402802099141165,0.999301860811158
0.667,0.48500000000000004,w,D,2.468397406921039,0.965056235532111,0.9999215190715104
0.667,0.48500000000000004,w,mixed,2.306842174744622,1.3228933346722396,0.9999222977378166
0.667,0.48500000000000004,w,beta,2.5229535924591238,1.4767859753645873,0.9994614919162986
0.667,0.48500000000000004,xw,no,3.0094681488005923,0.8561066456604668,0.9999884724313685
0.667,0.48500000000000004,xw,D,2.8273491120477927,0.9999999999999999,1.0
0.667,0.48500000000000004,xw,mixed,2.686982657778217,1.3052952039543877,0.999857743585489
0.667,0.48500000000000004,xw,beta,2.884685795944039,1.4499851481149666,0.9994412179945831
0.667,0.51,,no,2.4885976858218966,0.0,0.0
0.667,0.51,,D,2.5076062020936205,0.030658043883011778,0.9016027249275433
0.667,0.51,,mixed,1.5765195613592915,0.9650232995218775,0.999778833571946
0.667,0.51,,beta,1.4813487576508497,1.424578922457246,0.9998367060973045
0.667,0.51,x,no,1.7737232350022245,0.7791342870342065,0.9950816744211571
0.667,0.51,x,D,2.1366055655435607,0.2819410414286473,0.4480697392476277
0.667,0.51,x,mixed,1.9087161960023296,0.9686343631920924,0.9999530164453039
0.667,0.51,x,beta,1.7969938908668202,1.3801115971210294,0.9998263319832287
0.667,0.51,w,no,2.932125241224926,0.6453046671485722,0.9991765196937534
0.667,0.51,w,D,2.5505374474225704,0.9649280024569429,0.9999227405234854
0.667,0.51,w,mixed,2.3821479527160285,1.3158755861615699,0.9999298557737134
0.667,0.51,w,beta,2.5917245200435266,1.4694399511337102,0.9994908974448751
0.667,0.51,xw,no,3.137196678788991,0.857153708172077,0.9999831239846315
0.667,0.51,xw,D,2.954621947901521,0.9999999999999999,1.0
0.667,0.51,xw,mixed,2.8056806508807743,1.296678635037845,0.9998701153738564
0.667,0.51,xw,beta,2.993993350355773,1.4404843106489869,0.9994781560202404
0.7075,0.01,,no,2.4885976858218966,0.0,0.0
0.7075,0.01,,D,2.521085226929896,0.028075934790822616,0.8969964218474962
0.7075,0.01,,mixed,1.6589899801477814,0.9688323290889417,0.9998245097723132
0.7075,0.01,,beta,1.6290588499215533,1.4175378651385042,0.9998275209967059
0.7075,0.01,x,no,2.2333847135937526,0.007178947683636055,0.9471374768779656
0.7075,0.01,x,D,2.327827466934507,0.06815242179022772,0.8928612702850027
0.7075,0.01,x,mixed,1.5720590389239792,0.9948077118596871,0.9999957945130289
0.7075,0.01,x,beta,1.5747621977345776,1.4339515855021956,0.9996694132259486
0.7075,0.01,w,no,0.3803589079890911,0.11562648124312894,0.7858808859751071
0.7075,0.01,w,D,0.37822890804000836,0.120026140365881,0.7727752633495645
0.7075,0.01,w,mixed,0.05888068345208533,1.8817118280346938,0.9895820374423184
0.7075,0.01,w,beta,0.056152848690466786,2.648936958565908,0.9993495006366242
0.7075,0.01,xw,no,0.06690004353164747,0.9965292080398417,0.9999990093629337
0.7075,0.01,xw,D,0.0666575490861934,1.0,1.0
0.7075,0.01,xw,mixed,0.04784808095062498,1.9880668419876084,0.9999986067717633
0.7075,0.01,xw,beta,0.0541916677254452,2.665693789483091,0.9994122134063733
0.7075,0.035,,no,2.4885976858218966,0.0,0.0
0.7075,0.035,,D,2.521085226929896,0.028075934790822616,0.8969964218474962
0.7075,0.035,,mixed,1.6589899801477814,0.9688323290889417,0.9998245097723132
0.7075,0.035,,beta,1.6290588499215533,1.4175378651385042,0.9998275209967059
0.7075,0.035,x,no,2.1987107237807066,0.03578309682629985,0.9298368550663707
0.7075,0.035,x,D,2.3419394671848157,0.06629987414746279,0.8890577426255638
0.7075,0.035,x,mixed,1.5799247055139012,0.9931814230376531,0.9999944285406434
0.7075,0.035,x,beta,1.5807488155120757,1.432498457070194,0.9996769559690933
0.7075,0.035,w,no,0.25508448606799683,0.9661075176483542,0.9973640283013305
0.7075,0.035,w,D,0.24035922601832277,0.9850117774378201,0.999173712111219
0.7075,0.035,w,mixed,0.1921091330234817,1.8772266388874743,0.9999249925492543
0.7075,0.035,w,beta,0.3382017521796992,2.116799406035572,0.9978164834994738
0.7075,0.035,xw,no,0.24057045278203712,0.9674003860002639,0.9999341333368272
0.7075,0.035,xw,D,0.23294625934521293,0.9999999999999999,1.0
0.7075,0.035,xw,mixed,0.18670382549580075,1.8906189607374824,0.9999049415902573
0.7075,0.035,xw,beta,0.33121976712766343,2.1267742815916697,0.9977071676376439
0.7075,0.060000000000000005,,no,2.4885976858218966,0.0,0.0
0.7075,0.060000000000000005,,D,2.521085226929896,0.028075934790822616,0.8969964218474962
0.7075,0.060000000000000005,,mixed,1.6589899801477814,0.9688323290889417,0.9998245097723132
0.7075,0.060000000000000005,,beta,1.6290588499215533,1.4175378651385042,0.9998275209967059
0.7075,0.060000000000000005,x,no,2.1424813038388884,0.07751833658457281,0.9246036187601794
0.7075,0.060000000000000005,x,D,2.358208901470515,0.06462404500095979,0.8851115079996745
0.7075,0.060000000000000005,x,mixed,1.5891906450042406,0.9915763251973294,0.9999928982724781
0.7075,0.060000000000000005,x,beta,1.5880962041979856,1.4308545456554986,0.9996846346797161
0.7075,0.060000000000000005,w,no,0.4949377805918643,0.8511742961341381,0.9972215043095374
0.7075,0.060000000000000005,w,D,0.41183735908325203,0.9822192255328182,0.9999739438841915
0.7075,0.060000000000000005,w,mixed,0.36428365585139416,1.766046889473807,0.9997895592587851
0.7075,0.060000000000000005,w,beta,0.6205028952407274,1.9217211023132124,0.9977503642934961
0.7075,0.060000000000000005,xw,no,0.4220607158881493,0.9350744108662207,0.999836013818719
0.7075,0.060000000000000005,xw,D,0.3980893630778563,0.9999999999999999,1.0
0.7075,0.060000000000000005,xw,mixed,0.3540445582359841,1.7808645900346656,0.9997115358478414
0.7075,0.060000000000000005,xw,beta,0.6094127518689079,1.931046286859027,0.9975801920428479
0.7075,0.085,,no,2.4885976858218966,0.0,0.0
0.7075,0.085,,D,2.521085226929896,0.028075934790822616,0.8969964218474962
0.7075,0.085,,mixed,1.6589899801477814,0.9688323290889417,0.9998245097723132
0.7075,0.085,,beta,1.6290588499215533,1.4175378651385042,0.9998275209967059
0.7075,0.085,x,no,2.07199621862695,0.1292139792999369,0.9258010832041844
0.7075,0.085,x,D,2.3766195673318355,0.06313313419455976,0.8810616852530049
0.7075,0.085,x,mixed,1.5998457738029694,0.9899983673488388,0.9999912210436245
0.7075,0.085,x,beta,1.5967942630406928,1.4290263137866346,0.9996924210653753
0.7075,0.085,w,no,0.7382933267104439,0.7736016858273292,0.9974337749524205
0.7075,0.085,w,D,0.5850488412287765,0.9753510748350801,0.9999279867320497
0.7075,0.085,w,mixed,0.5449446215762365,1.6793110334633254,0.9996920528276076
0.7075,0.085,w,beta,0.8628472218052805,1.8165739113450732,0.9979499885520206
0.7075,0.085,xw,no,0.6029834507005212,0.9119847490438283,0.9998230570753915
0.7075,0.085,xw,D,0.5613953481012902,1.0,1.0
0.7075,0.085,xw,mixed,0.5321218488043642,1.6935521518345924,0.9995718080949686
0.7075,0.085,xw,beta,0.8509669393678382,1.8247593917382605,0.9977612767562964
0.7075,0.11,,no,2.4885976858218966,0.0,0.0
0.7075,0.11,,D,2.521085226929896,0.028075934790822616,0.8969964218474962
0.7075,0.11,,mixed,1.6589899801477814,0.9688323290889417,0.9998245097723132
0.7075,0.11,,beta,1.6290588499215533,1.4175378651385042,0.9998275209967059
0.7075,0.11,x,no,1.994900269710487,0.187404790057993,0.9306225246608613
0.7075,0.11,x,D,2.397152237236715,0.061835262665990494,0.8769581443668865
0.7075,0.11,x,mixed,1.6118773029100348,0.9884532292266192,0.9999894162424872
0.7075,0.11,x,beta,1.606830846720002,1.4270209212942506,0.9997002880946763
0.7075,0.11,w,no,0.9653560677826897,0.7230622001000397,0.9972666228463906
0.7075,0.11,w,D,0.7494731713165291,0.9738068491269289,0.9999169672911119
0.7075,0.11,w,mixed,0.7209928423350337,1.6142017507301092,0.9996510143553881
0.7075,0.11,w,beta,1.0713755560201461,1.7484877143028363,0.9981759894700336
0.7075,0.11,xw,no,0.7791965691068353,0.8967699247605992,0.9998554199800777
0.7075,0.11,xw,D,0.7223409234431262,0.9999999999999999,1.0
0.7075,0.11,xw,mixed,0.708953558097113,1.626995554669182,0.9995093308557184
0.7075,0.11,xw,beta,1.0620061920038106,1.7552851451251748,0.997985578427442
0.7075,0.135,,no,2.4885976858218966,0.0,0.0
0.7075,0.135,,D,2.521085226929896,0.028075934790822616,0.8969964218474962
0.7075,0.135,,mixed,1.6589899801477814,0.9688323290889417,0.9998245097723132
0.7075,0.135,,beta,1.6290588499215533,1.4175378651385042,0.9998275209967059
0.7075,0.135,x,no,1.9180364222838193,0.2487396017733024,0.9373597370674174
0.7075,0.135,x,D,2.4205714726202636,0.06045663242136516,0.8692963260210148
0.7075,0.135,x,mixed,1.6252707586390298,0.9869462673448067,0.9999875048906325
0.7075,0.135,x,beta,1.6181918247192713,1.4248461457917714,0.9997082101229527
0.7075,0.135,w,no,1.1764006475048505,0.6872720443957495,0.9975069909223346
0.7075,0.135,w,D,0.9073660350805213,0.9727786767627308,0.9999163767488957
0.7075,0.135,w,mixed,0.8874942118466534,1.5643266047504594,0.9996497394305236
0.7075,0.135,w,beta,1.253754390691412,1.6997337622971684,0.9983794893767082
0.7075,0.135,xw,no,0.9503097099012299,0.8863550618799041,0.999888942455331
0.7075,0.135,xw,D,0.8805883290515579,1.0,1.0
0.7075,0.135,xw,mixed,0.8797972466986745,1.5753448667009298,0.9994983256818559
0.7075,0.135,xw,beta,1.2501096510367924,1.7049488594243074,0.9981956980786398
0.7075,0.16000000000000003,,no,2.4885976858218966,0.0,0.0
0.7075,0.16000000000000003,,D,2.521085226929896,0.028075934790822616,0.8969964218474962
0.7075,0.16000000000000003,,mixed,1.6589899801477814,0.9688323290889417,0.9998245097723132
0.7075,0.16000000000000003,,beta,1.6290588499215533,1.4175378651385042,0.9998275209967059
0.7075,0.16000000000000003,x,no,1.8467003554387138,0.310315440587399,0.9448703400922317
0.7075,0.16000000000000003,x,D,2.454667077912086,0.05616068954139336,0.8168169613918547
0.7075,0.16000000000000003,x,mixed,1.640010009196887,0.98548246705929,0.9999855091915512
0.7075,0.16000000000000003,x,beta,1.6308611445151286,1.4225103009750961,0.9997161629817914
0.7075,0.16000000000000003,w,no,1.3701481067356223,0.6619703345737072,0.9979716644461707
0.7075,0.16000000000000003,w,D,1.058429076358434,0.9719408791592177,0.9999166209928039
0.7075,0.16000000000000003,w,mixed,1.0431777336783037,1.525076440356802,0.9996681062983945
0.7075,0.16000000000000003,w,beta,1.41582656632486,1.662531125591035,0.9985528981574887
0.7075,0.16000000000000003,xw,no,1.1170333883374977,0.8787151473530685,0.9999122393449015
0.7075,0.16000000000000003,xw,D,1.035972520856283,0.9999999999999999,1.0
0.7075,0.16000000000000003,xw,mixed,1.0434484428755306,1.5341270326926386,0.9995151787026536
0.7075,0.16000000000000003,xw,beta,1.4210235728868157,1.6660019580562817,0.998380301232062
0.7075,0.18500000000000003,,no,2.4885976858218966,0.0,0.0
0.7075,0.18500000000000003,,D,2.521085226929896,0.028075934790822616,0.8969964218474962
0.7075,0.18500000000000003,,mixed,1.6589899801477814,0.9688323290889417,0.9998245097723132
0.7075,0.18500000000000003,,beta,1.6290588499215533,1.4175378651385042,0.9998275209967059
0.7075,0.18500000000000003,x,no,1.78438496496439,0.36987780949401333,0.9523938570702424
0.7075,0.18500000000000003,x,D,2.5065187745056097,0.04625804324955561,0.6452025011214166
0.7075,0.18500000000000003,x,mixed,1.65607729821512,0.9840664012231838,0.9999834520634034
0.7075,0.18500000000000003,x,beta,1.6448209088771342,1.4200221508113324,0.9997241240355562
0.7075,0.18500000000000003,w,no,1.547060200338995,0.6442963898060556,0.9984900813375871
0.7075,0.18500000000000003,w,D,1.2024681201652685,0.9712554852208468,0.999917429151924
0.7075,0.18500000000000003,w,mixed,1.1883548929471923,1.4933738076715157,0.9996944286619547
0.7075,0.18500000000000003,w,beta,1.5618518807944028,1.632865060899182,0.9986988294686462
0.7075,0.18500000000000003,xw,no,1.2800562358447014,0.8727779638188297,0.9999270365868758
0.7075,0.18500000000000003,xw,D,1.1884696239322035,1.0,1.0
0.7075,0.18500000000000003,xw,mixed,1.200140427266122,1.5003451782845798,0.9995452299279799
0.7075,0.18500000000000003,xw,beta,1.578899796446943,1.634458763475805,0.9985397893104708
0.7075,0.21000000000000002,,no,2.4885976858218966,0.0,0.0
0.7075,0.21000000000000002,,D,2.521085226929896,0.028075934790822616,0.8969964218474962
0.7075,0.21000000000000002,,mixed,1.6589899801477814,0.9688323290889417,0.9998245097723132
0.7075,0.21000000000000002,,beta,1.6290588499215533,1.4175378651385042,0.9998275209967059
0.7075,0.21000000000000002,x,no,1.7329293166298174,0.4258740221772952,0.9594601003875713
0.7075,0.21000000000000002,x,D,2.5722203643281665,0.03192800083667227,0.35386055916473247
0.7075,0.21000000000000002,x,mixed,1.6734532847500023,0.9827021963544039,0.9999813566708802
0.7075,0.21000000000000002,x,beta,1.6600514596330316,1.4173908235302863,0.9997320722086807
0.7075,0.21000000000000002,w,no,1.7084739537012306,0.6322405664400869,0.9989629408282445
0.7075,0.21000000000000002,w,D,1.3395854354699108,0.9706889833671888,0.9999185841909859
0.7075,0.21000000000000002,w,mixed,1.3239064497337278,1.4671765618163255,0.9997227264202404
0.7075,0.21000000000000002,w,beta,1.6949594477415089,1.6084307884401217,0.9988218286323491
0.7075,0.21000000000000002,xw,no,1.4398083363111522,0.868013316561051,0.9999371347515685
0.7075,0.21000000000000002,xw,D,1.338158527502337,1.0,1.0
0.7075,0.21000000000000002,xw,mixed,1.3506123612648648,1.472009130966558,0.9995803378732449
0.7075,0.21000000000000002,xw,beta,1.7267519397426714,1.608040732595462,0.9986773814308776
0.7075,0.23500000000000001,,no,2.4885976858218966,0.0,0.0
0.7075,0.23500000000000001,,D,2.521085226929896,0.028075934790822616,0.8969964218474962
0.7075,0.23500000000000001,,mixed,1.6589899801477814,0.9688323290889417,0.9998245097723132
0.7075,0.23500000000000001,,beta,1.6290588499215533,1.4175378651385042,0.9998275209967059
0.7075,0.23500000000000001,x,no,1.692883785829194,0.4773934716147837,0.9658175453846274
0.7075,0.23500000000000001,x,D,2.644921301236073,0.01542099107348088,0.085780207329335
0.7075,0.23500000000000001,x,mixed,1.6921170923274342,0.9813935059603461,0.9999792459706888
0.7075,0.23500000000000001,x,beta,1.67653147515075,1.4146257244062594,0.9997399879879123
0.7075,0.23500000000000001,w,no,1.8560087982003475,0.6243795199085004,0.9993434972317402
0.7075,0.23500000000000001,w,D,1.4700743964504703,0.9702139278141558,0.9999199271704903
0.7075,0.23500000000000001,w,mixed,1.4508562764767232,1.445101850121195,0.9997501750368005
0.7075,0.23500000000000001,w,beta,1.8174919006339032,1.5877999665265679,0.9989261990792775
0.7075,0.23500000000000001,xw,no,1.5965069127240052,0.8641568370763918,0.9999453937729081
0.7075,0.23500000000000001,xw,D,1.4851842769131876,0.9999999999999999,1.0
0.7075,0.23500000000000001,xw,mixed,1.4957193649041602,1.4477718630536947,0.9996162181100489
0.7075,0.23500000000000001,xw,beta,1.8668030105804867,1.5853425993352819,0.998796580230136
0.7075,0.26,,no,2.4885976858218966,0.0,0.0
0.7075,0.26,,D,2.521085226929896,0.028075934790822616,0.8969964218474962
0.7075,0.26,,mixed,1.6589899801477814,0.9688323290889417,0.9998245097723132
0.7075,0.26,,beta,1.6290588499215533,1.4175378651385042,0.9998275209967059
0.7075,0.26,x,no,1.66392946639823,0.5240424316876929,0.9713685691786489
0.7075,0.26,x,D,2.7200991052282477,-0.001819387239516149,0.0010785958484594849
0.7075,0.26,x,mixed,1.712046364704865,0.9801434920671539,0.9999771422839306
0.7075,0.26,x,beta,1.694238071705588,1.4117364516963353,0.9997478534038238
0.7075,0.26,w,no,1.9912943288818472,0.6196881308578047,0.9996180711257615
0.7075,0.26,w,D,1.594337051936006,0.9698088985035659,0.9999213494075742
0.7075,0.26,w,mixed,1.570199312839534,1.4261887369775823,0.9997755760700624
0.7075,0.26,w,beta,1.9312402478155666,1.5700345627226322,0.99901551975485
0.7075,0.26,xw,no,1.7502467214759818,0.8610645004518899,0.9999533562669177
0.7075,0.26,xw,D,1.629727855779872,1.0,1.0
0.7075,0.26,xw,mixed,1.6362766608206265,1.4266984320308562,0.999650727863614
0.7075,0.26,xw,beta,2.0007206526501764,1.5654468235611354,0.9989004806167503
0.7075,0.28500000000000003,,no,2.4885976858218966,0.0,0.0
0.7075,0.28500000000000003,,D,2.521085226929896,0.028075934790822616,0.8969964218474962
0.7075,0.28500000000000003,,mixed,1.6589899801477814,0.9688323290889417,0.9998245097723132
0.7075,0.28500000000000003,,beta,1.6290588499215533,1.4175378651385042,0.9998275209967059
0.7075,0.28500000000000003,x,no,1.6452423431928471,0.5658008429301622,0.976114244996868
0.7075,0.28500000000000003,x,D,2.7928453459189693,-0.018286032774200024,0.08951945452157695
0.7075,0.28500000000000003,x,mixed,1.7332173368262556,0.978954812208923,0.9999750669068725
0.7075,0.28500000000000003,x,beta,1.7131469155740846,1.4087327144866388,0.9997556519958527
0.7075,0.28500000000000003,w,no,2.115851916793662,0.6174148089938685,0.9997914868784162
0.7075,0.28500000000000003,w,D,1.7128256125970123,0.9694577234134358,0.9999227809136254
0.7075,0.28500000000000003,w,mixed,1.682839228491331,1.409752034138483,0.9997985368109612
0.7075,0.28500000000000003,w,beta,2.037597172978142,1.5544909546315475,0.9990926428078836
0.7075,0.28500000000000003,xw,no,1.9010697456648218,0.8586437005543224,0.9999615185207865
0.7075,0.28500000000000003,xw,D,1.771983737823603,0.9999999999999999,1.0
0.7075,0.28500000000000003,xw,mixed,1.7730047392154649,1.408123204120232,0.9996828839145762
0.7075,0.28500000000000003,xw,beta,2.129767971492225,1.5477287875075325,0.9989916446755777
0.7075,0.31000000000000005,,no,2.4885976858218966,0.0,0.0
0.7075,0.31000000000000005,,D,2.521085226929896,0.028075934790822616,0.8969964218474962
0.7075,0.31000000000000005,,mixed,1.6589899801477814,0.9688323290889417,0.9998245097723132
0.7075,0.31000000000000005,,beta,1.6290588499215533,1.4175378651385042,0.9998275209967059
0.7075,0.31000000000000005,x,no,1.6357624882930888,0.6028914304449099,0.9801118663693753
0.7075,0.31000000000000005,x,D,2.8155552385936176,-0.01911031695380822,0.07664284251035669
0.7075,0.31000000000000005,x,mixed,1.7556048865949472,0.9778296229609582,0.9999730397694533
0.7075,0.31000000000000005,x,beta,1.7332323378822285,1.4056242558006236,0.9997633687648746
0.7075,0.31000000000000005,w,no,2.2310505343965708,0.616999276653996,0.9998774959319595
0.7075,0.31000000000000005,w,D,1.8260041344401656,0.9691484280010629,0.9999241794060426
0.7075,0.31000000000000005,w,mixed,1.7895724359350527,1.3952914323603418,0.9998190475568142
0.7075,0.31000000000000005,w,beta,2.1376672809924524,1.5407104697537326,0.9991598107905896
0.7075,0.31000000000000005,xw,no,2.0490070859252185,0.856822920183301,0.9999697091820909
0.7075,0.31000000000000005,xw,D,1.912144676515465,0.9999999999999999,1.0
0.7075,0.31000000000000005,xw,mixed,1.9065171529583518,1.3915608971937605,0.9997123207710787
0.7075,0.31000000000000005,xw,beta,2.2549190062163826,1.5317463202552555,0.9990721456918313
0.7075,0.335,,no,2.4885976858218966,0.0,0.0
0.7075,0.335,,D,2.521085226929896,0.028075934790822616,0.8969964218474962
0.7075,0.335,,mixed,1.6589899801477814,0.9688323290889417,0.9998245097723132
0.7075,0.335,,beta,1.6290588499215533,1.4175378651385042,0.9998275209967059
0.7075,0.335,x,no,1.634370033861158,0.6356753521800261,0.983445365349797
0.7075,0.335,x,D,2.7853598554716443,-0.0032710964748286814,0.001202648116961469
0.7075,0.335,x,mixed,1.7791826460175386,0.9767695737220857,0.9999710791484736
0.7075,0.335,x,beta,1.754467472264767,1.40242077518212,0.9997709901169337
0.7075,0.335,w,no,2.3380979625673746,0.6180176704861936,0.999892980460908
0.7075,0.335,w,D,1.9343249964308273,0.968872277751897,0.9999255214612115
0.7075,0.335,w,mixed,1.8910913194087586,1.3824336926192795,0.9998372679359856
0.7075,0.335,w,beta,2.232338636689624,1.5283567492562389,0.9992187846751118
0.7075,0.335,xw,no,2.19410004318457,0.8555394621296664,0.9999774242855678
0.7075,0.335,xw,D,2.05039236722328,1.0,1.0
0.7075,0.335,xw,mixed,2.0373258236161176,1.3766499389131206,0.9997389950722874
0.7075,0.335,xw,beta,2.376928948306568,1.5171778737359887,0.9991436519372991
0.7075,0.36000000000000004,,no,2.4885976858218966,0.0,0.0
0.7075,0.36000000000000004,,D,2.521085226929896,0.028075934790822616,0.8969964218474962
0.7075,0.36000000000000004,,mixed,1.6589899801477814,0.9688323290889417,0.9998245097723132
0.7075,0.36000000000000004,,beta,1.6290588499215533,1.4175378651385042,0.9998275209967059
0.7075,0.36000000000000004,x,no,1.639987614607248,0.6645769903631789,0.9862065553417425
0.7075,0.36000000000000004,x,D,2.719164501420567,0.024374772338155954,0.03289282906107671
0.7075,0.36000000000000004,x,mixed,1.803923072482699,0.9757758229148157,0.9999692014398824
0.7075,0.36000000000000004,x,beta,1.7768243661855712,1.399131866789132,0.9997785038012842
0.7075,0.36000000000000004,w,no,2.4380482236702457,0.62014519984666,0.9998547195022364
0.7075,0.36000000000000004,w,D,2.03821571436257,0.9686229554510535,0.9999267959887893
0.7075,0.36000000000000004,w,mixed,1.9879944070206328,1.37089500628976,0.9998534207388395
0.7075,0.36000000000000004,w,beta,2.3223351781377635,1.5171768443645381,0.9992709532292195
0.7075,0.36000000000000004,xw,no,2.3364082877272594,0.8547351252473866,0.9999840736699438
0.7075,0.36000000000000004,xw,D,2.186892455873151,0.9999999999999999,1.0
0.7075,0.36000000000000004,xw,mixed,2.1658527267340917,1.363115529106115,0.9997630248132514
0.7075,0.36000000000000004,xw,beta,2.496388177791481,1.5037835963333779,0.9992075088457646
0.7075,0.385,,no,2.4885976858218966,0.0,0.0
0.7075,0.385,,D,2.521085226929896,0.028075934790822616,0.8969964218474962
0.7075,0.385,,mixed,1.6589899801477814,0.9688323290889417,0.9998245097723132
0.7075,0.385,,beta,1.6290588499215533,1.4175378651385042,0.9998275209967059
0.7075,0.385,x,no,1.6516325550965365,0.6900340535463229,0.9884843622134591
0.7075,0.385,x,D,2.6292861393744484,0.06048248355589293,0.11110510875820634
0.7075,0.385,x,mixed,1.8297975498932404,0.974849052728901,0.9999674209921058
0.7075,0.385,x,beta,1.8002741218822145,1.3957669552907126,0.9997858988453577
0.7075,0.385,w,no,2.5318157157747385,0.6231302448477798,0.9997777779784848
0.7075,0.385,w,D,2.1380724637892965,0.9683959164062843,0.9999279996676785
0.7075,0.385,w,mixed,2.0807987776327654,1.3604557549492984,0.9998677405982019
0.7075,0.385,w,beta,2.408254167790838,1.5069764630492608,0.9993174193018509
0.7075,0.385,xw,no,2.47601097509274,0.8543550907515017,0.9999891354265298
0.7075,0.385,xw,D,2.3217925388527036,0.9999999999999999,1.0
0.7075,0.385,xw,mixed,2.292443066743283,1.3507449840868768,0.9997846021411244
0.7075,0.385,xw,beta,2.6137608758673703,1.4913806801504415,0.9992648082206356
0.7075,0.41000000000000003,,no,2.4885976858218966,0.0,0.0
0.7075,0.41000000000000003,,D,2.521085226929896,0.028075934790822616,0.8969964218474962
0.7075,0.41000000000000003,,mixed,1.6589899801477814,0.9688323290889417,0.9998245097723132
0.7075,0.41000000000000003,,beta,1.6290588499215533,1.4175378651385042,0.9998275209967059
0.7075,0.41000000000000003,x,no,1.668434707754468,0.7124682359463944,0.990359408916958
0.7075,0.41000000000000003,x,D,2.5252093652631937,0.10248442967634402,0.19631208916983223
0.7075,0.41000000000000003,x,mixed,1.8567764924357564,0.9739894905118421,0.9999657500000175
0.7075,0.41000000000000003,x,beta,1.824787025000058,1.3923352428273132,0.9997931654887381
0.7075,0.41000000000000003,w,no,2.6201913600581532,0.6267760432082261,0.9996748661395288
0.7075,0.41000000000000003,w,D,2.234257796564363,0.9681878996186665,0.9999291338656257
0.7075,0.41000000000000003,w,mixed,2.1699511162655534,1.350943508933587,0.9998804505068958
0.7075,0.41000000000000003,w,beta,2.4905936387495817,1.4976036269342796,0.9993590658110693
0.7075,0.41000000000000003,xw,no,2.613004355744056,0.8543479531850491,0.9999922340854006
0.7075,0.41000000000000003,xw,D,2.4552220840513748,0.9999999999999999,1.0
0.7075,0.41000000000000003,xw,mixed,2.4173778236128145,1.3393709298133516,0.999803946425953
0.7075,0.41000000000000003,xw,beta,2.729413587587197,1.4798271151324427,0.9993164432430498
0.7075,0.43500000000000005,,no,2.4885976858218966,0.0,0.0
0.7075,0.43500000000000005,,D,2.521085226929896,0.028075934790822616,0.8969964218474962
0.7075,0.43500000000000005,,mixed,1.6589899801477814,0.9688323290889417,0.9998245097723132
0.7075,0.43500000000000005,,beta,1.6290588499215533,1.4175378651385042,0.9998275209967059
0.7075,0.43500000000000005,x,no,1.6896424760385027,0.7322674601715159,0.9919019082276217
0.7075,0.43500000000000005,x,D,2.414272505347306,0.14835764576350213,0.27757586471368856
0.7075,0.43500000000000005,x,mixed,1.8848294549457778,0.9731969344777186,0.9999641984570702
0.7075,0.43500000000000005,x,beta,1.8503326867012704,1.388845658902206,0.9998002951176975
0.7075,0.43500000000000005,w,no,2.703858502824277,0.6309275130862395,0.999556243229935
0.7075,0.43500000000000005,w,D,2.327100853784069,0.9679965652004842,0.9999302026144962
0.7075,0.43500000000000005,w,mixed,2.2558387786500185,1.342220882802199,0.9998917523285605
0.7075,0.43500000000000005,w,beta,2.5697728636636206,1.4889375575208326,0.9993966056460628
0.7075,0.43500000000000005,xw,no,2.7474980478044677,0.8546660084719979,0.999993164394192
0.7075,0.43500000000000005,xw,D,2.58729348973107,0.9999999999999999,1.0
0.7075,0.43500000000000005,xw,mixed,2.5408849356847996,1.3288596093972538,0.9998212794804431
0.7075,0.43500000000000005,xw,beta,2.8436367031488374,1.469010676603839,0.9993631511317113
0.7075,0.46,,no,2.4885976858218966,0.0,0.0
0.7075,0.46,,D,2.521085226929896,0.028075934790822616,0.8969964218474962
0.7075,0.46,,mixed,1.6589899801477814,0.9688323290889417,0.9998245097723132
0.7075,0.46,,beta,1.6290588499215533,1.4175378651385042,0.9998275209967059
0.7075,0.46,x,no,1.714610692698537,0.7497803579517246,0.9931714407315541
0.7075,0.46,x,D,2.301781493082447,0.19657039860229092,0.3525251900290933
0.7075,0.46,x,mixed,1.9139252471169819,0.9724707834670756,0.9999627741613373
0.7075,0.46,x,beta,1.876880174995426,1.3853068202808307,0.9998072802013682
0.7075,0.46,w,no,2.783407573417788,0.6354616167738744,0.999429899831444
0.7075,0.46,w,D,2.4168989666118064,0.9678202308227645,0.9999312113093617
0.7075,0.46,w,mixed,2.338798503852966,1.3341771084398395,0.9999018241969276
0.7075,0.46,w,beta,2.646147841807664,1.4808809275089019,0.9994306193361261
0.7075,0.46,xw,no,2.8796110618582587,0.8552654878764527,0.9999918813139294
0.7075,0.46,xw,D,2.7181037398062453,0.9999999999999999,1.0
0.7075,0.46,xw,mixed,2.6631490951230883,1.319102564933754,0.9998368129983936
0.7075,0.46,xw,beta,2.956660937906564,1.4588412615264392,0.9994055459102126
0.7075,0.48500000000000004,,no,2.4885976858218966,0.0,0.0
0.7075,0.48500000000000004,,D,2.521085226929896,0.028075934790822616,0.8969964218474962
0.7075,0.48500000000000004,,mixed,1.6589899801477814,0.9688323290889417,0.9998245097723132
0.7075,0.48500000000000004,,beta,1.6290588499215533,1.4175378651385042,0.9998275209967059
0.7075,0.48500000000000004,x,no,1.742792192584284,0.7653136134679153,0.9942177029719388
0.7075,0.48500000000000004,x,D,2.19180791675774,0.24580712475228209,0.4206225240596144
0.7075,0.48500000000000004,x,mixed,1.9440320525817396,0.9718100693062174,0.9999614827698299
0.7075,0.48500000000000004,x,beta,1.9043981467246907,1.3817269968460644,0.9998141142302188
0.7075,0.48500000000000004,w,no,2.859349131741884,0.6402802099141165,0.999301860811158
0.7075,0.48500000000000004,w,D,2.5039199633817324,0.9676576799142199,0.9999321658919494
0.7075,0.48500000000000004,w,mixed,2.419124123168989,1.3267218599099955,0.999910821159568
0.7075,0.48500000000000004,w,beta,2.7200231781093587,1.4733543376744853,0.9994615835709812
0.7075,0.48500000000000004,xw,no,3.0094681488005923,0.8561066456604668,0.9999884724313685
0.7075,0.48500000000000004,xw,D,2.8477362999019937,0.9999999999999999,1.0
0.7075,0.48500000000000004,xw,mixed,2.78431920311871,1.3100108125305634,0.9998507427279757
0.7075,0.48500000000000004,xw,beta,3.068669880625061,1.4492454895713638,0.9994441435291739
0.7075,0.51,,no,2.4885976858218966,0.0,0.0
0.7075,0.51,,D,2.521085226929896,0.028075934790822616,0.8969964218474962
0.7075,0.51,,mixed,1.6589899801477814,0.9688323290889417,0.9998245097723132
0.7075,0.51,,beta,1.6290588499215533,1.4175378651385042,0.9998275209967059
0.7075,0.51,x,no,1.7737232350022245,0.7791342870342065,0.9950816744211571
0.7075,0.51,x,D,2.0872544967741096,0.294993513122588,0.48203702609668697
0.7075,0.51,x,mixed,1.9751175496778954,0.9712134915824128,0.9999603278944497
0.7075,0.51,x,beta,1.9328549784506301,1.378114083539399,0.9998207916571475
0.7075,0.51,w,no,2.932125241224926,0.6453046671485722,0.9991765196937534
0.7075,0.51,w,D,2.588404752251833,0.9675080244739322,0.999933072352661
0.7075,0.51,w,mixed,2.4970729771529805,1.3197807280587956,0.9999188772091615
0.7075,0.51,w,beta,2.7916613319611647,1.4662922982493876,0.9994898929144395
0.7075,0.51,xw,no,3.137196678788991,0.857153708172077,0.9999831239846315
0.7075,0.51,xw,D,2.9762630329121125,0.9999999999999999,1.0
0.7075,0.51,xw,mixed,2.9045159554132085,1.3015103062108198,0.9998632463284678
0.7075,0.51,xw,beta,3.1798093631757496,1.4401628759064886,0.9994793811759076
0.748,0.01,,no,2.4885976858218966,0.0,0.0
0.748,0.01,,D,2.5330312392058127,0.025783804598145173,0.8928205230326519
0.748,0.01,,mixed,1.7421896781368873,0.9720551550428815,0.999859014453573
0.748,0.01,,beta,1.7814710304160284,1.410851410305392,0.9998207914245048
0.748,0.01,x,no,2.2333847135937526,0.007178947683636055,0.9471374768779656
0.748,0.01,x,D,2.3548440926178595,0.06253376511830079,0.8890644297808205
0.748,0.01,x,mixed,1.6600925384580205,0.9953534352939728,0.9999966333995935
0.748,0.01,x,beta,1.729102253121374,1.4253053534494604,0.9996798284078998
0.748,0.01,w,no,0.3803589079890911,0.11562648124312894,0.7858808859751071
0.748,0.01,w,D,0.3782461031388738,0.12000690871581876,0.7724897162134191
0.748,0.01,w,mixed,0.06043054405448484,1.897002371853534,0.9916698085270543
0.748,0.01,w,beta,0.06424381835917166,2.6297783936015278,0.9993325690297575
0.748,0.01,xw,no,0.06690004353164747,0.9965292080398417,0.9999990093629337
0.748,0.01,xw,D,0.06665850892863544,1.0,1.0
0.748,0.01,xw,mixed,0.05058581204066211,1.9880674087935544,0.9999986069025595
0.748,0.01,xw,beta,0.062361082679904714,2.643735065327197,0.9993439918108368
0.748,0.035,,no,2.4885976858218966,0.0,0.0
0.748,0.035,,D,2.5330312392058127,0.025783804598145173,0.8928205230326519
0.748,0.035,,mixed,1.7421896781368873,0.9720551550428815,0.999859014453573
0.748,0.035,,beta,1.7814710304160284,1.410851410305392,0.9998207914245048
0.748,0.035,x,no,2.1987107237807066,0.03578309682629985,0.9298368550663707
0.748,0.035,x,D,2.3678621452314794,0.06082175911777582,0.885199722753295
0.748,0.035,x,mixed,1.6675304357211667,0.9938960104786706,0.9999955368169533
0.748,0.035,x,beta,1.7348599249159222,1.4240326130245828,0.9996864406798388
0.748,0.035,w,no,0.25508448606799683,0.9661075176483542,0.9973640283013305
0.748,0.035,w,D,0.24014520503186684,0.9853744559682931,0.9991699196627858
0.748,0.035,w,mixed,0.20245104007972703,1.87862212100758,0.9999242975869416
0.748,0.035,w,beta,0.3818019442341519,2.096115070233066,0.9977744366200594
0.748,0.035,xw,no,0.24057045278203712,0.9674003860002639,0.9999341333368272
0.748,0.035,xw,D,0.2329866501340499,1.0,1.0
0.748,0.035,xw,mixed,0.19732267413841478,1.8906673655447792,0.9999050151408182
0.748,0.035,xw,beta,0.3747550990196016,2.105038518355954,0.9976686815258439
0.748,0.060000000000000005,,no,2.4885976858218966,0.0,0.0
0.748,0.060000000000000005,,D,2.5330312392058127,0.025783804598145173,0.8928205230326519
0.748,0.060000000000000005,,mixed,1.7421896781368873,0.9720551550428815,0.999859014453573
0.748,0.060000000000000005,,beta,1.7814710304160284,1.410851410305392,0.9998207914245048
0.748,0.060000000000000005,x,no,2.1424813038388884,0.07751833658457281,0.9246036187601794
0.748,0.060000000000000005,x,D,2.382885153683096,0.05925658612206525,0.8811729636707504
0.748,0.060000000000000005,x,mixed,1.6762941646835054,0.992455576565934,0.9999943053281328
0.748,0.060000000000000005,x,beta,1.7419229729947106,1.422593123663246,0.999693193078823
0.748,0.060000000000000005,w,no,0.4949377805918643,0.8511742961341381,0.9972215043095374
0.748,0.060000000000000005,w,D,0.41058268000472564,0.9840760187009879,0.9999792196980943
0.748,0.060000000000000005,w,mixed,0.38366786624550614,1.7677030433488619,0.9997848070993457
0.748,0.060000000000000005,w,beta,0.6913758462815837,1.9053146176360938,0.9977527344613165
0.748,0.060000000000000005,xw,no,0.4220607158881493,0.9350744108662207,0.999836013818719
0.748,0.060000000000000005,xw,D,0.39828514752542454,0.9999999999999999,1.0
0.748,0.060000000000000005,xw,mixed,0.37392628395842925,1.781070974368785,0.9997119099875346
0.748,0.060000000000000005,xw,beta,0.6803686212530713,1.913615510602527,0.9975965371031746
0.748,0.085,,no,2.4885976858218966,0.0,0.0
0.748,0.085,,D,2.5330312392058127,0.025783804598145173,0.8928205230326519
0.748,0.085,,mixed,1.7421896781368873,0.9720551550428815,0.999859014453573
0.748,0.085,,beta,1.7814710304160284,1.410851410305392,0.9998207914245048
0.748,0.085,x,no,2.07199621862695,0.1292139792999369,0.9258010832041844
0.748,0.085,x,D,2.3999015874768355,0.05784490081354498,0.8770163536423967
0.748,0.085,x,mixed,1.686374384330521,0.9910369330452188,0.9999929514463393
0.748,0.085,x,beta,1.7502823268991228,1.4209919742709023,0.9997000622157062
0.748,0.085,w,no,0.7382933267104439,0.7736016858273292,0.9974337749524205
0.748,0.085,w,D,0.5831619582945023,0.9778387295427748,0.9999424269506322
0.748,0.085,w,mixed,0.5735942419266187,1.681236066782089,0.9996809573692897
0.748,0.085,w,beta,0.9540896658069618,1.8028485703648287,0.9979711690211854
0.748,0.085,xw,no,0.6029834507005212,0.9119847490438283,0.9998230570753915
0.748,0.085,xw,D,0.5619213327804616,1.0,1.0
0.748,0.085,xw,mixed,0.5614912183336195,1.6939910421858424,0.9995723746934558
0.748,0.085,xw,beta,0.942376368733218,1.8101327486810923,0.9978016640459192
0.748,0.11,,no,2.4885976858218966,0.0,0.0
0.748,0.11,,D,2.5330312392058127,0.025783804598145173,0.8928205230326519
0.748,0.11,,mixed,1.7421896781368873,0.9720551550428815,0.999859014453573
0.748,0.11,,beta,1.7814710304160284,1.410851410305392,0.9998207914245048
0.748,0.11,x,no,1.994900269710487,0.187404790057993,0.9306225246608613
0.748,0.11,x,D,2.418897691883313,0.05659333603312074,0.8727718548128169
0.748,0.11,x,mixed,1.6977603158459682,0.9896446854540496,0.9999914892367869
0.748,0.11,x,beta,1.7599270985495976,1.4192348141403388,0.999707025484241
0.748,0.11,w,no,0.9653560677826897,0.7230622001000397,0.9972666228463906
0.748,0.11,w,D,0.7478901577157371,0.9763514837888713,0.9999324337619989
0.748,0.11,w,mixed,0.7586506941713929,1.6162422946223518,0.9996377862768152
0.748,0.11,w,beta,1.178647085329695,1.7365938912576548,0.9982045992441299
0.748,0.11,xw,no,0.7791965691068353,0.8967699247605992,0.9998554199800777
0.748,0.11,xw,D,0.7234013358993839,1.0,1.0
0.748,0.11,xw,mixed,0.7472942466711466,1.6277052129396306,0.9995097247549388
0.748,0.11,xw,beta,1.169381575815038,1.7426652918217187,0.9980348005114041
0.748,0.135,,no,2.4885976858218966,0.0,0.0
0.748,0.135,,D,2.5330312392058127,0.025783804598145173,0.8928205230326519
0.748,0.135,,mixed,1.7421896781368873,0.9720551550428815,0.999859014453573
0.748,0.135,,beta,1.7814710304160284,1.410851410305392,0.9998207914245048
0.748,0.135,x,no,1.9180364222838193,0.2487396017733024,0.9373597370674174
0.748,0.135,x,D,2.4405994044322403,0.055244529455543985,0.8648042426119331
0.748,0.135,x,mixed,1.7104397569733194,0.9882832058010841,0.9999899340427229
0.748,0.135,x,beta,1.77084462941354,1.4173277972480922,0.9997140611765061
0.748,0.135,w,no,1.1764006475048505,0.6872720443957495,0.9975069909223346
0.748,0.135,w,D,0.9066512893435377,0.9753445184562035,0.9999314550986246
0.748,0.135,w,mixed,0.9335549839834264,1.5664706103907464,0.9996352846226296
0.748,0.135,w,beta,1.3741263439502152,1.6892018042812755,0.9984095541728014
0.748,0.135,xw,no,0.9503097099012299,0.8863550618799041,0.999888942455331
0.748,0.135,xw,D,0.882388214086547,0.9999999999999999,1.0
0.748,0.135,xw,mixed,0.9263132180547983,1.5763436601056775,0.9994982001688971
0.748,0.135,xw,beta,1.3703852261831402,1.6938890645443594,0.9982464239735142
0.748,0.16000000000000003,,no,2.4885976858218966,0.0,0.0
0.748,0.16000000000000003,,D,2.5330312392058127,0.025783804598145173,0.8928205230326519
0.748,0.16000000000000003,,mixed,1.7421896781368873,0.9720551550428815,0.999859014453573
0.748,0.16000000000000003,,beta,1.7814710304160284,1.410851410305392,0.9998207914245048
0.748,0.16000000000000003,x,no,1.8467003554387138,0.310315440587399,0.9448703400922317
0.748,0.16000000000000003,x,D,2.472125708537369,0.0512206550174956,0.8117536835516257
0.748,0.16000000000000003,x,mixed,1.7243991004528874,0.9869565968959642,0.9999883021884731
0.748,0.16000000000000003,x,beta,1.783020549084674,1.4152775222204002,0.9997211485741573
0.748,0.16000000000000003,w,no,1.3701481067356223,0.6619703345737072,0.9979716644461707
0.748,0.16000000000000003,w,D,1.0591063284856659,0.9745065274605239,0.9999311644024672
0.748,0.16000000000000003,w,mixed,1.0969769483381493,1.5273165352734226,0.999653053411232
0.748,0.16000000000000003,w,beta,1.5472220371717444,1.6530665700842184,0.9985817374221259
0.748,0.16000000000000003,xw,no,1.1170333883374977,0.8787151473530685,0.9999122393449015
0.748,0.16000000000000003,xw,D,1.0386959252070096,1.0,1.0
0.748,0.16000000000000003,xw,mixed,1.0972871737226755,1.5354221649190567,0.9995143080197646
0.748,0.16000000000000003,xw,beta,1.5519799737305358,1.6562257928372135,0.9984289653816689
0.748,0.18500000000000003,,no,2.4885976858218966,0.0,0.0
0.748,0.18500000000000003,,D,2.5330312392058127,0.025783804598145173,0.8928205230326519
0.748,0.18500000000000003,,mixed,1.7421896781368873,0.9720551550428815,0.999859014453573
0.748,0.18500000000000003,,beta,1.7814710304160284,1.410851410305392,0.9998207914245048
0.748,0.18500000000000003,x,no,1.78438496496439,0.36987780949401333,0.9523938570702424
0.748,0.18500000000000003,x,D,2.5197338630483026,0.04214030606374365,0.6412351656925243
0.748,0.18500000000000003,x,mixed,1.7396233575124813,0.985668660941156,0.9999866106684566
0.748,0.18500000000000003,x,beta,1.7964388352250835,1.4130909719238505,0.9997282680168941
0.748,0.18500000000000003,w,no,1.547060200338995,0.6442963898060556,0.9984900813375871
0.748,0.18500000000000003,w,D,1.20498326059728,0.9738079409226235,0.9999313722041855
0.748,0.18500000000000003,w,mixed,1.249250444467245,1.4957054547036763,0.9996791926010821
0.748,0.18500000000000003,w,beta,1.7027259996281876,1.6242707449133313,0.9987253038303994
0.748,0.18500000000000003,xw,no,1.2800562358447014,0.8727779638188297,0.9999270365868758
0.748,0.18500000000000003,xw,D,1.1922668482746777,1.0,1.0
0.748,0.18500000000000003,xw,mixed,1.260485143052422,1.5019366179072748,0.9995435104077313
0.748,0.18500000000000003,xw,beta,1.7188568712595298,1.6257809004003514,0.9985847126867359
0.748,0.21000000000000002,,no,2.4885976858218966,0.0,0.0
0.748,0.21000000000000002,,D,2.5330312392058127,0.025783804598145173,0.8928205230326519
0.748,0.21000000000000002,,mixed,1.7421896781368873,0.9720551550428815,0.999859014453573
0.748,0.21000000000000002,,beta,1.7814710304160284,1.410851410305392,0.9998207914245048
0.748,0.21000000000000002,x,no,1.7329293166298174,0.4258740221772952,0.9594601003875713
0.748,0.21000000000000002,x,D,2.5797792297673934,0.02908209006433314,0.3532488178570051
0.748,0.21000000000000002,x,mixed,1.7560961858848783,0.9844228731030126,0.9999848768313083
0.748,0.21000000000000002,x,beta,1.811081893830779,1.4107754478880057,0.9997354009500246
0.748,0.21000000000000002,w,no,1.7084739537012306,0.6322405664400869,0.9989629408282445
0.748,0.21000000000000002,w,D,1.3442898589447212,0.9732213420245656,0.9999319164109476
0.748,0.21000000000000002,w,mixed,1.391307966616578,1.4695966557895885,0.9997075728895772
0.748,0.21000000000000002,w,beta,1.8441209708444017,1.600567333152661,0.9988455352176014
0.748,0.21000000000000002,xw,no,1.4398083363111522,0.868013316561051,0.9999371347515685
0.748,0.21000000000000002,xw,D,1.3431417131010224,1.0,1.0
0.748,0.21000000000000002,xw,mixed,1.4167157552643896,1.4738918404032315,0.9995777584283363
0.748,0.21000000000000002,xw,beta,1.8743929436821347,1.600328866790812,0.998717865921309
0.748,0.23500000000000001,,no,2.4885976858218966,0.0,0.0
0.748,0.23500000000000001,,D,2.5330312392058127,0.025783804598145173,0.8928205230326519
0.748,0.23500000000000001,,mixed,1.7421896781368873,0.9720551550428815,0.999859014453573
0.748,0.23500000000000001,,beta,1.7814710304160284,1.410851410305392,0.9998207914245048
0.748,0.23500000000000001,x,no,1.692883785829194,0.4773934716147837,0.9658175453846274
0.748,0.23500000000000001,x,D,2.6460927217616836,0.014047823989679404,0.08635643101541368
0.748,0.23500000000000001,x,mixed,1.773799924105183,0.983222359899101,0.9999831180680618
0.748,0.23500000000000001,x,beta,1.8269306425508067,1.4083385057523108,0.9997425299533118
0.748,0.23500000000000001,w,no,1.8560087982003475,0.6243795199085004,0.9993434972317402
0.748,0.23500000000000001,w,D,1.477225876035535,0.9727232825908975,0.9999326705963779
0.748,0.23500000000000001,w,mixed,1.5242316317943296,1.447608186756926,0.9997352701835207
0.748,0.23500000000000001,w,beta,1.97399380293979,1.58056509623116,0.9989470873454834
0.748,0.23500000000000001,xw,no,1.5965069127240052,0.8641568370763918,0.9999453937729081
0.748,0.23500000000000001,xw,D,1.4914290586128278,1.0,1.0
0.748,0.23500000000000001,xw,mixed,1.56691319356225,1.449936979701017,0.9996128287141751
0.748,0.23500000000000001,xw,beta,2.021068137789851,1.5784973229355008,0.9988324481981488
0.748,0.26,,no,2.4885976858218966,0.0,0.0
0.748,0.26,,D,2.5330312392058127,0.025783804598145173,0.8928205230326519
0.748,0.26,,mixed,1.7421896781368873,0.9720551550428815,0.999859014453573
0.748,0.26,,beta,1.7814710304160284,1.410851410305392,0.9998207914245048
0.748,0.26,x,no,1.66392946639823,0.5240424316876929,0.9713685691786489
0.748,0.26,x,D,2.7145792878661847,-0.0016666656263815897,0.0011073181464308357
0.748,0.26,x,mixed,1.7927156313938628,0.982069882897825,0.9999813515127965
0.748,0.26,x,beta,1.843964585620553,1.4057878958677044,0.9997496387535116
0.748,0.26,w,no,1.9912943288818472,0.6196881308578047,0.9996180711257615
0.748,0.26,w,D,1.6041100573703702,0.9722947299884361,0.9999335425365298
0.748,0.26,w,mixed,1.6490726530265838,1.428779586960932,0.9997610210578821
0.748,0.26,w,beta,2.094312653666001,1.5633504677089238,0.9990337030378944
0.748,0.26,xw,no,1.7502467214759818,0.8610645004518899,0.9999533562669177
0.748,0.26,xw,D,1.6372785548016964,1.0,1.0
0.748,0.26,xw,mixed,1.7119702199122206,1.4291344023299966,0.9996466143015103
0.748,0.26,xw,beta,2.1607407053623735,1.5593898015929188,0.9989318310573142
0.748,0.28500000000000003,,no,2.4885976858218966,0.0,0.0
0.748,0.28500000000000003,,D,2.5330312392058127,0.025783804598145173,0.8928205230326519
0.748,0.28500000000000003,,mixed,1.7421896781368873,0.9720551550428815,0.999859014453573
0.748,0.28500000000000003,,beta,1.7814710304160284,1.410851410305392,0.9998207914245048
0.748,0.28500000000000003,x,no,1.6452423431928471,0.5658008429301622,0.976114244996868
0.748,0.28500000000000003,x,D,2.7807618060071015,-0.01668752161239501,0.09168180827281802
0.748,0.28500000000000003,x,mixed,1.8128231381781175,0.9809678262484022,0.9999795937633061
0.748,0.28500000000000003,x,beta,1.8621619152500084,1.4031314991992723,0.9997567122230658
0.748,0.28500000000000003,w,no,2.115851916793662,0.6174148089938685,0.9997914868784162
0.748,0.28500000000000003,w,D,1.725325299561507,0.9719207807225835,0.9999344684517374
0.748,0.28500000000000003,w,mixed,1.7667857455807254,1.412425926131227,0.9997843908472974
0.748,0.28500000000000003,w,beta,2.206602230730493,1.5482967123338651,0.9991083044634262
0.748,0.28500000000000003,xw,no,1.9010697456648218,0.8586437005543224,0.9999615185207865
0.748,0.28500000000000003,xw,D,1.7808600197609856,0.9999999999999999,1.0
0.748,0.28500000000000003,xw,mixed,1.8526798256376964,1.4108164824622718,0.9996781496911289
0.748,0.28500000000000003,xw,beta,2.2948224201723546,1.542395075541634,0.9990187200824984
0.748,0.31000000000000005,,no,2.4885976858218966,0.0,0.0
0.748,0.31000000000000005,,D,2.5330312392058127,0.025783804598145173,0.8928205230326519
0.748,0.31000000000000005,,mixed,1.7421896781368873,0.9720551550428815,0.999859014453573
0.748,0.31000000000000005,,beta,1.7814710304160284,1.410851410305392,0.9998207914245048
0.748,0.31000000000000005,x,no,1.6357624882930888,0.6028914304449099,0.9801118663693753
0.748,0.31000000000000005,x,D,2.7977373253284425,-0.01628747344535852,0.06628921018064937
0.748,0.31000000000000005,x,mixed,1.8341010802297146,0.9799181965043322,0.9999778606282447
0.748,0.31000000000000005,x,beta,1.8814996137861468,1.4003772670110342,0.999763736367382
0.748,0.31000000000000005,w,no,2.2310505343965708,0.616999276653996,0.9998774959319595
0.748,0.31000000000000005,w,D,1.841280548310581,0.9715900182868864,0.9999354063199901
0.748,0.31000000000000005,w,mixed,1.8782124294919647,1.3980470132295375,0.9998053429143302
0.748,0.31000000000000005,w,beta,2.312066726427619,1.534957591778584,0.999173157355241
0.748,0.31000000000000005,xw,no,2.0490070859252185,0.856822920183301,0.9999697091820909
0.748,0.31000000000000005,xw,D,1.9223482699040775,0.9999999999999999,1.0
0.748,0.31000000000000005,xw,mixed,1.9897216383202774,1.3944965344288685,0.9997070749380664
0.748,0.31000000000000005,xw,beta,2.4244019181759344,1.5270809606289388,0.9990952577197673
0.748,0.335,,no,2.4885976858218966,0.0,0.0
0.748,0.335,,D,2.5330312392058127,0.025783804598145173,0.8928205230326519
0.748,0.335,,mixed,1.7421896781368873,0.9720551550428815,0.999859014453573
0.748,0.335,,beta,1.7814710304160284,1.410851410305392,0.9998207914245048
0.748,0.335,x,no,1.634370033861158,0.6356753521800261,0.983445365349797
0.748,0.335,x,D,2.7620871916456124,0.0008135135207807193,8.056611916307244e-05
0.748,0.335,x,mixed,1.8565269829722872,0.9789226136075899,0.9999761669059182
0.748,0.335,x,beta,1.9019535542903752,1.3975331653471335,0.999770698303001
0.748,0.335,w,no,2.3380979625673746,0.6180176704861936,0.999892980460908
0.748,0.335,w,D,1.9523858414844428,0.9712938386989363,0.9999363298699144
0.748,0.335,w,mixed,1.9840844683489407,1.3852696495062349,0.9998240196652969
0.748,0.335,w,beta,2.4116720996923333,1.5230058366532473,0.999230022870256
0.748,0.335,xw,no,2.19410004318457,0.8555394621296664,0.9999774242855678
0.748,0.335,xw,D,2.0619130474516116,0.9999999999999999,1.0
0.748,0.335,xw,mixed,2.1236669716592713,1.3798120887866918,0.9997333444382789
0.748,0.335,xw,beta,2.5503275516410353,1.5131328972105988,0.9991631392687029
0.748,0.36000000000000004,,no,2.4885976858218966,0.0,0.0
0.748,0.36000000000000004,,D,2.5330312392058127,0.025783804598145173,0.8928205230326519
0.748,0.36000000000000004,,mixed,1.7421896781368873,0.9720551550428815,0.999859014453573
0.748,0.36000000000000004,,beta,1.7814710304160284,1.410851410305392,0.9998207914245048
0.748,0.36000000000000004,x,no,1.639987614607248,0.6645769903631789,0.9862065553417425
0.748,0.36000000000000004,x,D,2.6908540181090905,0.029764917081057007,0.050342676969509004
0.748,0.36000000000000004,x,mixed,1.880077310541203,0.9779823197006053,0.9999745261985095
0.748,0.36000000000000004,x,beta,1.9234986099616003,1.3946071215092437,0.9997775862287446
0.748,0.36000000000000004,w,no,2.4380482236702457,0.62014519984666,0.9998547195022364
0.748,0.36000000000000004,w,D,2.059037064831138,0.9710258199567909,0.9999372237866991
0.748,0.36000000000000004,w,mixed,2.085034657939017,1.3738100112573242,0.9998406329318386
0.748,0.36000000000000004,w,beta,2.5062041493584233,1.5121953560411543,0.9992802792015976
0.748,0.36000000000000004,xw,no,2.3364082877272594,0.8547351252473866,0.9999840736699438
0.748,0.36000000000000004,xw,D,2.1997129468631402,0.9999999999999998,1.0
0.748,0.36000000000000004,xw,mixed,2.2549908231179705,1.366487860413033,0.9997570692421838
0.748,0.36000000000000004,xw,beta,2.673266285132055,1.500316227718431,0.9992237131698937
0.748,0.385,,no,2.4885976858218966,0.0,0.0
0.748,0.385,,D,2.5330312392058127,0.025783804598145173,0.8928205230326519
0.748,0.385,,mixed,1.7421896781368873,0.9720551550428815,0.999859014453573
0.748,0.385,,beta,1.7814710304160284,1.410851410305392,0.9998207914245048
0.748,0.385,x,no,1.6516325550965365,0.6900340535463229,0.9884843622134591
0.748,0.385,x,D,2.5969705755626236,0.06703002375803747,0.13699211065549166
0.748,0.385,x,mixed,1.9047275400850805,0.9770981862045499,0.9999729507640812
0.748,0.385,x,beta,1.9461087654892129,1.3916069748832725,0.999784389391696
0.748,0.385,w,no,2.5318157157747385,0.6231302448477798,0.9997777779784848
0.748,0.385,w,D,2.1616073848485895,0.9707811966495392,0.9999380801354576
0.748,0.385,w,mixed,2.1816097957796563,1.3634484621472678,0.9998554104283981
0.748,0.385,w,beta,2.5963100751893475,1.502337134460744,0.9993250141624649
0.748,0.385,xw,no,2.47601097509274,0.8543550907515017,0.9999891354265298
0.748,0.385,xw,D,2.3358922687633488,0.9999999999999999,1.0
0.748,0.385,xw,mixed,2.38408546670821,1.3543110292073632,0.9997784319683539
0.748,0.385,xw,beta,2.7937461556935914,1.4884521528904038,0.9992780606399942
0.748,0.41000000000000003,,no,2.4885976858218966,0.0,0.0
0.748,0.41000000000000003,,D,2.5330312392058127,0.025783804598145173,0.8928205230326519
0.748,0.41000000000000003,,mixed,1.7421896781368873,0.9720551550428815,0.999859014453573
0.748,0.41000000000000003,,beta,1.7814710304160284,1.410851410305392,0.9998207914245048
0.748,0.41000000000000003,x,no,1.668434707754468,0.7124682359463944,0.990359408916958
0.748,0.41000000000000003,x,D,2.4894393615907573,0.11021437611756832,0.22560729404260005
0.748,0.41000000000000003,x,mixed,1.9304522383970268,0.97627072592505,0.9999714514073166
0.748,0.41000000000000003,x,beta,1.9697572289499523,1.3885404324564765,0.999791098049586
0.748,0.41000000000000003,w,no,2.6201913600581532,0.6267760432082261,0.9996748661395288
0.748,0.41000000000000003,w,D,2.2604430954260457,0.9705564427417057,0.9999388958042265
0.748,0.41000000000000003,w,mixed,2.274282563477529,1.3540125065298358,0.999868570839429
0.748,0.41000000000000003,w,beta,2.6825288300812606,1.4932833176024765,0.9993650943840794
0.748,0.41000000000000003,xw,no,2.613004355744056,0.8543479531850491,0.9999922340854006
0.748,0.41000000000000003,xw,D,2.4705798874117955,0.9999999999999999,1.0
0.748,0.41000000000000003,xw,mixed,2.511273482579803,1.3431143705328323,0.9997976412964413
0.748,0.41000000000000003,xw,beta,2.9121875472233723,1.4774018728637786,0.9993270568098187
0.748,0.43500000000000005,,no,2.4885976858218966,0.0,0.0
0.748,0.43500000000000005,,D,2.5330312392058127,0.025783804598145173,0.8928205230326519
0.748,0.43500000000000005,,mixed,1.7421896781368873,0.9720551550428815,0.999859014453573
0.748,0.43500000000000005,,beta,1.7814710304160284,1.410851410305392,0.9998207914245048
0.748,0.43500000000000005,x,no,1.6896424760385027,0.7322674601715159,0.9919019082276217
0.748,0.43500000000000005,x,D,2.3755141649030698,0.15730533704220678,0.30817376130284857
0.748,0.43500000000000005,x,mixed,1.9572251439336452,0.9755001085955206,0.999970037408644
0.748,0.43500000000000005,x,beta,1.9944165479014524,1.385415028032525,0.9997977034308759
0.748,0.43500000000000005,w,no,2.703858502824277,0.6309275130862395,0.999556243229935
0.748,0.43500000000000005,w,D,2.3558622656738315,0.9703489501378144,0.9999396707284738
0.748,0.43500000000000005,w,mixed,2.3634629720317815,1.3453647102167992,0.9998803134082038
0.748,0.43500000000000005,w,beta,2.765313653746525,1.484916397231968,0.9994012168046059
0.748,0.43500000000000005,xw,no,2.7474980478044677,0.8546660084719979,0.999993164394192
0.748,0.43500000000000005,xw,D,2.6038894185151817,0.9999999999999999,1.0
0.748,0.43500000000000005,xw,mixed,2.63681957323255,1.332764474048541,0.9998149081206058
0.748,0.43500000000000005,xw,beta,3.0289266890676045,1.4670558152183137,0.9993714170530811
0.748,0.46,,no,2.4885976858218966,0.0,0.0
0.748,0.46,,D,2.5330312392058127,0.025783804598145173,0.8928205230326519
0.748,0.46,,mixed,1.7421896781368873,0.9720551550428815,0.999859014453573
0.748,0.46,,beta,1.7814710304160284,1.410851410305392,0.9998207914245048
0.748,0.46,x,no,1.714610692698537,0.7497803579517246,0.9931714407315541
0.748,0.46,x,D,2.2611968378946594,0.2064925647821434,0.3831331452777522
0.748,0.46,x,mixed,1.9850192531604909,0.9747861795270396,0.999968716490223
0.748,0.46,x,beta,2.020058717998925,1.3822380882269147,0.9998041976935536
0.748,0.46,w,no,2.783407573417788,0.6354616167738744,0.999429899831444
0.748,0.46,w,D,2.448155085094555,0.9701567864440961,0.9999404066848492
0.748,0.46,w,mixed,2.449507659242475,1.3373942495074882,0.9998908147396821
0.748,0.46,w,beta,2.84504906997349,1.477141672251515,0.9994339470689997
0.748,0.46,xw,no,2.8796110618582587,0.8552654878764527,0.9999918813139294
0.748,0.46,xw,D,2.7359201641136996,0.9999999999999999,1.0
0.748,0.46,xw,mixed,2.760940117303654,1.3231535228099482,0.999830433581009
0.748,0.46,xw,beta,3.1442331749384866,1.4573262105265468,0.9994117319797527
0.748,0.48500000000000004,,no,2.4885976858218966,0.0,0.0
0.748,0.48500000000000004,,D,2.5330312392058127,0.025783804598145173,0.8928205230326519
0.748,0.48500000000000004,,mixed,1.7421896781368873,0.9720551550428815,0.999859014453573
0.748,0.48500000000000004,,beta,1.7814710304160284,1.410851410305392,0.9998207914245048
0.748,0.48500000000000004,x,no,1.742792192584284,0.7653136134679153,0.9942177029719388
0.748,0.48500000000000004,x,D,2.1500000366773913,0.2566167378502647,0.45073369660887186
0.748,0.48500000000000004,x,mixed,2.0138069107358696,0.9741284807789725,0.9999674948162744
0.748,0.48500000000000004,x,beta,2.046655303926148,1.3790166995717483,0.9998105738834087
0.748,0.48500000000000004,w,no,2.859349131741884,0.6402802099141165,0.999301860811158
0.748,0.48500000000000004,w,D,2.5375851848689006,0.969978513423465,0.9999411064865974
0.748,0.48500000000000004,w,mixed,2.5327279927707465,1.3300107452497185,0.9999002290569742
0.748,0.48500000000000004,w,beta,2.922063891521969,1.4698818756562602,0.9994637483313313
0.748,0.48500000000000004,xw,no,3.0094681488005923,0.8561066456604668,0.9999884724313685
0.748,0.48500000000000004,xw,D,2.8667584690273817,0.9999999999999999,1.0
0.748,0.48500000000000004,xw,mixed,2.8838123659782533,1.3141931436119438,0.9998444035937034
0.748,0.48500000000000004,xw,beta,3.258324395149194,1.448141659235932,0.9994484939180723
0.748,0.51,,no,2.4885976858218966,0.0,0.0
0.748,0.51,,D,2.5330312392058127,0.025783804598145173,0.8928205230326519
0.748,0.51,,mixed,1.7421896781368873,0.9720551550428815,0.999859014453573
0.748,0.51,,beta,1.7814710304160284,1.410851410305392,0.9998207914245048
0.748,0.51,x,no,1.7737232350022245,0.7791342870342065,0.9950816744211571
0.748,0.51,x,D,2.045270107202162,0.30639266772460827,0.5113245434471909
0.748,0.51,x,mixed,2.0435599029583886,0.9735262742947159,0.9999663770244437
0.748,0.51,x,beta,2.074177541880509,1.3757576848719746,0.9998168258923238
0.748,0.51,w,no,2.932125241224926,0.6453046671485722,0.9991765196937534
0.748,0.51,w,D,2.6243914592136384,0.9698130534326551,0.9999417734564916
0.748,0.51,w,mixed,2.61339690665057,1.3231397241547316,0.9999086899802488
0.748,0.51,w,beta,2.9966413737982855,1.46307325610503,0.9994910030198381
0.748,0.51,xw,no,3.137196678788991,0.857153708172077,0.9999831239846315
0.748,0.51,xw,D,2.9964792448510695,0.9999999999999999,1.0
0.748,0.51,xw,mixed,3.0055811896969007,1.3058100987932364,0.9998569869008792
0.748,0.51,xw,beta,3.3713746555861936,1.4394435650855986,0.9994821170516728
0.7885,0.01,,no,2.4885976858218966,0.0,0.0
0.7885,0.01,,D,2.543653662594084,0.023743019215890976,0.8890333086331541
0.7885,0.01,,mixed,1.8260020465869238,0.9748054777440591,0.9998854626814816
0.7885,0.01,,beta,1.938324605858583,1.404513061821916,0.9998160812126952
0.7885,0.01,x,no,2.2333847135937526,0.007178947683636055,0.9471374768779656
0.7885,0.01,x,D,2.378959666251534,0.05754666345219422,0.8856043019368823
0.7885,0.01,x,mixed,1.748224806819463,0.9958174927731132,0.9999972731872833
0.7885,0.01,x,beta,1.88775687693377,1.4173239168158718,0.9996901231050369
0.7885,0.01,w,no,0.3803589079890911,0.11562648124312894,0.7858808859751071
0.7885,0.01,w,D,0.37893199272386224,0.11899641712336656,0.7662824238942928
0.7885,0.01,w,mixed,0.06215860726023747,1.909631229963355,0.9932628523644433
0.7885,0.01,w,beta,0.07307683458544417,2.6106048181819825,0.9992930983105428
0.7885,0.01,xw,no,0.06690004353164747,0.9965292080398417,0.9999990093629337
0.7885,0.01,xw,D,0.06665932484309721,0.9999999999999999,1.0
0.7885,0.01,xw,mixed,0.05332360683177486,1.9880678906091178,0.9999986070137158
0.7885,0.01,xw,beta,0.07125616749950682,2.622395143516235,0.9992755954183575
0.7885,0.035,,no,2.4885976858218966,0.0,0.0
0.7885,0.035,,D,2.543653662594084,0.023743019215890976,0.8890333086331541
0.7885,0.035,,mixed,1.8260020465869238,0.9748054777440591,0.9998854626814816
0.7885,0.035,,beta,1.938324605858583,1.404513061821916,0.9998160812126952
0.7885,0.035,x,no,2.1987107237807066,0.03578309682629985,0.9298368550663707
0.7885,0.035,x,D,2.3909979853892294,0.05596110289513115,0.8816877806329247
0.7885,0.035,x,mixed,1.7552791383109172,0.9945040432926273,0.9999963828746218
0.7885,0.035,x,beta,1.8933012593603238,1.4162015364754212,0.999695945937551
0.7885,0.035,w,no,0.25508448606799683,0.9661075176483542,0.9973640283013305
0.7885,0.035,w,D,0.23996900194168133,0.9856699645230742,0.9991639985813907
0.7885,0.035,w,mixed,0.2128473540351324,1.8797586175520822,0.9999237342608968
0.7885,0.035,w,beta,0.42785183847633157,2.0767849568601955,0.9977393806524211
0.7885,0.035,xw,no,0.24057045278203712,0.9674003860002639,0.9999341333368272
0.7885,0.035,xw,D,0.23302104992775824,0.9999999999999999,1.0
0.7885,0.035,xw,mixed,0.2079449690911059,1.8907084993488035,0.9999050776300082
0.7885,0.035,xw,beta,0.42075707718828986,2.0848069329778394,0.9976376071052387
0.7885,0.060000000000000005,,no,2.4885976858218966,0.0,0.0
0.7885,0.060000000000000005,,D,2.543653662594084,0.023743019215890976,0.8890333086331541
0.7885,0.060000000000000005,,mixed,1.8260020465869238,0.9748054777440591,0.9998854626814816
0.7885,0.060000000000000005,,beta,1.938324605858583,1.404513061821916,0.9998160812126952
0.7885,0.060000000000000005,x,no,2.1424813038388884,0.07751833658457281,0.9246036187601794
0.7885,0.060000000000000005,x,D,2.4049017404286004,0.054498469908645764,0.8775928272602811
0.7885,0.060000000000000005,x,mixed,1.7635923001976774,0.993204374379072,0.9999953809575126
0.7885,0.060000000000000005,x,beta,1.9000996440964355,1.4149325180756616,0.9997019077044936
0.7885,0.060000000000000005,w,no,0.4949377805918643,0.8511742961341381,0.9972215043095374
0.7885,0.060000000000000005,w,D,0.4095177889155545,0.9856570283096175,0.9999832219918794
0.7885,0.060000000000000005,w,mixed,0.40310500573952684,1.769143037683909,0.999779918686301
0.7885,0.060000000000000005,w,beta,0.7653139522006437,1.8900367336491695,0.9977587422542629
0.7885,0.060000000000000005,xw,no,0.4220607158881493,0.9350744108662207,0.999836013818719
0.7885,0.060000000000000005,xw,D,0.39845253627580796,1.0,1.0
0.7885,0.060000000000000005,xw,mixed,0.3938273664857828,1.7812464247286472,0.9997122281171614
0.7885,0.060000000000000005,xw,beta,0.7544193526208659,1.8974545154862557,0.9976162816792364
0.7885,0.085,,no,2.4885976858218966,0.0,0.0
0.7885,0.085,,D,2.543653662594084,0.023743019215890976,0.8890333086331541
0.7885,0.085,,mixed,1.8260020465869238,0.9748054777440591,0.9998854626814816
0.7885,0.085,,beta,1.938324605858583,1.404513061821916,0.9998160812126952
0.7885,0.085,x,no,2.07199621862695,0.1292139792999369,0.9258010832041844
0.7885,0.085,x,D,2.4206627748525658,0.053164202064127725,0.8733456645174396
0.7885,0.085,x,mixed,1.7731563460927118,0.991922399055111,0.9999942766175876
0.7885,0.085,x,beta,1.908143852795076,1.4135209212769022,0.9997079890343424
0.7885,0.085,w,no,0.7382933267104439,0.7736016858273292,0.9974337749524205
0.7885,0.085,w,D,0.5815482922173328,0.9799732631211371,0.9999534390765747
0.7885,0.085,w,mixed,0.602376320242131,1.6828751594098454,0.9996713433314056
0.7885,0.085,w,beta,1.0487274103315127,1.7900449313894997,0.9979953316158585
0.7885,0.085,xw,no,0.6029834507005212,0.9119847490438283,0.9998230570753915
0.7885,0.085,xw,D,0.5623734981511463,0.9999999999999999,1.0
0.7885,0.085,xw,mixed,0.5909154995659408,1.6943644187204667,0.9995728581241222
0.7885,0.085,xw,beta,1.0371828403534682,1.7965650336369676,0.9978424447069324
0.7885,0.11,,no,2.4885976858218966,0.0,0.0
0.7885,0.11,,D,2.543653662594084,0.023743019215890976,0.8890333086331541
0.7885,0.11,,mixed,1.8260020465869238,0.9748054777440591,0.9998854626814816
0.7885,0.11,,beta,1.938324605858583,1.404513061821916,0.9998160812126952
0.7885,0.11,x,no,1.994900269710487,0.187404790057993,0.9306225246608613
0.7885,0.11,x,D,2.4382712807877542,0.05196375103685415,0.8689813265241546
0.7885,0.11,x,mixed,1.7839621062145685,0.9906618883278817,0.9999930802186465
0.7885,0.11,x,beta,1.9174241478090621,1.411971241584273,0.9997141710262056
0.7885,0.11,w,no,0.9653560677826897,0.7230622001000397,0.9972666228463906
0.7885,0.11,w,D,0.7465244429172961,0.9785506338875221,0.9999445079094538
0.7885,0.11,w,mixed,0.7964955008866113,1.6179810414674842,0.9996263100736397
0.7885,0.11,w,beta,1.28949312057019,1.7254820451924096,0.9982348229007428
0.7885,0.11,xw,no,0.7791965691068353,0.8967699247605992,0.9998554199800777
0.7885,0.11,xw,D,0.7243190216303681,1.0,1.0
0.7885,0.11,xw,mixed,0.7857474667224424,1.6283096363775478,0.999510065277629
0.7885,0.11,xw,beta,1.280338323963367,1.7309343630373741,0.998082705185419
0.7885,0.135,,no,2.4885976858218966,0.0,0.0
0.7885,0.135,,D,2.543653662594084,0.023743019215890976,0.8890333086331541
0.7885,0.135,,mixed,1.8260020465869238,0.9748054777440591,0.9998854626814816
0.7885,0.135,,beta,1.938324605858583,1.404513061821916,0.9998160812126952
0.7885,0.135,x,no,1.9180364222838193,0.2487396017733024,0.9373597370674174
0.7885,0.135,x,D,2.4584137250573646,0.050655738558662,0.8607549526449676
0.7885,0.135,x,mixed,1.7959991976489313,0.9894264417167788,0.9999918031242718
0.7885,0.135,x,beta,1.9279291454682608,1.4102884065092252,0.9997204353502112
0.7885,0.135,w,no,1.1764006475048505,0.6872720443957495,0.9975069909223346
0.7885,0.135,w,D,0.9060338637023209,0.9775738653104687,0.9999433434527161
0.7885,0.135,w,mixed,0.9798595800050921,1.5682988624255358,0.9996227145436862
0.7885,0.135,w,beta,1.4981990321576435,1.6793405828197132,0.998440514973579
0.7885,0.135,xw,no,0.9503097099012299,0.8863550618799041,0.999888942455331
0.7885,0.135,xw,D,0.8839574462658003,0.9999999999999999,1.0
0.7885,0.135,xw,mixed,0.9730207347099121,1.5771957708375155,0.9994981037568809
0.7885,0.135,xw,beta,1.4943803411062269,1.6835747312730454,0.9982950041896451
0.7885,0.16000000000000003,,no,2.4885976858218966,0.0,0.0
0.7885,0.16000000000000003,,D,2.543653662594084,0.023743019215890976,0.8890333086331541
0.7885,0.16000000000000003,,mixed,1.8260020465869238,0.9748054777440591,0.9998854626814816
0.7885,0.16000000000000003,,beta,1.938324605858583,1.404513061821916,0.9998160812126952
0.7885,0.16000000000000003,x,no,1.8467003554387138,0.310315440587399,0.9448703400922317
0.7885,0.16000000000000003,x,D,2.4876126800797294,0.04688979920912997,0.8072664149863776
0.7885,0.16000000000000003,x,mixed,1.8092560373983277,0.9882194604095791,0.9999904574986249
0.7885,0.16000000000000003,x,beta,1.939645952203893,1.408477706966361,0.9997267643317045
0.7885,0.16000000000000003,w,no,1.3701481067356223,0.6619703345737072,0.9979716644461707
0.7885,0.16000000000000003,w,D,1.0597117080535148,0.976746575261057,0.9999427393646816
0.7885,0.16000000000000003,w,mixed,1.1510778231517438,1.5292284459398349,0.9996399252502212
0.7885,0.16000000000000003,w,beta,1.6824148646584824,1.644182298112638,0.9986111407972161
0.7885,0.16000000000000003,xw,no,1.1170333883374977,0.8787151473530685,0.9999122393449015
0.7885,0.16000000000000003,xw,D,1.0410888645707672,1.0,1.0
0.7885,0.16000000000000003,xw,mixed,1.1514158519049176,1.5365293385885483,0.9995135808549068
0.7885,0.16000000000000003,xw,beta,1.6867784269005899,1.6470690452184955,0.9984752122790123
0.7885,0.18500000000000003,,no,2.4885976858218966,0.0,0.0
0.7885,0.18500000000000003,,D,2.543653662594084,0.023743019215890976,0.8890333086331541
0.7885,0.18500000000000003,,mixed,1.8260020465869238,0.9748054777440591,0.9998854626814816
0.7885,0.18500000000000003,,beta,1.938324605858583,1.404513061821916,0.9998160812126952
0.7885,0.18500000000000003,x,no,1.78438496496439,0.36987780949401333,0.9523938570702424
0.7885,0.18500000000000003,x,D,2.531438728110968,0.03854178052074982,0.6378191954759518
0.7885,0.18500000000000003,x,mixed,1.8237198593050725,0.9870441231834498,0.999989056095867
0.7885,0.18500000000000003,x,beta,1.952560195628793,1.4065447588032851,0.9997331410197661
0.7885,0.18500000000000003,w,no,1.547060200338995,0.6442963898060556,0.9984900813375871
0.7885,0.18500000000000003,w,D,1.2072288529912172,0.9760458675189264,0.99994256415725
0.7885,0.18500000000000003,w,mixed,1.3105068120672285,1.4976972277536211,0.999665862075364
0.7885,0.18500000000000003,w,beta,1.847478289878595,1.6161805758073833,0.9987522322804945
0.7885,0.18500000000000003,xw,no,1.2800562358447014,0.8727779638188297,0.9999270365868758
0.7885,0.18500000000000003,xw,D,1.1956294226026314,1.0,1.0
0.7885,0.18500000000000003,xw,mixed,1.3212349300171267,1.5033001855812564,0.9995420599375244
0.7885,0.18500000000000003,xw,beta,1.862772293497579,1.617610080862737,0.9986272840460624
0.7885,0.21000000000000002,,no,2.4885976858218966,0.0,0.0
0.7885,0.21000000000000002,,D,2.543653662594084,0.023743019215890976,0.8890333086331541
0.7885,0.21000000000000002,,mixed,1.8260020465869238,0.9748054777440591,0.9998854626814816
0.7885,0.21000000000000002,,beta,1.938324605858583,1.404513061821916,0.9998160812126952
0.7885,0.21000000000000002,x,no,1.7329293166298174,0.4258740221772952,0.9594601003875713
0.7885,0.21000000000000002,x,D,2.5864959531206253,0.026599442370132873,0.3528374067813933
0.7885,0.21000000000000002,x,mixed,1.8393767336843694,0.9859033658424463,0.9999876120438366
0.7885,0.21000000000000002,x,beta,1.9666560897346166,1.4044954550705537,0.9997395492409025
0.7885,0.21000000000000002,w,no,1.7084739537012306,0.6322405664400869,0.9989629408282445
0.7885,0.21000000000000002,w,D,1.348516857941152,0.9754494823016858,0.999942698235219
0.7885,0.21000000000000002,w,mixed,1.4591304520119794,1.4716658247986045,0.9996942694891805
0.7885,0.21000000000000002,w,beta,1.99723199585208,1.5931424673157097,0.9988697096393977
0.7885,0.21000000000000002,xw,no,1.4398083363111522,0.868013316561051,0.9999371347515685
0.7885,0.21000000000000002,xw,D,1.3475879926508658,0.9999999999999999,1.0
0.7885,0.21000000000000002,xw,mixed,1.4833528886448535,1.4755089769417349,0.9995755690499554
0.7885,0.21000000000000002,xw,beta,2.026108553280989,1.59302219474086,0.9987562562988994
0.7885,0.23500000000000001,,no,2.4885976858218966,0.0,0.0
0.7885,0.23500000000000001,,D,2.543653662594084,0.023743019215890976,0.8890333086331541
0.7885,0.23500000000000001,,mixed,1.8260020465869238,0.9748054777440591,0.9998854626814816
0.7885,0.23500000000000001,,beta,1.938324605858583,1.404513061821916,0.9998160812126952
0.7885,0.23500000000000001,x,no,1.692883785829194,0.4773934716147837,0.9658175453846274
0.7885,0.23500000000000001,x,D,2.647197542953977,0.012855905948194966,0.08698697222601426
0.7885,0.23500000000000001,x,mixed,1.8562115922120141,0.9847998637009054,0.9999861386275996
0.7885,0.23500000000000001,x,beta,1.9819165009615345,1.4023359191415015,0.9997459736390157
0.7885,0.23500000000000001,w,no,1.8560087982003475,0.6243795199085004,0.9993434972317402
0.7885,0.23500000000000001,w,D,1.4836955552505324,0.9749375935746588,0.9999430429154671
0.7885,0.23500000000000001,w,mixed,1.5980890614278487,1.449753055315159,0.9997221388153583
0.7885,0.23500000000000001,w,beta,2.1345132918607668,1.5737105818766746,0.9989685230898163
0.7885,0.23500000000000001,xw,no,1.5965069127240052,0.8641568370763918,0.9999453937729081
0.7885,0.23500000000000001,xw,D,1.4970409635441164,1.0,1.0
0.7885,0.23500000000000001,xw,mixed,1.6387790792267596,1.4518018086053694,0.9996099359480818
0.7885,0.23500000000000001,xw,beta,2.1795283643000043,1.571963577492386,0.9988665794020486
0.7885,0.26,,no,2.4885976858218966,0.0,0.0
0.7885,0.26,,D,2.543653662594084,0.023743019215890976,0.8890333086331541
0.7885,0.26,,mixed,1.8260020465869238,0.9748054777440591,0.9998854626814816
0.7885,0.26,,beta,1.938324605858583,1.404513061821916,0.9998160812126952
0.7885,0.26,x,no,1.66392946639823,0.5240424316876929,0.9713685691786489
0.7885,0.26,x,D,2.709816990007815,-0.0015188479204611188,0.0011145042672070504
0.7885,0.26,x,mixed,1.8742082594477314,0.983736016927439,0.9999846490782531
0.7885,0.26,x,beta,1.9983230255316635,1.4000724562914688,0.9997523997029385
0.7885,0.26,w,no,1.9912943288818472,0.6196881308578047,0.9996180711257615
0.7885,0.26,w,D,1.6130093803015575,0.9744935181071367,0.9999435221321116
0.7885,0.26,w,mixed,1.7284901128057868,1.4309988600788375,0.9997481511770737
0.7885,0.26,w,beta,2.2614678342607437,1.5569946207134135,0.9990525454432868
0.7885,0.26,xw,no,1.7502467214759818,0.8610645004518899,0.9999533562669177
0.7885,0.26,xw,D,1.6441090403272232,1.0,1.0
0.7885,0.26,xw,mixed,1.7884804274490502,1.4312386886180468,0.9996430842069413
0.7885,0.26,xw,beta,2.325079711436958,1.553558104733636,0.9989618420658893
0.7885,0.28500000000000003,,no,2.4885976858218966,0.0,0.0
0.7885,0.28500000000000003,,D,2.543653662594084,0.023743019215890976,0.8890333086331541
0.7885,0.28500000000000003,,mixed,1.8260020465869238,0.9748054777440591,0.9998854626814816
0.7885,0.28500000000000003,,beta,1.938324605858583,1.404513061821916,0.9998160812126952
0.7885,0.28500000000000003,x,no,1.6452423431928471,0.5658008429301622,0.976114244996868
0.7885,0.28500000000000003,x,D,2.7702515644847376,-0.015266498410113426,0.09344437793988047
0.7885,0.28500000000000003,x,mixed,1.893349473639902,0.9827139441518482,0.9999831563719637
0.7885,0.28500000000000003,x,beta,2.0158560673404238,1.3977115072180117,0.9997588137829361
0.7885,0.28500000000000003,w,no,2.115851916793662,0.6174148089938685,0.9997914868784162
0.7885,0.28500000000000003,w,D,1.7367770693952298,0.9741037360047945,0.9999440801913685
0.7885,0.28500000000000003,w,mixed,1.8513393449579552,1.4147185277451173,0.9997718359413647
0.7885,0.28500000000000003,w,beta,2.379753290900091,1.5423836110593991,0.9991247492042703
0.7885,0.28500000000000003,xw,no,1.9010697456648218,0.8586437005543224,0.9999615185207865
0.7885,0.28500000000000003,xw,D,1.7889380511628599,0.9999999999999999,1.0
0.7885,0.28500000000000003,xw,mixed,1.9333190383823458,1.4131502262681024,0.9996740641556721
0.7885,0.28500000000000003,xw,beta,2.464320343023859,1.5372077803492548,0.999044856212308
0.7885,0.31000000000000005,,no,2.4885976858218966,0.0,0.0
0.7885,0.31000000000000005,,D,2.543653662594084,0.023743019215890976,0.8890333086331541
0.7885,0.31000000000000005,,mixed,1.8260020465869238,0.9748054777440591,0.9998854626814816
0.7885,0.31000000000000005,,beta,1.938324605858583,1.404513061821916,0.9998160812126952
0.7885,0.31000000000000005,x,no,1.6357624882930888,0.6028914304449099,0.9801118663693753
0.7885,0.31000000000000005,x,D,2.782188382421889,-0.01377761714031258,0.05552153195955911
0.7885,0.31000000000000005,x,mixed,1.913616941941048,0.9817354706282403,0.999981673043645
0.7885,0.31000000000000005,x,beta,2.0344949239986097,1.395259601814928,0.9997652030976084
0.7885,0.31000000000000005,w,no,2.2310505343965708,0.616999276653996,0.9998774959319595
0.7885,0.31000000000000005,w,D,1.85535472870521,0.9737575879904896,0.999944678009437
0.7885,0.31000000000000005,w,mixed,1.9675233549206668,1.4004119655656089,0.9997931332658133
0.7885,0.31000000000000005,w,beta,2.49067460650378,1.5294427344774368,0.9991874120107359
0.7885,0.31000000000000005,xw,no,2.0490070859252185,0.856822920183301,0.9999697091820909
0.7885,0.31000000000000005,xw,D,1.9316843285411058,1.0,1.0
0.7885,0.31000000000000005,xw,mixed,2.0740374439250466,1.397048429542989,0.9997025217596088
0.7885,0.31000000000000005,xw,beta,2.5984528964603406,1.5224896907139618,0.999117811004061
0.7885,0.335,,no,2.4885976858218966,0.0,0.0
0.7885,0.335,,D,2.543653662594084,0.023743019215890976,0.8890333086331541
0.7885,0.335,,mixed,1.8260020465869238,0.9748054777440591,0.9998854626814816
0.7885,0.335,,beta,1.938324605858583,1.404513061821916,0.9998160812126952
0.7885,0.335,x,no,1.634370033861158,0.6356753521800261,0.983445365349797
0.7885,0.335,x,D,2.741831180451885,0.004423978444160369,0.0025394404529471837
0.7885,0.335,x,mixed,1.934991372351578,0.9808021285093792,0.999980211018998
0.7885,0.335,x,beta,2.054217872443878,1.3927233158626797,0.9997715557326164
0.7885,0.335,w,no,2.3380979625673746,0.6180176704861936,0.999892980460908
0.7885,0.335,w,D,1.9691104889438014,0.9734467932082781,0.9999452892222069
0.7885,0.335,w,mixed,2.077813222720928,1.3877060115474888,0.9998121706376498
0.7885,0.335,w,beta,2.5952761085319516,1.5178531418523005,0.999242288910904
0.7885,0.335,xw,no,2.19410004318457,0.8555394621296664,0.9999774242855678
0.7885,0.335,xw,D,2.0725043662120126,0.9999999999999999,1.0
0.7885,0.335,xw,mixed,2.211263605146563,1.3825698898366172,0.9997284109182514
0.7885,0.335,xw,beta,2.728417274661181,1.5090958942234598,0.9991824160285477
0.7885,0.36000000000000004,,no,2.4885976858218966,0.0,0.0
0.7885,0.36000000000000004,,D,2.543653662594084,0.023743019215890976,0.8890333086331541
0.7885,0.36000000000000004,,mixed,1.8260020465869238,0.9748054777440591,0.9998854626814816
0.7885,0.36000000000000004,,beta,1.938324605858583,1.404513061821916,0.9998160812126952
0.7885,0.36000000000000004,x,no,1.639987614607248,0.6645769903631789,0.9862065553417425
0.7885,0.36000000000000004,x,D,2.666446879681826,0.03445532920355205,0.06869002253139478
0.7885,0.36000000000000004,x,mixed,1.9574525237246394,0.9799151564650136,0.9999787814678516
0.7885,0.36000000000000004,x,beta,2.0750022634285794,1.3901092284222052,0.999777860632586
0.7885,0.36000000000000004,w,no,2.4380482236702457,0.62014519984666,0.9998547195022364
0.7885,0.36000000000000004,w,D,2.078407883567089,0.9731650020272518,0.999945896795767
0.7885,0.36000000000000004,w,mixed,2.1828759928381736,1.3763168154278669,0.9998291503346693
0.7885,0.36000000000000004,w,beta,2.694405728010435,1.5073750945293865,0.9992907441861066
0.7885,0.36000000000000004,xw,no,2.3364082877272594,0.8547351252473866,0.9999840736699438
0.7885,0.36000000000000004,xw,D,2.2115480477232166,0.9999999999999999,1.0
0.7885,0.36000000000000004,xw,mixed,2.345523099609768,1.3694387294377686,0.9997518382332157
0.7885,0.36000000000000004,xw,beta,2.8549554235058485,1.4967966044476944,0.999240016371205
0.7885,0.385,,no,2.4885976858218966,0.0,0.0
0.7885,0.385,,D,2.543653662594084,0.023743019215890976,0.8890333086331541
0.7885,0.385,,mixed,1.8260020465869238,0.9748054777440591,0.9998854626814816
0.7885,0.385,,beta,1.938324605858583,1.404513061821916,0.9998160812126952
0.7885,0.385,x,no,1.6516325550965365,0.6900340535463229,0.9884843622134591
0.7885,0.385,x,D,2.568694274480999,0.07288314541318164,0.16162991379399916
0.7885,0.385,x,mixed,1.9809792578931333,0.9790755032980495,0.9999773946809289
0.7885,0.385,x,beta,2.096824612775358,1.3874238833011758,0.9997841075874377
0.7885,0.385,w,no,2.5318157157747385,0.6231302448477798,0.9997777779784848
0.7885,0.385,w,D,2.183595713645296,0.9729073772572603,0.9999464903244669
0.7885,0.385,w,mixed,2.2832879495158473,1.366024763331088,0.9998442939929555
0.7885,0.385,w,beta,2.7887607870757494,1.497824455852277,0.9993338490285545
0.7885,0.385,xw,no,2.47601097509274,0.8543550907515017,0.9999891354265298
0.7885,0.385,xw,D,2.3489546373800914,0.9999999999999999,1.0
0.7885,0.385,xw,mixed,2.4772532583356424,1.357441811624979,0.9997729795983068
0.7885,0.385,xw,beta,2.978657786479866,1.4854167188461158,0.999291680454388
0.7885,0.41000000000000003,,no,2.4885976858218966,0.0,0.0
0.7885,0.41000000000000003,,D,2.543653662594084,0.023743019215890976,0.8890333086331541
0.7885,0.41000000000000003,,mixed,1.8260020465869238,0.9748054777440591,0.9998854626814816
0.7885,0.41000000000000003,,beta,1.938324605858583,1.404513061821916,0.9998160812126952
0.7885,0.41000000000000003,x,no,1.668434707754468,0.7124682359463944,0.990359408916958
0.7885,0.41000000000000003,x,D,2.4580306121584683,0.11717288327712116,0.252348965771075
0.7885,0.41000000000000003,x,mixed,2.00554959682545,0.9782838344012045,0.9999760599713194
0.7885,0.41000000000000003,x,beta,2.1196606991915137,1.3846737521832744,0.9997902872142654
0.7885,0.41000000000000003,w,no,2.6201913600581532,0.6267760432082261,0.9996748661395288
0.7885,0.41000000000000003,w,D,2.28500236105067,0.9726702478580098,0.9999470639891727
0.7885,0.41000000000000003,w,mixed,2.379547832697957,1.3566572622301802,0.9998578164733626
0.7885,0.41000000000000003,w,beta,2.8789212537313573,1.489057184979573,0.9993724532293476
0.7885,0.41000000000000003,xw,no,2.613004355744056,0.8543479531850491,0.9999922340854006
0.7885,0.41000000000000003,xw,D,2.4848507819979937,0.9999999999999999,1.0
0.7885,0.41000000000000003,xw,mixed,2.6068166814522904,1.3464118299016476,0.9997920358213598
0.7885,0.41000000000000003,xw,beta,3.0999974195555686,1.4748203224151861,0.9993382658065717
0.7885,0.43500000000000005,,no,2.4885976858218966,0.0,0.0
0.7885,0.43500000000000005,,D,2.543653662594084,0.023743019215890976,0.8890333086331541
0.7885,0.43500000000000005,,mixed,1.8260020465869238,0.9748054777440591,0.9998854626814816
0.7885,0.43500000000000005,,beta,1.938324605858583,1.404513061821916,0.9998160812126952
0.7885,0.43500000000000005,x,no,1.6896424760385027,0.7322674601715159,0.9919019082276217
0.7885,0.43500000000000005,x,D,2.3421933567587665,0.1651181680205617,0.33525199567921105
0.7885,0.43500000000000005,x,mixed,2.0311407837680875,0.9775405410022981,0.9999747856011348
0.7885,0.43500000000000005,x,beta,2.143485658082914,1.3818652021053361,0.9997963909357432
0.7885,0.43500000000000005,w,no,2.703858502824277,0.6309275130862395,0.999556243229935
0.7885,0.43500000000000005,w,D,2.3829330826575803,0.9724508310414673,0.9999476150672921
0.7885,0.43500000000000005,w,mixed,2.4720881638965846,1.3480768462479662,0.9998699146602772
0.7885,0.43500000000000005,w,beta,2.96537438104936,1.4809587958090233,0.9994072378216656
0.7885,0.43500000000000005,xw,no,2.7474980478044677,0.8546660084719979,0.999993164394192
0.7885,0.43500000000000005,xw,D,2.619349897936711,0.9999999999999999,1.0
0.7885,0.43500000000000005,xw,mixed,2.734513545507261,1.3362154843296108,0.9998092095276255
0.7885,0.43500000000000005,xw,beta,3.2193551035477026,1.464900228863559,0.9993804680426978
0.7885,0.46,,no,2.4885976858218966,0.0,0.0
0.7885,0.46,,D,2.543653662594084,0.023743019215890976,0.8890333086331541
0.7885,0.46,,mixed,1.8260020465869238,0.9748054777440591,0.9998854626814816
0.7885,0.46,,beta,1.938324605858583,1.404513061821916,0.9998160812126952
0.7885,0.46,x,no,1.714610692698537,0.7497803579517246,0.9931714407315541
0.7885,0.46,x,D,2.2263906271142386,0.2151318552128822,0.4097398014313903
0.7885,0.46,x,mixed,2.057729348591636,0.9768457517335489,0.9999735787330688
0.7885,0.46,x,beta,2.1682740839831642,1.379004464123015,0.9998024109558898
0.7885,0.46,w,no,2.783407573417788,0.6354616167738744,0.999429899831444
0.7885,0.46,w,D,2.477669223444553,0.9722470153800691,0.9999481428715569
0.7885,0.46,w,mixed,2.5612853814150576,1.340172640348925,0.9998807637513532
0.7885,0.46,w,beta,3.0485332861600076,1.473437002731613,0.9994387539504639
0.7885,0.46,xw,no,2.8796110618582587,0.8552654878764527,0.9999918813139294
0.7885,0.46,xw,D,2.752552458158488,0.9999999999999998,1.0
0.7885,0.46,xw,mixed,2.860591456529648,1.3267452473463723,0.9998246936796794
0.7885,0.46,xw,beta,3.337039209245271,1.4555705636148828,0.9994188573908911
0.7885,0.48500000000000004,,no,2.4885976858218966,0.0,0.0
0.7885,0.48500000000000004,,D,2.543653662594084,0.023743019215890976,0.8890333086331541
0.7885,0.48500000000000004,,mixed,1.8260020465869238,0.9748054777440591,0.9998854626814816
0.7885,0.48500000000000004,,beta,1.938324605858583,1.404513061821916,0.9998160812126952
0.7885,0.48500000000000004,x,no,1.742792192584284,0.7653136134679153,0.9942177029719388
0.7885,0.48500000000000004,x,D,2.1144388808030903,0.2659557349796109,0.4768040685123247
0.7885,0.48500000000000004,x,mixed,2.085291176784757,0.9761993462588398,0.9999724454059044
0.7885,0.48500000000000004,x,beta,2.194000117084245,1.3760976091639705,0.9998083402338733
0.7885,0.48500000000000004,w,no,2.859349131741884,0.6402802099141165,0.999301860811158
0.7885,0.48500000000000004,w,D,2.5694686178121264,0.9720571938281946,0.9999486480078266
0.7885,0.48500000000000004,w,mixed,2.6474683681429654,1.332854198849398,0.9998905171793453
0.7885,0.48500000000000004,w,beta,3.128750887636175,1.4664165236641595,0.9994674517991319
0.7885,0.48500000000000004,xw,no,3.0094681488005923,0.8561066456604668,0.9999884724313685
0.7885,0.48500000000000004,xw,D,2.88454682175147,0.9999999999999999,1.0
0.7885,0.48500000000000004,xw,mixed,2.985255231522483,1.3179131469327028,0.9998386664148123
0.7885,0.48500000000000004,xw,beta,3.453298721093999,1.446761862975136,0.9994539060639042
0.7885,0.51,,no,2.4885976858218966,0.0,0.0
0.7885,0.51,,D,2.543653662594084,0.023743019215890976,0.8890333086331541
0.7885,0.51,,mixed,1.8260020465869238,0.9748054777440591,0.9998854626814816
0.7885,0.51,,beta,1.938324605858583,1.404513061821916,0.9998160812126952
0.7885,0.51,x,no,1.7737232350022245,0.7791342870342065,0.9950816744211571
0.7885,0.51,x,D,2.009368192250099,0.31636855748805887,0.5367376796518855
0.7885,0.51,x,mixed,2.1138015814798563,0.9756009706408985,0.999971390532434
0.7885,0.51,x,beta,2.2206375501040037,1.3731505219063058,0.9998141724564097
0.7885,0.51,w,no,2.932125241224926,0.6453046671485722,0.9991765196937534
0.7885,0.51,w,D,2.6585666815948668,0.9718801373527238,0.9999491318637991
0.7885,0.51,w,mixed,2.7309252691172623,1.3260470458176439,0.9998993081719936
0.7885,0.51,w,beta,3.2063311102270458,1.4598352280815343,0.9994937023109369
0.7885,0.51,xw,no,3.137196678788991,0.857153708172077,0.9999831239846315
0.7885,0.51,xw,D,3.0154103534953576,0.9999999999999998,1.0
0.7885,0.51,xw,mixed,3.108673894501431,1.309646449180083,0.9998512892773598
0.7885,0.51,xw,beta,3.568338311452398,1.438416734546888,0.9994860089074934
0.829,0.01,,no,2.4885976858218966,0.0,0.0
0.829,0.01,,D,2.5531296395121257,0.021920610514700765,0.8855958441419691
0.829,0.01,,mixed,1.91033416520759,0.9771708650738764,0.9999060043464503
0.829,0.01,,beta,2.099385025891474,1.3985093652567426,0.9998130092009663
0.829,0.01,x,no,2.2333847135937526,0.007178947683636055,0.9471374768779656
0.829,0.01,x,D,2.4005499278352915,0.053104155548888164,0.8824480926105841
0.829,0.01,x,mixed,1.8364412316033465,0.996215391993115,0.9999977679769162
0.829,0.01,x,beta,2.0505032507966177,1.4099306946188352,0.9997001702976775
0.829,0.01,w,no,0.3803589079890911,0.11562648124312894,0.7858808859751071
0.829,0.01,w,D,0.37881637646118405,0.1191787264215315,0.7673737956049822
0.829,0.01,w,mixed,0.06398970704073446,1.9204678765841232,0.9945985693731725
0.829,0.01,w,beta,0.08266248502200459,2.591618366269743,0.9992395990548936
0.829,0.01,xw,no,0.06690004353164747,0.9965292080398417,0.9999990093629337
0.829,0.01,xw,D,0.06666002422492782,0.9999999999999999,1.0
0.829,0.01,xw,mixed,0.05606145599952359,1.9880683034975364,0.9999986071089765
0.829,0.01,xw,beta,0.0808940605504315,2.601685734808849,0.9992074685937699
0.829,0.035,,no,2.4885976858218966,0.0,0.0
0.829,0.035,,D,2.5531296395121257,0.021920610514700765,0.8855958441419691
0.829,0.035,,mixed,1.91033416520759,0.9771708650738764,0.9999060043464503
0.829,0.035,,beta,2.099385025891474,1.3985093652567426,0.9998130092009663
0.829,0.035,x,no,2.1987107237807066,0.03578309682629985,0.9298368550663707
0.829,0.035,x,D,2.411708273091874,0.051632593109467655,0.878487547864595
0.829,0.035,x,mixed,1.8431496768849565,0.9950256711564348,0.9999970377246925
0.829,0.035,x,beta,2.0558486055227414,1.4089347755711543,0.9997053203698956
0.829,0.035,w,no,0.25508448606799683,0.9661075176483542,0.9973640283013305
0.829,0.035,w,D,0.2398150248326474,0.985930101920359,0.9991596548056474
0.829,0.035,w,mixed,0.22328618574309644,1.8806986015650422,0.9999239000680327
0.829,0.035,w,beta,0.47629455501034357,2.058675039016872,0.9977104533501318
0.829,0.035,xw,no,0.24057045278203712,0.9674003860002639,0.9999341333368272
0.829,0.035,xw,D,0.23305058471797885,0.9999999999999999,1.0
0.829,0.035,xw,mixed,0.21857020455238957,1.8907437470000534,0.9999051311704416
0.829,0.035,xw,beta,0.46916573106331444,2.0659199911528967,0.9976129869734179
0.829,0.060000000000000005,,no,2.4885976858218966,0.0,0.0
0.829,0.060000000000000005,,D,2.5531296395121257,0.021920610514700765,0.8855958441419691
0.829,0.060000000000000005,,mixed,1.91033416520759,0.9771708650738764,0.9999060043464503
0.829,0.060000000000000005,,beta,2.099385025891474,1.3985093652567426,0.9998130092009663
0.829,0.060000000000000005,x,no,2.1424813038388884,0.07751833658457281,0.9246036187601794
0.829,0.060000000000000005,x,D,2.42460455889959,0.05026466075109989,0.874334643865865
0.829,0.060000000000000005,x,mixed,1.8510563407799767,0.993847243400948,0.9999962144763089
0.829,0.060000000000000005,x,beta,2.0624002317211705,1.4078091685452985,0.9997106049599684
0.829,0.060000000000000005,w,no,0.4949377805918643,0.8511742961341381,0.9972215043095374
0.829,0.060000000000000005,w,D,0.40860617942052113,0.9870141971433931,0.999986303334381
0.829,0.060000000000000005,w,mixed,0.42258760751597957,1.7704041252329716,0.9997750316016474
0.829,0.060000000000000005,w,beta,0.8422301366695827,1.8757551345658638,0.9977689268545273
0.829,0.060000000000000005,xw,no,0.4220607158881493,0.9350744108662207,0.999836013818719
0.829,0.060000000000000005,xw,D,0.3985967284428443,1.0,1.0
0.829,0.060000000000000005,xw,mixed,0.41374496714418735,1.7813968069317667,0.9997125008768791
0.829,0.060000000000000005,xw,beta,0.8314542107781674,1.8824188666703903,0.9976386824787535
0.829,0.085,,no,2.4885976858218966,0.0,0.0
0.829,0.085,,D,2.5531296395121257,0.021920610514700765,0.8855958441419691
0.829,0.085,,mixed,1.91033416520759,0.9771708650738764,0.9999060043464503
0.829,0.085,,beta,2.099385025891474,1.3985093652567426,0.9998130092009663
0.829,0.085,x,no,2.07199621862695,0.1292139792999369,0.9258010832041844
0.829,0.085,x,D,2.439233051488249,0.04900483811961535,0.8700104127074831
0.829,0.085,x,mixed,1.8601544062333402,0.9926833297814944,0.999995305069626
0.829,0.085,x,beta,2.070150765493717,1.4065571404059714,0.9997160079779962
0.829,0.085,w,no,0.7382933267104439,0.7736016858273292,0.9974337749524205
0.829,0.085,w,D,0.5801582049136769,0.9818174490492482,0.9999619483029458
0.829,0.085,w,mixed,0.6312707206194639,1.6842821520889264,0.9996629689682268
0.829,0.085,w,beta,1.1466188117729033,1.7780715019128728,0.9980216502698541
0.829,0.085,xw,no,0.6029834507005212,0.9119847490438283,0.9998230570753915
0.829,0.085,xw,D,0.5627648492204855,1.0,1.0
0.829,0.085,xw,mixed,0.6203865996237994,1.6946846773940902,0.9995732738202856
0.829,0.085,xw,beta,1.1352429180801942,1.7839388779742433,0.9978832249991879
0.829,0.11,,no,2.4885976858218966,0.0,0.0
0.829,0.11,,D,2.5531296395121257,0.021920610514700765,0.8855958441419691
0.829,0.11,,mixed,1.91033416520759,0.9771708650738764,0.9999060043464503
0.829,0.11,,beta,2.099385025891474,1.3985093652567426,0.9998130092009663
0.829,0.11,x,no,1.994900269710487,0.187404790057993,0.9306225246608613
0.829,0.11,x,D,2.4555868085228374,0.04785763302147007,0.8655438053851172
0.829,0.11,x,mixed,1.870436006822755,0.9915370457333784,0.9999943172504919
0.829,0.11,x,beta,2.0790914065543404,1.4051823240690182,0.99972151360117
0.829,0.11,w,no,0.9653560677826897,0.7230622001000397,0.9972666228463906
0.829,0.11,w,D,0.7453387810880782,0.9804628240690256,0.9999540329411885
0.829,0.11,w,mixed,0.8344990128353063,1.6194745228572942,0.9996163030081161
0.829,0.11,w,beta,1.4037559058282232,1.7150760628988244,0.9982660063710557
0.829,0.11,xw,no,0.7791965691068353,0.8967699247605992,0.9998554199800777
0.829,0.11,xw,D,0.7251179141491376,1.0,1.0
0.829,0.11,xw,mixed,0.8242966037740534,1.6288286315030907,0.9995103613417834
0.829,0.11,xw,beta,1.394714240449787,1.7199975139928985,0.998129149990064
0.829,0.135,,no,2.4885976858218966,0.0,0.0
0.829,0.135,,D,2.5531296395121257,0.021920610514700765,0.8855958441419691
0.829,0.135,,mixed,1.91033416520759,0.9771708650738764,0.9999060043464503
0.829,0.135,,beta,2.099385025891474,1.3985093652567426,0.9998130092009663
0.829,0.135,x,no,1.9180364222838193,0.2487396017733024,0.9373597370674174
0.829,0.135,x,D,2.474313361942725,0.04659690347990354,0.8570974020846289
0.829,0.135,x,mixed,1.881892234016032,0.9904113789067489,0.9999932595490125
0.829,0.135,x,beta,2.0892119321260227,1.40368869428097,0.9997271063585558
0.829,0.135,w,no,1.1764006475048505,0.6872720443957495,0.9975069909223346
0.829,0.135,w,D,0.9054971343984204,0.9795216267914432,0.9999528041084483
0.829,0.135,w,mixed,1.0263710939066983,1.5698703513901648,0.9996117317913343
0.829,0.135,w,beta,1.625799020700991,1.670088869454694,0.99847183130493
0.829,0.135,xw,no,0.9503097099012299,0.8863550618799041,0.999888942455331
0.829,0.135,xw,D,0.885332510915118,1.0,1.0
0.829,0.135,xw,mixed,1.019891741898804,1.5779284825932158,0.9994980287127376
0.829,0.135,xw,beta,1.6219188859775573,1.6739312274719576,0.9983414444412818
0.829,0.16000000000000003,,no,2.4885976858218966,0.0,0.0
0.829,0.16000000000000003,,D,2.5531296395121257,0.021920610514700765,0.8855958441419691
0.829,0.16000000000000003,,mixed,1.91033416520759,0.9771708650738764,0.9999060043464503
0.829,0.16000000000000003,,beta,2.099385025891474,1.3985093652567426,0.9998130092009663
0.829,0.16000000000000003,x,no,1.8467003554387138,0.310315440587399,0.9448703400922317
0.829,0.16000000000000003,x,D,2.501404578127575,0.04307274817923978,0.8032718393291862
0.829,0.16000000000000003,x,mixed,1.8945131468093457,0.989309168679339,0.999992141143536
0.829,0.16000000000000003,x,beta,2.1005007466282386,1.4020805334091522,0.9997327712050198
0.829,0.16000000000000003,w,no,1.3701481067356223,0.6619703345737072,0.9979716644461707
0.829,0.16000000000000003,w,D,1.060253529318584,0.978712443471253,0.9999520287616485
0.829,0.16000000000000003,w,mixed,1.205435276711096,1.5308730010899616,0.9996284268592404
0.829,0.16000000000000003,w,beta,1.8212202399896578,1.6358291113894967,0.9986406372663308
0.829,0.16000000000000003,xw,no,1.1170333883374977,0.8787151473530685,0.9999122393449015
0.829,0.16000000000000003,xw,D,1.0432003083636952,1.0,1.0
0.829,0.16000000000000003,xw,mixed,1.2057925755637924,1.5374829820765,0.9995129672367716
0.829,0.16000000000000003,xw,beta,1.8252278395688897,1.6384764923733732,0.9985191158411666
0.829,0.18500000000000003,,no,2.4885976858218966,0.0,0.0
0.829,0.18500000000000003,,D,2.5531296395121257,0.021920610514700765,0.8855958441419691
0.829,0.18500000000000003,,mixed,1.91033416520759,0.9771708650738764,0.9999060043464503
0.829,0.18500000000000003,,beta,2.099385025891474,1.3985093652567426,0.9998130092009663
0.829,0.18500000000000003,x,no,1.78438496496439,0.36987780949401333,0.9523938570702424
0.829,0.18500000000000003,x,D,2.5418519973116465,0.03537814822811219,0.6348518309737907
0.829,0.18500000000000003,x,mixed,1.9082877834397616,0.9882330877563319,0.9999909717157308
0.829,0.18500000000000003,x,beta,2.112944924748809,1.4003623987222673,0.9997384935843647
0.829,0.18500000000000003,w,no,1.547060200338995,0.6442963898060556,0.9984900813375871
0.829,0.18500000000000003,w,D,1.2092380392313873,0.9780176389471601,0.9999516163324597
0.829,0.18500000000000003,w,mixed,1.3720706171878285,1.4994116783092366,0.9996541549424659
0.829,0.18500000000000003,w,beta,1.9959144575548065,1.6085556737305846,0.9987791833442525
0.829,0.18500000000000003,xw,no,1.2800562358447014,0.8727779638188297,0.9999270365868758
0.829,0.18500000000000003,xw,D,1.1986173959914508,1.0,1.0
0.829,0.18500000000000003,xw,mixed,1.3823321167267502,1.5044769365640287,0.999540825231276
0.829,0.18500000000000003,xw,beta,2.0104427286727145,1.6099080902637188,0.9986675897426365
0.829,0.21000000000000002,,no,2.4885976858218966,0.0,0.0
0.829,0.21000000000000002,,D,2.5531296395121257,0.021920610514700765,0.8855958441419691
0.829,0.21000000000000002,,mixed,1.91033416520759,0.9771708650738764,0.9999060043464503
0.829,0.21000000000000002,,beta,2.099385025891474,1.3985093652567426,0.9998130092009663
0.829,0.21000000000000002,x,no,1.7329293166298174,0.4258740221772952,0.9594601003875713
0.829,0.21000000000000002,x,D,2.5924920453175035,0.0244194494114461,0.352567183169916
0.829,0.21000000000000002,x,mixed,1.9232041766184582,0.9871856257328747,0.9999897613003026
0.829,0.21000000000000002,x,beta,2.1265302644506616,1.3985390873230283,0.9997442594819971
0.829,0.21000000000000002,w,no,1.7084739537012306,0.6322405664400869,0.9989629408282445
0.829,0.21000000000000002,w,D,1.3523214147396978,0.9774192504762425,0.9999514794058854
0.829,0.21000000000000002,w,mixed,1.527312013474727,1.4734482730468672,0.9996825527810311
0.829,0.21000000000000002,w,beta,2.154091101680262,1.5861260130194135,0.9988939408139965
0.829,0.21000000000000002,xw,no,1.4398083363111522,0.868013316561051,0.9999371347515685
0.829,0.21000000000000002,xw,D,1.351566352509876,1.0,1.0
0.829,0.21000000000000002,xw,mixed,1.5504489732297997,1.4769075663004452,0.9995736953685311
0.829,0.21000000000000002,xw,beta,2.181683788858626,1.5860979179992591,0.998792615850143
0.829,0.23500000000000001,,no,2.4885976858218966,0.0,0.0
0.829,0.23500000000000001,,D,2.5531296395121257,0.021920610514700765,0.8855958441419691
0.829,0.23500000000000001,,mixed,1.91033416520759,0.9771708650738764,0.9999060043464503
0.829,0.23500000000000001,,beta,2.099385025891474,1.3985093652567426,0.9998130092009663
0.829,0.23500000000000001,x,no,1.692883785829194,0.4773934716147837,0.9658175453846274
0.829,0.23500000000000001,x,D,2.648240807997237,0.01181250472385813,0.08764009182726462
0.829,0.23500000000000001,x,mixed,1.9392493703719889,0.9861690754056259,0.999988520132924
0.829,0.23500000000000001,x,beta,2.141241347400048,1.3966155997747314,0.9997500554676423
0.829,0.23500000000000001,w,no,1.8560087982003475,0.6243795199085004,0.9993434972317402
0.829,0.23500000000000001,w,D,1.4895558948493286,0.9769006497101514,0.9999515419995094
0.829,0.23500000000000001,w,mixed,1.6723581907797835,1.4516021672198007,0.9997105392562669
0.829,0.23500000000000001,w,beta,2.2988398312584395,1.567214750589647,0.998990103935259
0.829,0.23500000000000001,xw,no,1.5965069127240052,0.8641568370763918,0.9999453937729081
0.829,0.23500000000000001,xw,D,1.5020956195758806,1.0,1.0
0.829,0.23500000000000001,xw,mixed,1.7112247618936964,1.4534184547507651,0.9996074485610915
0.829,0.23500000000000001,xw,beta,2.3419548188492847,1.5657332555029988,0.9988989940486326
0.829,0.26,,no,2.4885976858218966,0.0,0.0
0.829,0.26,,D,2.5531296395121257,0.021920610514700765,0.8855958441419691
0.829,0.26,,mixed,1.91033416520759,0.9771708650738764,0.9999060043464503
0.829,0.26,,beta,2.099385025891474,1.3985093652567426,0.9998130092009663
0.829,0.26,x,no,1.66392946639823,0.5240424316876929,0.9713685691786489
0.829,0.26,x,D,2.705691293259581,-0.0013805334016169656,0.0011065633093636507
0.829,0.26,x,mixed,1.956409444744938,0.9851855201966906,0.9999872584998762
0.829,0.26,x,beta,2.1570616032414676,1.3945971037190141,0.9997558687287547
0.829,0.26,w,no,1.9912943288818472,0.6196881308578047,0.9996180711257615
0.829,0.26,w,D,1.6211203276798098,0.9764473600494272,0.9999517426028903
0.829,0.26,w,mixed,1.8083728481349002,1.432913655929903,0.9997367478266113
0.829,0.26,w,beta,2.432487040056537,1.5509529202072467,0.9990716465707784
0.829,0.26,xw,no,1.7502467214759818,0.8610645004518899,0.9999533562669177
0.829,0.26,xw,D,1.650299563168418,1.0,1.0
0.829,0.26,xw,mixed,1.8656977389546394,1.433067593477648,0.9996400345155926
0.829,0.26,xw,beta,2.493494784369123,1.5479570214747456,0.998990481884551
0.829,0.28500000000000003,,no,2.4885976858218966,0.0,0.0
0.829,0.28500000000000003,,D,2.5531296395121257,0.021920610514700765,0.8855958441419691
0.829,0.28500000000000003,,mixed,1.91033416520759,0.9771708650738764,0.9999060043464503
0.829,0.28500000000000003,,beta,2.099385025891474,1.3985093652567426,0.9998130092009663
0.829,0.28500000000000003,x,no,1.6452423431928471,0.5658008429301622,0.976114244996868
0.829,0.28500000000000003,x,D,2.7610681276102174,-0.014002422791402545,0.09488283925266416
0.829,0.28500000000000003,x,mixed,1.9746695278533264,0.9842368287805612,0.999985986592695
0.829,0.28500000000000003,x,beta,2.1739733734832085,1.392488898917132,0.9997616870953877
0.829,0.28500000000000003,w,no,2.115851916793662,0.6174148089938685,0.9997914868784162
0.829,0.28500000000000003,w,D,1.7472747102257657,0.9760472839569146,0.9999520339398207
0.829,0.28500000000000003,w,mixed,1.9364127197406038,1.41669822076323,0.9997606768252264
0.829,0.28500000000000003,w,beta,2.5568239859093644,1.5367443638901614,0.9991415750732554
0.829,0.28500000000000003,xw,no,1.9010697456648218,0.8586437005543224,0.9999615185207865
0.829,0.28500000000000003,xw,D,1.7963012070329052,1.0,1.0
0.829,0.28500000000000003,xw,mixed,2.0147964365441933,1.4151840222273695,0.9996705175683352
0.829,0.28500000000000003,xw,beta,2.638006133917008,1.5321839737396714,0.9990699680056363
0.829,0.31000000000000005,,no,2.4885976858218966,0.0,0.0
0.829,0.31000000000000005,,D,2.5531296395121257,0.021920610514700765,0.8855958441419691
0.829,0.31000000000000005,,mixed,1.91033416520759,0.9771708650738764,0.9999060043464503
0.829,0.31000000000000005,,beta,2.099385025891474,1.3985093652567426,0.9998130092009663
0.829,0.31000000000000005,x,no,1.6357624882930888,0.6028914304449099,0.9801118663693753
0.829,0.31000000000000005,x,D,2.7685820606142877,-0.01154983278684843,0.04496490030574063
0.829,0.31000000000000005,x,mixed,1.9940138401562504,0.9833246439110784,0.9999847143708327
0.829,0.31000000000000005,x,beta,2.191957988602531,1.39029638050724,0.9997674990573526
0.829,0.31000000000000005,w,no,2.2310505343965708,0.616999276653996,0.9998774959319595
0.829,0.31000000000000005,w,D,1.8683252714960314,0.9756906085344996,0.9999523811155022
0.829,0.31000000000000005,w,mixed,2.057409434846637,1.4024558583391602,0.9997822463071743
0.829,0.31000000000000005,w,beta,2.6732570389729307,1.524164890338948,0.9992021697263417
0.829,0.31000000000000005,xw,no,2.0490070859252185,0.856822920183301,0.9999697091820909
0.829,0.31000000000000005,xw,D,1.9402384544335116,1.0,1.0
0.829,0.31000000000000005,xw,mixed,2.1593236778940565,1.3992785617929007,0.9996985495199202
0.829,0.31000000000000005,xw,beta,2.7768043286683612,1.5180000366506043,0.9991396706439397
0.829,0.335,,no,2.4885976858218966,0.0,0.0
0.829,0.335,,D,2.5531296395121257,0.021920610514700765,0.8855958441419691
0.829,0.335,,mixed,1.91033416520759,0.9771708650738764,0.9999060043464503
0.829,0.335,,beta,2.099385025891474,1.3985093652567426,0.9998130092009663
0.829,0.335,x,no,1.634370033861158,0.6356753521800261,0.983445365349797
0.829,0.335,x,D,2.724082712468394,0.00763314907553314,0.007937529871829052
0.829,0.335,x,mixed,2.014425715592202,0.9824503815915538,0.999983451434965
0.829,0.335,x,beta,2.2109958377703878,1.3880250060188375,0.9997732937745171
0.829,0.335,w,no,2.3380979625673746,0.6180176704861936,0.999892980460908
0.829,0.335,w,D,1.9845993455652577,0.9753695097336232,0.9999527592422267
0.829,0.335,w,mixed,2.1721733779458003,1.3898134308850028,0.9998015707786595
0.829,0.335,w,beta,2.7829093122374178,1.5129034789600275,0.9992551744202404
0.829,0.335,xw,no,2.19410004318457,0.8555394621296664,0.9999774242855678
0.829,0.335,xw,D,2.082253826760298,1.0,1.0
0.829,0.335,xw,mixed,2.2999616282513635,1.3849869106289474,0.9997240847997242
0.829,0.335,xw,beta,2.91091945562896,1.5051035663039722,0.999201303709058
0.829,0.36000000000000004,,no,2.4885976858218966,0.0,0.0
0.829,0.36000000000000004,,D,2.5531296395121257,0.021920610514700765,0.8855958441419691
0.829,0.36000000000000004,,mixed,1.91033416520759,0.9771708650738764,0.9999060043464503
0.829,0.36000000000000004,,beta,2.099385025891474,1.3985093652567426,0.9998130092009663
0.829,0.36000000000000004,x,no,1.639987614607248,0.6645769903631789,0.9862065553417425
0.829,0.36000000000000004,x,D,2.6448879825771585,0.03868562280046218,0.08739865585929019
0.829,0.36000000000000004,x,mixed,2.035887639361588,0.9816152289391648,0.9999822069131381
0.829,0.36000000000000004,x,beta,2.231066451235141,1.385680261238402,0.9997790610810908
0.829,0.36000000000000004,w,no,2.4380482236702457,0.62014519984666,0.9998547195022364
0.829,0.36000000000000004,w,D,2.0964280522326697,0.9750778385130477,0.9999531511371655
0.829,0.36000000000000004,w,mixed,2.2814056805897827,1.3784870911606868,0.9998188441637873
0.829,0.36000000000000004,w,beta,2.8866911416743966,1.5027262898380676,0.999301936931571
0.829,0.36000000000000004,xw,no,2.3364082877272594,0.8547351252473866,0.9999840736699438
0.829,0.36000000000000004,xw,D,2.2224873143446393,0.9999999999999999,1.0
0.829,0.36000000000000004,xw,mixed,2.437284340175845,1.3720325541062428,0.9997472272200144
0.829,0.36000000000000004,xw,beta,3.0411670816716825,1.4932693800686574,0.999256203912251
0.829,0.385,,no,2.4885976858218966,0.0,0.0
0.829,0.385,,D,2.5531296395121257,0.021920610514700765,0.8855958441419691
0.829,0.385,,mixed,1.91033416520759,0.9771708650738764,0.9999060043464503
0.829,0.385,,beta,2.099385025891474,1.3985093652567426,0.9998130092009663
0.829,0.385,x,no,1.6516325550965365,0.6900340535463229,0.9884843622134591
0.829,0.385,x,D,2.543956196017515,0.0780886465522522,0.18463336744721925
0.829,0.385,x,mixed,2.0583812867489595,0.9808201451769978,0.999980989361474
0.829,0.385,x,beta,2.252148576337821,1.3832676298806599,0.9997847914847277
0.829,0.385,w,no,2.5318157157747385,0.6231302448477798,0.9997777779784848
0.829,0.385,w,D,2.204135043343117,0.9748108008190324,0.9999535453492043
0.829,0.385,w,mixed,2.3857123375082465,1.3682571781692159,0.9998342827530727
0.829,0.385,w,beta,2.985350124940484,1.4934537174196676,0.9993435106698515
0.829,0.385,xw,no,2.47601097509274,0.8543550907515017,0.9999891354265298
0.829,0.385,xw,D,2.3610717602513196,1.0,1.0
0.829,0.385,xw,mixed,2.5717723864178565,1.3602019421717952,0.9997681479141549
0.829,0.385,xw,beta,3.1681988445625335,1.48232582121593,0.99930542504246
0.829,0.41000000000000003,,no,2.4885976858218966,0.0,0.0
0.829,0.41000000000000003,,D,2.5531296395121257,0.021920610514700765,0.8855958441419691
0.829,0.41000000000000003,,mixed,1.91033416520759,0.9771708650738764,0.9999060043464503
0.829,0.41000000000000003,,beta,2.099385025891474,1.3985093652567426,0.9998130092009663
0.829,0.41000000000000003,x,no,1.668434707754468,0.7124682359463944,0.990359408916958
0.829,0.41000000000000003,x,D,2.4308985907272858,0.12324526335758716,0.2762816331977813
0.829,0.41000000000000003,x,mixed,2.0818875656267855,0.98006586484488,0.9999798066806522
0.829,0.41000000000000003,x,beta,2.274220286753471,1.3807925574677185,0.9997904761611986
0.829,0.41000000000000003,w,no,2.6201913600581532,0.6267760432082261,0.9996748661395288
0.829,0.41000000000000003,w,D,2.3080296096344206,0.9745646771106623,0.9999539345810193
0.829,0.41000000000000003,w,mixed,2.485617788664208,1.3589510806563538,0.9998480980204678
0.829,0.41000000000000003,w,beta,3.0795073434325286,1.4849452588414018,0.9993807282519596
0.829,0.41000000000000003,xw,no,2.613004355744056,0.8543479531850491,0.9999922340854006
0.829,0.41000000000000003,xw,D,2.4981301816421317,0.9999999999999999,1.0
0.829,0.41000000000000003,xw,mixed,2.7038268693818703,1.3493275508664122,0.9997870418645253
0.829,0.41000000000000003,xw,beta,3.2925390812243567,1.4721396757836118,0.9993498072101197
0.829,0.43500000000000005,,no,2.4885976858218966,0.0,0.0
0.829,0.43500000000000005,,D,2.5531296395121257,0.021920610514700765,0.8855958441419691
0.829,0.43500000000000005,,mixed,1.91033416520759,0.9771708650738764,0.9999060043464503
0.829,0.43500000000000005,,beta,2.099385025891474,1.3985093652567426,0.9998130092009663
0.829,0.43500000000000005,x,no,1.6896424760385027,0.7322674601715159,0.9919019082276217
0.829,0.43500000000000005,x,D,2.31333809130146,0.17197075977280196,0.3590307988901882
0.829,0.43500000000000005,x,mixed,2.1063866632487724,0.9793529028542567,0.9999786660488865
0.829,0.43500000000000005,x,beta,2.2972589318668835,1.378260456203776,0.9997961069453446
0.829,0.43500000000000005,w,no,2.703858502824277,0.6309275130862395,0.999556243229935
0.829,0.43500000000000005,w,D,2.408402835658737,0.9743365881456559,0.9999543144808417
0.829,0.43500000000000005,w,mixed,2.581577084608584,1.3504312821225553,0.9998604847406319
0.829,0.43500000000000005,w,beta,3.169684185327631,1.4770892188624272,0.9994142549420865
0.829,0.43500000000000005,xw,no,2.7474980478044677,0.8546660084719979,0.999993164394192
0.829,0.43500000000000005,xw,D,2.6337744981788935,0.9999999999999999,1.0
0.829,0.43500000000000005,xw,mixed,2.833782256074141,1.339276020645401,0.9998041054105403
0.829,0.43500000000000005,xw,beta,3.414612659857738,1.46260582959005,0.9993900277119966
0.829,0.46,,no,2.4885976858218966,0.0,0.0
0.829,0.46,,D,2.5531296395121257,0.021920610514700765,0.8855958441419691
0.829,0.46,,mixed,1.91033416520759,0.9771708650738764,0.9999060043464503
0.829,0.46,,beta,2.099385025891474,1.3985093652567426,0.9998130092009663
0.829,0.46,x,no,1.714610692698537,0.7497803579517246,0.9931714407315541
0.829,0.46,x,D,2.196118380692969,0.22279303123737293,0.43312022888386015
0.829,0.46,x,mixed,2.131858095162207,0.9786815617450998,0.9999775738716336
0.829,0.46,x,beta,2.321241487609565,1.3756766152409499,0.9998016763189358
0.829,0.46,w,no,2.783407573417788,0.6354616167738744,0.999429899831444
0.829,0.46,w,D,2.505525816091854,0.9741243052970898,0.9999546827437937
0.829,0.46,w,mixed,2.6739863809412383,1.342586861906713,0.9998716168345042
0.829,0.46,w,beta,3.2563221550263344,1.4697955909000053,0.9994446277787414
0.829,0.46,xw,no,2.8796110618582587,0.8552654878764527,0.9999918813139294
0.829,0.46,xw,D,2.768105232626064,0.9999999999999998,1.0
0.829,0.46,xw,mixed,2.961916477872954,1.329939926391458,0.9998195251678581
0.829,0.46,xw,beta,3.5347645418177245,1.45364030658454,0.9994266385769256
0.829,0.48500000000000004,,no,2.4885976858218966,0.0,0.0
0.829,0.48500000000000004,,D,2.5531296395121257,0.021920610514700765,0.8855958441419691
0.829,0.48500000000000004,,mixed,1.91033416520759,0.9771708650738764,0.9999060043464503
0.829,0.48500000000000004,,beta,2.099385025891474,1.3985093652567426,0.9998130092009663
0.829,0.48500000000000004,x,no,1.742792192584284,0.7653136134679153,0.9942177029719388
0.829,0.48500000000000004,x,D,2.0838295278078127,0.2741182373522768,0.49939211030155695
0.829,0.48500000000000004,x,mixed,2.158280758335828,0.9780519403076282,0.9999765357478227
0.829,0.48500000000000004,x,beta,2.3461443722857864,1.3730462424959529,0.9998071773959877
0.829,0.48500000000000004,w,no,2.859349131741884,0.6402802099141165,0.999301860811158
0.829,0.48500000000000004,w,D,2.5996492197541157,0.973926100210656,0.9999550384570612
0.829,0.48500000000000004,w,mixed,2.763191949318029,1.335327322216951,0.9998816470004372
0.829,0.48500000000000004,w,beta,3.339798619365389,1.4629908735219272,0.9994722844993496
0.829,0.48500000000000004,xw,no,3.0094681488005923,0.8561066456604668,0.9999884724313685
0.829,0.48500000000000004,xw,D,2.901211847032502,0.9999999999999999,1.0
0.829,0.48500000000000004,xw,mixed,3.088461322476268,1.321231496054976,0.9998334731243463
0.829,0.48500000000000004,xw,beta,3.653277959697928,1.4451748216060634,0.9994600944796576
0.829,0.51,,no,2.4885976858218966,0.0,0.0
0.829,0.51,,D,2.5531296395121257,0.021920610514700765,0.8855958441419691
0.829,0.51,,mixed,1.91033416520759,0.9771708650738764,0.9999060043464503
0.829,0.51,,beta,2.099385025891474,1.3985093652567426,0.9998130092009663
0.829,0.51,x,no,1.7737232350022245,0.7791342870342065,0.9950816744211571
0.829,0.51,x,D,1.97827835049346,0.3251594264835042,0.5584746976231297
0.829,0.51,x,mixed,2.18563298695643,0.9774639436860721,0.9999755564519931
0.829,0.51,x,beta,2.3719436569252967,1.3703744133512359,0.9998126039060026
0.829,0.51,w,no,2.932125241224926,0.6453046671485722,0.9991765196937534
0.829,0.51,w,D,2.6910036977219773,0.9737406279948215,0.9999553816300536
0.829,0.51,w,mixed,2.849497204453392,1.3285781557168168,0.9998907080830775
0.829,0.51,w,beta,3.420438063296412,1.4566144546631337,0.9994975851432958
0.829,0.51,xw,no,3.137196678788991,0.857153708172077,0.9999831239846315
0.829,0.51,xw,D,3.033173465101977,1.0,1.0
0.829,0.51,xw,mixed,3.213609626822694,1.313078295347664,0.9998461050337358
0.829,0.51,xw,beta,3.770384209448436,1.4371535039398138,0.9994907736665576
0.8695,0.01,,no,2.4885976858218966,0.0,0.0
0.8695,0.01,,D,2.5616094146364157,0.020288424090252645,0.8824724070397316
0.8695,0.01,,mixed,1.9951110664158898,0.9792196024455897,0.9999221504165753
0.8695,0.01,,beta,2.264440283919577,1.3928232582352165,0.9998112535367858
0.8695,0.01,x,no,2.2333847135937526,0.007178947683636055,0.9471374768779656
0.8695,0.01,x,D,2.419935448146461,0.04913313667898541,0.8795659292542345
0.8695,0.01,x,mixed,1.9247299522835268,0.9965591291984863,0.9999981554709555
0.8695,0.01,x,beta,2.2171396688411362,1.4030602379682242,0.9997098903715292
0.8695,0.01,w,no,0.3803589079890911,0.11562648124312894,0.7858808859751071
0.8695,0.01,w,D,0.37903361719848766,0.1188535759170012,0.7657651899371298
0.8695,0.01,w,mixed,0.06597158517394038,1.9293087933167303,0.9955918772058957
0.8695,0.01,w,beta,0.09301348512333688,2.5729334750271806,0.9991784951227457
0.8695,0.01,xw,no,0.06690004353164747,0.9965292080398417,0.9999990093629337
0.8695,0.01,xw,D,0.0666606282497061,1.0,1.0
0.8695,0.01,xw,mixed,0.05879935193616519,1.9880686600773232,0.9999986071912342
0.8695,0.01,xw,beta,0.09128991461855442,2.5816096644707067,0.9991399852621804
0.8695,0.035,,no,2.4885976858218966,0.0,0.0
0.8695,0.035,,D,2.5616094146364157,0.020288424090252645,0.8824724070397316
0.8695,0.035,,mixed,1.9951110664158898,0.9792196024455897,0.9999221504165753
0.8695,0.035,,beta,2.264440283919577,1.3928232582352165,0.9998112535367858
0.8695,0.035,x,no,2.1987107237807066,0.03578309682629985,0.9298368550663707
0.8695,0.035,x,D,2.4303012342513775,0.04776456865154081,0.8755678583485752
0.8695,0.035,x,mixed,1.931124891943848,0.9954765025175365,0.9999975509323625
0.8695,0.035,x,beta,2.22229904705017,1.4021715391897853,0.999714464538767
0.8695,0.035,w,no,0.25508448606799683,0.9661075176483542,0.9973640283013305
0.8695,0.035,w,D,0.23967827471440062,0.9861634889284174,0.9991579738847256
0.8695,0.035,w,mixed,0.23373942885814933,1.8815301951145966,0.9999237871552528
0.8695,0.035,w,beta,0.5270698241675974,2.041672276666178,0.9976868746556454
0.8695,0.035,xw,no,0.24057045278203712,0.9674003860002639,0.9999341333368272
0.8695,0.035,xw,D,0.23307612845229045,0.9999999999999999,1.0
0.8695,0.035,xw,mixed,0.2291979608219676,1.8907741981747603,0.9999051773932643
0.8695,0.035,xw,beta,0.5199223080831311,2.0482399276155308,0.9975939891576722
0.8695,0.060000000000000005,,no,2.4885976858218966,0.0,0.0
0.8695,0.060000000000000005,,D,2.5616094146364157,0.020288424090252645,0.8824724070397316
0.8695,0.060000000000000005,,mixed,1.9951110664158898,0.9792196024455897,0.9999221504165753
0.8695,0.060000000000000005,,beta,2.264440283919577,1.3928232582352165,0.9998112535367858
0.8695,0.060000000000000005,x,no,2.1424813038388884,0.07751833658457281,0.9246036187601794
0.8695,0.060000000000000005,x,D,2.442288482879015,0.04648392708265211,0.8713655369186977
0.8695,0.060000000000000005,x,mixed,1.9386629638054076,0.9944032176903734,0.9999968683675656
0.8695,0.060000000000000005,x,beta,2.2286202227731997,1.4011675479588086,0.9997191669653571
0.8695,0.060000000000000005,w,no,0.4949377805918643,0.8511742961341381,0.9972215043095374
0.8695,0.060000000000000005,w,D,0.40781973516358494,0.9881878057225333,0.9999887072509775
0.8695,0.060000000000000005,w,mixed,0.4421137387394085,1.771510777417429,0.9997703584413989
0.8695,0.060000000000000005,w,beta,0.9220203810402435,1.86237147453245,0.9977825697853275
0.8695,0.060000000000000005,xw,no,0.4220607158881493,0.9350744108662207,0.999836013818719
0.8695,0.060000000000000005,xw,D,0.39872179314791756,1.0,1.0
0.8695,0.060000000000000005,xw,mixed,0.43367675022267843,1.7815266948347055,0.9997127364965593
0.8695,0.060000000000000005,xw,beta,0.9113656423640802,1.8683877722720432,0.997663135947901
0.8695,0.085,,no,2.4885976858218966,0.0,0.0
0.8695,0.085,,D,2.5616094146364157,0.020288424090252645,0.8824724070397316
0.8695,0.085,,mixed,1.9951110664158898,0.9792196024455897,0.9999221504165753
0.8695,0.085,,beta,2.264440283919577,1.3928232582352165,0.9998112535367858
0.8695,0.085,x,no,2.07199621862695,0.1292139792999369,0.9258010832041844
0.8695,0.085,x,D,2.455893211412185,0.04529493006315975,0.8669754693431754
0.8695,0.085,x,mixed,1.9473382753597777,0.9933419494810469,0.9999961129382852
0.8695,0.085,x,beta,2.2360965606520873,1.400050916235136,0.9997239842405606
0.8695,0.085,w,no,0.7382933267104439,0.7736016858273292,0.9974337749524205
0.8695,0.085,w,D,0.5789526611476395,0.983420954162256,0.9999686038658453
0.8695,0.085,w,mixed,0.6602612390411982,1.685498788931949,0.9996556372251273
0.8695,0.085,w,beta,1.2476369016885172,1.7668458808374268,0.9980494813290114
0.8695,0.085,xw,no,0.6029834507005212,0.9119847490438283,0.9998230570753915
0.8695,0.085,xw,D,0.5631056855852049,1.0,1.0
0.8695,0.085,xw,mixed,0.6498979073316398,1.6949614488509808,0.9995736338122512
0.8695,0.085,xw,beta,1.2364283718482847,1.7721516755875686,0.9979237078873798
0.8695,0.11,,no,2.4885976858218966,0.0,0.0
0.8695,0.11,,D,2.5616094146364157,0.020288424090252645,0.8824724070397316
0.8695,0.11,,mixed,1.9951110664158898,0.9792196024455897,0.9999221504165753
0.8695,0.11,,beta,2.264440283919577,1.3928232582352165,0.9998112535367858
0.8695,0.11,x,no,1.994900269710487,0.187404790057993,0.9306225246608613
0.8695,0.11,x,D,2.4711105761691714,0.04420132448663881,0.8624212502355642
0.8695,0.11,x,mixed,1.9571440271886822,0.9922952930337682,0.9999952905095889
0.8695,0.11,x,beta,2.2447201219381134,1.3988245999731463,0.9997289030887454
0.8695,0.11,w,no,0.9653560677826897,0.7230622001000397,0.9972666228463906
0.8695,0.11,w,D,0.7443034197080577,0.9821349440538308,0.9999616206706057
0.8695,0.11,w,mixed,0.8726384730778445,1.6207666353996684,0.9996075337939409
0.8695,0.11,w,beta,1.5212889878199454,1.7053091453592186,0.9982976590269611
0.8695,0.11,xw,no,0.7791965691068353,0.8967699247605992,0.9998554199800777
0.8695,0.11,xw,D,0.7258172430301929,1.0,1.0
0.8695,0.11,xw,mixed,0.862928154191098,1.6292775678914673,0.9995106201516993
0.8695,0.11,xw,beta,1.512362988463102,1.7097717260447343,0.9981740507287857
0.8695,0.135,,no,2.4885976858218966,0.0,0.0
0.8695,0.135,,D,2.5616094146364157,0.020288424090252645,0.8824724070397316
0.8695,0.135,,mixed,1.9951110664158898,0.9792196024455897,0.9999221504165753
0.8695,0.135,,beta,2.264440283919577,1.3928232582352165,0.9998112535367858
0.8695,0.135,x,no,1.9180364222838193,0.2487396017733024,0.9373597370674174
0.8695,0.135,x,D,2.488550501774971,0.04299131645713794,0.8537868321698028
0.8695,0.135,x,mixed,1.9680725182565322,0.9912657469823474,0.9999944075644881
0.8695,0.135,x,beta,2.2544816922516824,1.3974918374570988,0.9997339104398245
0.8695,0.135,w,no,1.1764006475048505,0.6872720443957495,0.9975069909223346
0.8695,0.135,w,D,0.9050278318822729,0.9812322095835436,0.9999603988966296
0.8695,0.135,w,mixed,1.073060116153639,1.5712307534939949,0.999602091231582
0.8695,0.135,w,beta,1.7567683992565928,1.6613913818843768,0.998503110580269
0.8695,0.135,xw,no,0.9503097099012299,0.8863550618799041,0.999888942455331
0.8695,0.135,xw,D,0.8865431944238801,1.0,1.0
0.8695,0.135,xw,mixed,1.0669033895379412,1.5785630485072886,0.9994979695948923
0.8695,0.135,xw,beta,1.7528407481655288,1.6648927182010365,0.9983857835711971
0.8695,0.16000000000000003,,no,2.4885976858218966,0.0,0.0
0.8695,0.16000000000000003,,D,2.5616094146364157,0.020288424090252645,0.8824724070397316
0.8695,0.16000000000000003,,mixed,1.9951110664158898,0.9792196024455897,0.9999221504165753
0.8695,0.16000000000000003,,beta,2.264440283919577,1.3928232582352165,0.9998112535367858
0.8695,0.16000000000000003,x,no,1.8467003554387138,0.310315440587399,0.9448703400922317
0.8695,0.16000000000000003,x,D,2.5137318390662777,0.03969219625943459,0.7997013181648505
0.8695,0.16000000000000003,x,mixed,1.9801151530350576,0.9902556976850772,0.9999934711095342
0.8695,0.16000000000000003,x,beta,2.2653708154771444,1.3960561256425996,0.9997389934923891
0.8695,0.16000000000000003,w,no,1.3701481067356223,0.6619703345737072,0.9979716644461707
0.8695,0.16000000000000003,w,D,1.0607392946564564,0.9804460113883522,0.9999595429215433
0.8695,0.16000000000000003,w,mixed,1.2600131888959754,1.532297459605571,0.9996183126919058
0.8695,0.16000000000000003,w,beta,1.9634701788200648,1.6279617738525132,0.9986698923882069
0.8695,0.16000000000000003,xw,no,1.1170333883374977,0.8787151473530685,0.9999122393449015
0.8695,0.16000000000000003,xw,D,1.0450709031135799,1.0,1.0
0.8695,0.16000000000000003,xw,mixed,1.2603833649745786,1.5383099332940156,0.9995124446162182
0.8695,0.16000000000000003,xw,beta,1.9671556241557502,1.6303977714246516,0.9985607706031032
0.8695,0.18500000000000003,,no,2.4885976858218966,0.0,0.0
0.8695,0.18500000000000003,,D,2.5616094146364157,0.020288424090252645,0.8824724070397316
0.8695,0.18500000000000003,,mixed,1.9951110664158898,0.9792196024455897,0.9999221504165753
0.8695,0.18500000000000003,,beta,2.264440283919577,1.3928232582352165,0.9998112535367858
0.8695,0.18500000000000003,x,no,1.78438496496439,0.36987780949401333,0.9523938570702424
0.8695,0.18500000000000003,x,D,2.551153434929266,0.03258194056912998,0.63225389845831
0.8695,0.18500000000000003,x,mixed,1.9932624502451335,0.9892674048853975,0.9999924885735599
0.8695,0.18500000000000003,x,beta,2.277375837334958,1.3945211939917777,0.999744139769417
0.8695,0.18500000000000003,w,no,1.547060200338995,0.6442963898060556,0.9984900813375871
0.8695,0.18500000000000003,w,D,1.2110398244976006,0.9797628395034296,0.999958990887456
0.8695,0.18500000000000003,w,mixed,1.4338984413567963,1.5008977207600933,0.9996438335435969
0.8695,0.18500000000000003,w,beta,2.147858548941371,1.601359282520665,0.9988058542875127
0.8695,0.18500000000000003,xw,no,1.2800562358447014,0.8727779638188297,0.9999270365868758
0.8695,0.18500000000000003,xw,D,1.2012814300020278,1.0,1.0
0.8695,0.18500000000000003,xw,mixed,1.4437295023232053,1.5054991359283647,0.9995397655224822
0.8695,0.18500000000000003,xw,beta,2.1616825647059588,1.6026389886956791,0.9987057340323648
0.8695,0.21000000000000002,,no,2.4885976858218966,0.0,0.0
0.8695,0.21000000000000002,,D,2.5616094146364157,0.020288424090252645,0.8824724070397316
0.8695,0.21000000000000002,,mixed,1.9951110664158898,0.9792196024455897,0.9999221504165753
0.8695,0.21000000000000002,,beta,2.264440283919577,1.3928232582352165,0.9998112535367858
0.8695,0.21000000000000002,x,no,1.7329293166298174,0.4258740221772952,0.9594601003875713
0.8695,0.21000000000000002,x,D,2.597867114326773,0.022493989229096636,0.3523959490596148
0.8695,0.21000000000000002,x,mixed,2.0075040536706044,0.988302988878064,0.999991467701832
0.8695,0.21000000000000002,x,beta,2.290483949706929,1.3928909781631151,0.999749337166612
0.8695,0.21000000000000002,w,no,1.7084739537012306,0.6322405664400869,0.9989629408282445
0.8695,0.21000000000000002,w,D,1.3557522138855624,0.9791682741849791,0.9999586794127617
0.8695,0.21000000000000002,w,mixed,1.595802308243669,1.474994272105118,0.999672197850301
0.8695,0.21000000000000002,w,beta,2.3145146262399505,1.579488842494127,0.9989179410562637
0.8695,0.21000000000000002,xw,no,1.4398083363111522,0.868013316561051,0.9999371347515685
0.8695,0.21000000000000002,xw,D,1.355135885152587,1.0,1.0
0.8695,0.21000000000000002,xw,mixed,1.6179424230945527,1.4781248024503457,0.9995720797792051
0.8695,0.21000000000000002,xw,beta,2.3409230678735433,1.579532585441323,0.9988270296531351
0.8695,0.23500000000000001,,no,2.4885976858218966,0.0,0.0
0.8695,0.23500000000000001,,D,2.5616094146364157,0.020288424090252645,0.8824724070397316
0.8695,0.23500000000000001,,mixed,1.9951110664158898,0.9792196024455897,0.9999221504165753
0.8695,0.23500000000000001,,beta,2.264440283919577,1.3928232582352165,0.9998112535367858
0.8695,0.23500000000000001,x,no,1.692883785829194,0.4773934716147837,0.9658175453846274
0.8695,0.23500000000000001,x,D,2.6492254364304233,0.010892560134945476,0.0882940775500578
0.8695,0.23500000000000001,x,mixed,2.0228287450042988,0.9873644193674678,0.9999904164479335
0.8695,0.23500000000000001,x,beta,2.3046812426095626,1.3911695922515548,0.9997545739935536
0.8695,0.23500000000000001,w,no,1.8560087982003475,0.6243795199085004,0.9993434972317402
0.8695,0.23500000000000001,w,D,1.4948720158780384,0.978648458782408,0.9999585506055287
0.8695,0.23500000000000001,w,mixed,1.7469816844852548,1.453207073769344,0.9997002619889632
0.8695,0.23500000000000001,w,beta,2.466783456264378,1.5610550417804185,0.9990115471978473
0.8695,0.23500000000000001,xw,no,1.5965069127240052,0.8641568370763918,0.9999453937729081
0.8695,0.23500000000000001,xw,D,1.5066586791411432,1.0,1.0
0.8695,0.23500000000000001,xw,mixed,1.7841738048070144,1.4548284030889103,0.999605295018681
0.8695,0.23500000000000001,xw,beta,2.508141042641385,1.5597945154344428,0.9989297417671624
0.8695,0.26,,no,2.4885976858218966,0.0,0.0
0.8695,0.26,,D,2.5616094146364157,0.020288424090252645,0.8824724070397316
0.8695,0.26,,mixed,1.9951110664158898,0.9792196024455897,0.9999221504165753
0.8695,0.26,,beta,2.264440283919577,1.3928232582352165,0.9998112535367858
0.8695,0.26,x,no,1.66392946639823,0.5240424316876929,0.9713685691786489
0.8695,0.26,x,D,2.7021020222006706,-0.0012538152918575233,0.0010882775977244519
0.8695,0.26,x,mixed,2.0392244623913283,0.9864535051438692,0.9999893428656736
0.8695,0.26,x,beta,2.319952755012819,1.3893613018716724,0.9997598390079736
0.8695,0.26,w,no,1.9912943288818472,0.6196881308578047,0.9996180711257615
0.8695,0.26,w,D,1.6285206866874313,0.9781909341994013,0.9999585554425252
0.8695,0.26,w,mixed,1.888656458588664,1.4345767369734246,0.9997266181668877
0.8695,0.26,w,beta,2.607173792833872,1.5452088813381069,0.9990907229929493
0.8695,0.26,xw,no,1.7502467214759818,0.8610645004518899,0.9999533562669177
0.8695,0.26,xw,D,1.6559205496029694,1.0,1.0
0.8695,0.26,xw,mixed,1.9435309584838318,1.4346662100289025,0.9996373834063328
0.8695,0.26,xw,beta,2.6657681286761696,1.54258542978121,0.9990177572830684
0.8695,0.28500000000000003,,no,2.4885976858218966,0.0,0.0
0.8695,0.28500000000000003,,D,2.5616094146364157,0.020288424090252645,0.8824724070397316
0.8695,0.28500000000000003,,mixed,1.9951110664158898,0.9792196024455897,0.9999221504165753
0.8695,0.28500000000000003,,beta,2.264440283919577,1.3928232582352165,0.9998112535367858
0.8695,0.28500000000000003,x,no,1.6452423431928471,0.5658008429301622,0.976114244996868
0.8695,0.28500000000000003,x,D,2.7530074336660815,-0.01287602347077466,0.09605267757762259
0.8695,0.28500000000000003,x,mixed,2.0566783075254063,0.9855718894662455,0.9999882550032292
0.8695,0.28500000000000003,x,beta,2.3362825357389214,1.3874704957031145,0.9997651214435332
0.8695,0.28500000000000003,w,no,2.115851916793662,0.6174148089938685,0.9997914868784162
0.8695,0.28500000000000003,w,D,1.7569050198496876,0.977784984384895,0.9999586545878084
0.8695,0.28500000000000003,w,mixed,2.021934405681069,1.418418894664593,0.9997507377742316
0.8695,0.28500000000000003,w,beta,2.737611466960749,1.5313680449572717,0.9991584948915596
0.8695,0.28500000000000003,xw,no,1.9010697456648218,0.8586437005543224,0.9999615185207865
0.8695,0.28500000000000003,xw,D,1.8030232290773183,1.0,1.0
0.8695,0.28500000000000003,xw,mixed,2.0970064919782323,1.4169659234204617,0.999667421620835
0.8695,0.28500000000000003,xw,beta,2.8156509116832975,1.5273322387540031,0.9990940178939931
0.8695,0.31000000000000005,,no,2.4885976858218966,0.0,0.0
0.8695,0.31000000000000005,,D,2.5616094146364157,0.020288424090252645,0.8824724070397316
0.8695,0.31000000000000005,,mixed,1.9951110664158898,0.9792196024455897,0.9999221504165753
0.8695,0.31000000000000005,,beta,2.264440283919577,1.3928232582352165,0.9998112535367858
0.8695,0.31000000000000005,x,no,1.6357624882930888,0.6028914304449099,0.9801118663693753
0.8695,0.31000000000000005,x,D,2.7565672683675353,-0.009550365427222252,0.03486874366495041
0.8695,0.31000000000000005,x,mixed,2.075176581097174,0.984721040093124,0.9999871608015757
0.8695,0.31000000000000005,x,beta,2.3536537026599045,1.3855016584792863,0.9997704110315662
0.8695,0.31000000000000005,w,no,2.2310505343965708,0.616999276653996,0.9998774959319595
0.8695,0.31000000000000005,w,D,1.8802846819701133,0.9774216838880547,0.9999588177337188
0.8695,0.31000000000000005,w,mixed,2.147792154527889,1.4042336266106499,0.9997725233554045
0.8695,0.31000000000000005,w,beta,2.859604885412438,1.5191182579025047,0.9992171382732196
0.8695,0.31000000000000005,xw,no,2.0490070859252185,0.856822920183301,0.9999697091820909
0.8695,0.31000000000000005,xw,D,1.9480866913400952,0.9999999999999999,1.0
0.8695,0.31000000000000005,xw,mixed,2.245461361732641,1.4012372956592831,0.9996950669986716
0.8695,0.31000000000000005,xw,beta,2.9592167068894546,1.5136292995581784,0.9991607570191215
0.8695,0.335,,no,2.4885976858218966,0.0,0.0
0.8695,0.335,,D,2.5616094146364157,0.020288424090252645,0.8824724070397316
0.8695,0.335,,mixed,1.9951110664158898,0.9792196024455897,0.9999221504165753
0.8695,0.335,,beta,2.264440283919577,1.3928232582352165,0.9998112535367858
0.8695,0.335,x,no,1.634370033861158,0.6356753521800261,0.983445365349797
0.8695,0.335,x,D,2.708444827189446,0.01049891250312741,0.015580308622004546
0.8695,0.335,x,mixed,2.0947047968395487,0.9839022479179579,0.9999860679990592
0.8695,0.335,x,beta,2.3720485098768007,1.3834593433493552,0.9997756980172803
0.8695,0.335,w,no,2.3380979625673746,0.6180176704861936,0.999892980460908
0.8695,0.335,w,D,1.9989478515648955,0.9770937433363555,0.9999590222745329
0.8695,0.335,w,mixed,2.267079343027619,1.391647822075592,0.9997920780689875
0.8695,0.335,w,beta,2.974356321408456,1.5081558001199802,0.9992683818685159
0.8695,0.335,xw,no,2.19410004318457,0.8555394621296664,0.9999774242855678
0.8695,0.335,xw,D,2.091239226378923,1.0,1.0
0.8695,0.335,xw,mixed,2.3896299032278994,1.3871151926697194,0.9997202750771057
0.8695,0.335,xw,beta,3.0975839267652074,1.5011810997193251,0.9992196851382588
0.8695,0.36000000000000004,,no,2.4885976858218966,0.0,0.0
0.8695,0.36000000000000004,,D,2.5616094146364157,0.020288424090252645,0.8824724070397316
0.8695,0.36000000000000004,,mixed,1.9951110664158898,0.9792196024455897,0.9999221504165753
0.8695,0.36000000000000004,,beta,2.264440283919577,1.3928232582352165,0.9998112535367858
0.8695,0.36000000000000004,x,no,1.639987614607248,0.6645769903631789,0.9862065553417425
0.8695,0.36000000000000004,x,D,2.6259756837475803,0.04243587651887192,0.10559828755203093
0.8695,0.36000000000000004,x,mixed,2.115247710608584,0.9831166240022136,0.9999849840437126
0.8695,0.36000000000000004,x,beta,2.3914484075536895,1.3813481473048348,0.9997809731709376
0.8695,0.36000000000000004,w,no,2.4380482236702457,0.62014519984666,0.9998547195022364
0.8695,0.36000000000000004,w,D,2.1131937043973417,0.9767953030886656,0.9999592518156867
0.8695,0.36000000000000004,w,mixed,2.380531183227621,1.3803776292977834,0.9998095885079387
0.8695,0.36000000000000004,w,beta,3.0828387620837074,1.4982523269646757,0.9993135549821069
0.8695,0.36000000000000004,xw,no,2.3364082877272594,0.8547351252473866,0.9999840736699438
0.8695,0.36000000000000004,xw,D,2.2326101697291656,0.9999999999999999,1.0
0.8695,0.36000000000000004,xw,mixed,2.5301328031889034,1.3743224671330385,0.9997431479820996
0.8695,0.36000000000000004,xw,beta,3.231642861021318,1.4897664328551086,0.9992721267006098
0.8695,0.385,,no,2.4885976858218966,0.0,0.0
0.8695,0.385,,D,2.5616094146364157,0.020288424090252645,0.8824724070397316
0.8695,0.385,,mixed,1.9951110664158898,0.9792196024455897,0.9999221504165753
0.8695,0.385,,beta,2.264440283919577,1.3928232582352165,0.9998112535367858
0.8695,0.385,x,no,1.6516325550965365,0.6900340535463229,0.9884843622134591
0.8695,0.385,x,D,2.5224638806043838,0.08263963152656595,0.20560315474093271
0.8695,0.385,x,mixed,2.1367893488757264,0.9823650993136535,0.9999839160146399
0.8695,0.385,x,beta,2.4118341146463735,1.37917268514306,0.9997862277945275
0.8695,0.385,w,no,2.5318157157747385,0.6231302448477798,0.9997777779784848
0.8695,0.385,w,D,2.2233204480228133,0.9765216976285253,0.9999594947821344
0.8695,0.385,w,mixed,2.4887832493755755,1.3702033645168283,0.9998252662505825
0.8695,0.385,w,beta,3.1858502700306506,1.4892324460556323,0.9993536924369483
0.8695,0.385,xw,no,2.47601097509274,0.8543550907515017,0.9999891354265298
0.8695,0.385,xw,D,2.372324900346214,0.9999999999999999,1.0
0.8695,0.385,xw,mixed,2.6674922389559117,1.3626451173864922,0.9997638534672951
0.8695,0.385,xw,beta,3.3621027939934374,1.4792173204841228,0.9993191194184738
0.8695,0.41000000000000003,,no,2.4885976858218966,0.0,0.0
0.8695,0.41000000000000003,,D,2.5616094146364157,0.020288424090252645,0.8824724070397316
0.8695,0.41000000000000003,,mixed,1.9951110664158898,0.9792196024455897,0.9999221504165753
0.8695,0.41000000000000003,,beta,2.264440283919577,1.3928232582352165,0.9998112535367858
0.8695,0.41000000000000003,x,no,1.668434707754468,0.7124682359463944,0.990359408916958
0.8695,0.41000000000000003,x,D,2.407378646231456,0.1285569190897942,0.2978097492456353
0.8695,0.41000000000000003,x,mixed,2.159313041536298,0.9816484257520528,0.9999828705534983
0.8695,0.41000000000000003,x,beta,2.433185692304233,1.3769375648973678,0.9997914537244512
0.8695,0.41000000000000003,w,no,2.6201913600581532,0.6267760432082261,0.9996748661395288
0.8695,0.41000000000000003,w,D,2.3296175206897374,0.9762692351967743,0.9999597432351917
0.8695,0.41000000000000003,w,mixed,2.592385704382128,1.3609523832760948,0.9998393197693052
0.8695,0.41000000000000003,w,beta,3.2840530801400063,1.4809589572915152,0.9993896095301578
0.8695,0.41000000000000003,xw,no,2.613004355744056,0.8543479531850491,0.9999922340854006
0.8695,0.41000000000000003,xw,D,2.5105016541341953,0.9999999999999999,1.0
0.8695,0.41000000000000003,xw,mixed,2.802146607475739,1.3519152886223227,0.999782582178169
0.8695,0.41000000000000003,xw,beta,3.489539491299384,1.469402869922942,0.9993614860819368
0.8695,0.43500000000000005,,no,2.4885976858218966,0.0,0.0
0.8695,0.43500000000000005,,D,2.5616094146364157,0.020288424090252645,0.8824724070397316
0.8695,0.43500000000000005,,mixed,1.9951110664158898,0.9792196024455897,0.9999221504165753
0.8695,0.43500000000000005,,beta,2.264440283919577,1.3928232582352165,0.9998112535367858
0.8695,0.43500000000000005,x,no,1.6896424760385027,0.7322674601715159,0.9919019082276217
0.8695,0.43500000000000005,x,D,2.288021827775299,0.1780917639885866,0.38026283775134373
0.8695,0.43500000000000005,x,mixed,2.1828014571633267,0.9809671788508003,0.9999818538067883
0.8695,0.43500000000000005,x,beta,2.455482604589139,1.3746473677771256,0.9997966433306914
0.8695,0.43500000000000005,w,no,2.703858502824277,0.6309275130862395,0.999556243229935
0.8695,0.43500000000000005,w,D,2.4323608213479546,0.9760350042333102,0.9999599919210163
0.8695,0.43500000000000005,w,mixed,2.6918160416661365,1.3524871300558434,0.9998519419562802
0.8695,0.43500000000000005,w,beta,3.378002637495617,1.4733227840956336,0.9994219559750808
0.8695,0.43500000000000005,xw,no,2.7474980478044677,0.8546660084719979,0.999993164394192
0.8695,0.43500000000000005,xw,D,2.647249717346949,0.9999999999999999,1.0
0.8695,0.43500000000000005,xw,mixed,2.934462975686836,1.341999563344125,0.9997995256511043
0.8695,0.43500000000000005,xw,beta,3.6144203054248805,1.460219988213528,0.999399886722779
0.8695,0.46,,no,2.4885976858218966,0.0,0.0
0.8695,0.46,,D,2.5616094146364157,0.020288424090252645,0.8824724070397316
0.8695,0.46,,mixed,1.9951110664158898,0.9792196024455897,0.9999221504165753
0.8695,0.46,,beta,2.264440283919577,1.3928232582352165,0.9998112535367858
0.8695,0.46,x,no,1.714610692698537,0.7497803579517246,0.9931714407315541
0.8695,0.46,x,D,2.1698943145577827,0.22952317921905988,0.45373194289913354
0.8695,0.46,x,mixed,2.2072366405857937,0.9803217620468406,0.9999808713793668
0.8695,0.46,x,beta,2.4787037988072957,1.3723066253521172,0.9998017895129256
0.8695,0.46,w,no,2.783407573417788,0.6354616167738744,0.999429899831444
0.8695,0.46,w,D,2.5318100698577957,0.9758167111768696,0.9999602375324198
0.8695,0.46,w,mixed,2.787490186555622,1.3446966204459398,0.9998633055823616
0.8695,0.46,w,beta,3.4681692968697413,1.4662359678077606,0.9994512551131829
0.8695,0.46,xw,no,2.8796110618582587,0.8552654878764527,0.9999918813139294
0.8695,0.46,xw,D,2.7826686218003487,0.9999999999999999,1.0
0.8695,0.46,xw,mixed,3.064749214825428,1.3327903893671198,0.9998148655589303
0.8695,0.46,xw,beta,3.737127235923443,1.4515862327972302,0.999434856793921
0.8695,0.48500000000000004,,no,2.4885976858218966,0.0,0.0
0.8695,0.48500000000000004,,D,2.5616094146364157,0.020288424090252645,0.8824724070397316
0.8695,0.48500000000000004,,mixed,1.9951110664158898,0.9792196024455897,0.9999221504165753
0.8695,0.48500000000000004,,beta,2.264440283919577,1.3928232582352165,0.9998112535367858
0.8695,0.48500000000000004,x,no,1.742792192584284,0.7653136134679153,0.9942177029719388
0.8695,0.48500000000000004,x,D,2.057381362416694,0.2812798918128362,0.5192082116120058
0.8695,0.48500000000000004,x,mixed,2.23260005352967,0.9797124121432809,0.9999799282992988
0.8695,0.48500000000000004,x,beta,2.5028277720898737,1.3699198015185958,0.9998068856939936
0.8695,0.48500000000000004,w,no,2.859349131741884,0.6402802099141165,0.999301860811158
0.8695,0.48500000000000004,w,D,2.6282076228574955,0.9756125481050969,0.9999604781500904
0.8695,0.48500000000000004,w,mixed,2.8797713769753415,1.3374903797601372,0.9998735626743531
0.8695,0.48500000000000004,w,beta,3.5549541029161102,1.4596267882447258,0.9994779327358596
0.8695,0.48500000000000004,xw,no,3.0094681488005923,0.8561066456604668,0.9999884724313685
0.8695,0.48500000000000004,xw,D,2.916848034868143,0.9999999999999999,1.0
0.8695,0.48500000000000004,xw,mixed,3.193263226843433,1.3242000907183191,0.9998287690216888
0.8695,0.48500000000000004,xw,beta,3.8579754285861685,1.443434618857467,0.9994668353688287
0.8695,0.51,,no,2.4885976858218966,0.0,0.0
0.8695,0.51,,D,2.5616094146364157,0.020288424090252645,0.8824724070397316
0.8695,0.51,,mixed,1.9951110664158898,0.9792196024455897,0.9999221504165753
0.8695,0.51,,beta,2.264440283919577,1.3928232582352165,0.9998112535367858
0.8695,0.51,x,no,1.7737232350022245,0.7791342870342065,0.9950816744211571
0.8695,0.51,x,D,1.952133009843793,0.3326193180712256,0.5775928051128448
0.8695,0.51,x,mixed,2.2588726180206415,0.9791392058817647,0.9999790289938906
0.8695,0.51,x,beta,2.527832644595947,1.3674912746216812,0.9998119258110946
0.8695,0.51,w,no,2.932125241224926,0.6453046671485722,0.9991765196937534
0.8695,0.51,w,D,2.721778254660808,0.975421086546756,0.9999607128269931
0.8695,0.51,w,mixed,2.9689785752674207,1.3307938035772453,0.999882845716539
0.8695,0.51,w,beta,3.6387023623680634,1.4534359985980057,0.9995023385107238
0.8695,0.51,xw,no,3.137196678788991,0.857153708172077,0.9999831239846315
0.8695,0.51,xw,D,3.049868106516912,0.9999999999999999,1.0
0.8695,0.51,xw,mixed,3.3202211904000727,1.3161563873508524,0.9998413871386906
0.8695,0.51,xw,beta,3.977223766829569,1.4357103968082874,0.9994961861720332
0.91,0.01,,no,2.4885976858218966,0.0,0.0
0.91,0.01,,D,2.5692207514397434,0.018822390987523432,0.8796305942795051
0.91,0.01,,mixed,2.0802715912459098,0.9810055470659181,0.9999349805148261
0.91,0.01,,beta,2.4332979516313205,1.3874361024329838,0.9998105477221584
0.91,0.01,x,no,2.2333847135937526,0.007178947683636055,0.9471374768779656
0.91,0.01,x,D,2.437390444485523,0.045571885463037684,0.8769307717981452
0.91,0.01,x,mixed,2.0130812405894822,0.9968581013201459,0.9999984624153878
0.91,0.01,x,beta,2.3874828143719107,1.3966563600042232,0.9997192365439046
0.91,0.01,w,no,0.3803589079890911,0.11562648124312894,0.7858808859751071
0.91,0.01,w,D,0.37870662151530443,0.11935894226181094,0.7685281879521282
0.91,0.01,w,mixed,0.0680349682297871,1.9368787212910197,0.9964090269667303
0.91,0.01,w,beta,0.1041439380884143,2.55461219525078,0.999113253059489
0.91,0.01,xw,no,0.06690004353164747,0.9965292080398417,0.9999990093629337
0.91,0.01,xw,D,0.06666115349365488,0.9999999999999999,1.0
0.91,0.01,xw,mixed,0.06153728840468573,1.988068970072712,0.9999986072627524
0.91,0.01,xw,beta,0.10245710809597688,2.5621625023398247,0.9990734552495073
0.91,0.035,,no,2.4885976858218966,0.0,0.0
0.91,0.035,,D,2.5692207514397434,0.018822390987523432,0.8796305942795051
0.91,0.035,,mixed,2.0802715912459098,0.9810055470659181,0.9999349805148261
0.91,0.035,,beta,2.4332979516313205,1.3874361024329838,0.9998105477221584
0.91,0.035,x,no,2.1987107237807066,0.03578309682629985,0.9298368550663707
0.91,0.035,x,D,2.4470404836140704,0.044296575674583526,0.8729006079834221
0.91,0.035,x,mixed,2.0191907062952934,0.9958687782119904,0.9999979577065481
0.91,0.035,x,beta,2.392468090338626,1.395859255892532,0.999723315514173
0.91,0.035,w,no,0.25508448606799683,0.9661075176483542,0.9973640283013305
0.91,0.035,w,D,0.23956258201613384,0.9863592005445527,0.9991550957232849
0.91,0.035,w,mixed,0.24420556429255602,1.8822695284147317,0.9999234768351171
0.91,0.035,w,beta,0.5801208810329085,2.0256742772444074,0.9976679321639227
0.91,0.035,xw,no,0.24057045278203712,0.9674003860002639,0.9999341333368272
0.91,0.035,xw,D,0.23309836768865647,1.0,1.0
0.91,0.035,xw,mixed,0.2398279116719454,1.8908006618160762,0.9999052175741088
0.91,0.035,xw,beta,0.572969330843149,2.031647438440249,0.9975798909422593
0.91,0.060000000000000005,,no,2.4885976858218966,0.0,0.0
0.91,0.060000000000000005,,D,2.5692207514397434,0.018822390987523432,0.8796305942795051
0.91,0.060000000000000005,,mixed,2.0802715912459098,0.9810055470659181,0.9999349805148261
0.91,0.060000000000000005,,beta,2.4332979516313205,1.3874361024329838,0.9998105477221584
0.91,0.060000000000000005,x,no,2.1424813038388884,0.07751833658457281,0.9246036187601794
0.91,0.060000000000000005,x,D,2.4582055481935563,0.043096315592195546,0.8686559983482802
0.91,0.060000000000000005,x,mixed,2.026393026638126,0.994887249170805,0.9999973871026464
0.91,0.060000000000000005,x,beta,2.3985736833464415,1.3949591555920569,0.999727515537225
0.91,0.060000000000000005,w,no,0.4949377805918643,0.8511742961341381,0.9972215043095374
0.91,0.060000000000000005,w,D,0.4071365135915902,0.9892094762592932,0.9999906051958328
0.91,0.060000000000000005,w,mixed,0.46168081393336335,1.7724843552657708,0.9997660000775854
0.91,0.060000000000000005,w,beta,1.004587089709389,1.8497994136180347,0.9977989770236411
0.91,0.060000000000000005,xw,no,0.4220607158881493,0.9350744108662207,0.999836013818719
0.91,0.060000000000000005,xw,D,0.3988309501318193,1.0,1.0
0.91,0.060000000000000005,xw,mixed,0.453620816957528,1.7816396447105953,0.9997129414221477
0.91,0.060000000000000005,xw,beta,0.9940558356617258,1.8552555576657792,0.9976891509073943
0.91,0.085,,no,2.4885976858218966,0.0,0.0
0.91,0.085,,D,2.5692207514397434,0.018822390987523432,0.8796305942795051
0.91,0.085,,mixed,2.0802715912459098,0.9810055470659181,0.9999349805148261
0.91,0.085,,beta,2.4332979516313205,1.3874361024329838,0.9998105477221584
0.91,0.085,x,no,2.07199621862695,0.1292139792999369,0.9258010832041844
0.91,0.085,x,D,2.4708829336734057,0.04197421081543626,0.8642094795136306
0.91,0.085,x,mixed,2.0346830733754357,0.9939157532113739,0.9999967545486078
0.91,0.085,x,beta,2.405793591716231,1.393958233084083,0.999731825392274
0.91,0.085,w,no,0.7382933267104439,0.7736016858273292,0.9974337749524205
0.91,0.085,w,D,0.5779006773651619,0.9848234206251846,0.9999738681070607
0.91,0.085,w,mixed,0.6893346745453655,1.6865578424689522,0.9996491869851858
0.91,0.085,w,beta,1.3516578091160607,1.7562983481098673,0.9980783221466849
0.91,0.085,xw,no,0.6029834507005212,0.9119847490438283,0.9998230570753915
0.91,0.085,xw,D,0.5634042412309747,1.0,1.0
0.91,0.085,xw,mixed,0.6794440331705501,1.6952022511736669,0.9995739475851653
0.91,0.085,xw,beta,1.3406179567111227,1.7611164128295511,0.9979636711695722
0.91,0.11,,no,2.4885976858218966,0.0,0.0
0.91,0.11,,D,2.5692207514397434,0.018822390987523432,0.8796305942795051
0.91,0.11,,mixed,2.0802715912459098,0.9810055470659181,0.9999349805148261
0.91,0.11,,beta,2.4332979516313205,1.3874361024329838,0.9998105477221584
0.91,0.11,x,no,1.994900269710487,0.187404790057993,0.9306225246608613
0.91,0.11,x,D,2.4850693247826143,0.04093339529584322,0.8595799146328394
0.91,0.11,x,mixed,2.0440549289740675,0.9929564686194929,0.9999960645387864
0.91,0.11,x,beta,2.4141206365555674,1.392858914494088,0.999736233908903
0.91,0.11,w,no,0.9653560677826897,0.7230622001000397,0.9972666228463906
0.91,0.11,w,D,0.7433943981995808,0.9836048607237262,0.9999677202994973
0.91,0.11,w,mixed,0.9108952662482294,1.621891922716717,0.9995998127693282
0.91,0.11,w,beta,1.6419573696221785,1.6961221299363156,0.9983294135450314
0.91,0.11,xw,no,0.7791965691068353,0.8967699247605992,0.9998554199800777
0.91,0.11,xw,D,0.7264325768588892,0.9999999999999999,1.0
0.91,0.11,xw,mixed,0.9016312033383662,1.62966841245917,0.9995108475573671
0.91,0.11,xw,beta,1.6331486231626173,1.700185521474582,0.9982173660651685
0.91,0.135,,no,2.4885976858218966,0.0,0.0
0.91,0.135,,D,2.5692207514397434,0.018822390987523432,0.8796305942795051
0.91,0.135,,mixed,2.0802715912459098,0.9810055470659181,0.9999349805148261
0.91,0.135,,beta,2.4332979516313205,1.3874361024329838,0.9998105477221584
0.91,0.135,x,no,1.9180364222838193,0.2487396017733024,0.9373597370674174
0.91,0.135,x,D,2.5013388258539346,0.03977547828398297,0.8507840943046585
0.91,0.135,x,mixed,2.054501890945686,0.9920114998216012,0.9999953220570716
0.91,0.135,x,beta,2.423546491187755,1.39166386050664,0.9997407300250509
0.91,0.135,w,no,1.1764006475048505,0.6872720443957495,0.9975069909223346
0.91,0.135,w,D,0.9046152706003586,0.9827417870870956,0.9999665460952801
0.91,0.135,w,mixed,1.1199024194694405,1.5724161397460217,0.9995935906168492
0.91,0.135,w,beta,1.8909614393807814,1.6531989041556534,0.9985340697224261
0.91,0.135,xw,no,0.9503097099012299,0.8863550618799041,0.999888942455331
0.91,0.135,xw,D,0.8876139567070709,1.0,1.0
0.91,0.135,xw,mixed,1.114037059024119,1.5791161288632012,0.9994979225104115
0.91,0.135,xw,beta,1.8869981396742137,1.6564016619868784,0.9984280825941394
0.91,0.16000000000000003,,no,2.4885976858218966,0.0,0.0
0.91,0.16000000000000003,,D,2.5692207514397434,0.018822390987523432,0.8796305942795051
0.91,0.16000000000000003,,mixed,2.0802715912459098,0.9810055470659181,0.9999349805148261
0.91,0.16000000000000003,,beta,2.4332979516313205,1.3874361024329838,0.9998105477221584
0.91,0.16000000000000003,x,no,1.8467003554387138,0.310315440587399,0.9448703400922317
0.91,0.16000000000000003,x,D,2.5247877812716464,0.03668487243157838,0.7964978292971743
0.91,0.16000000000000003,x,mixed,2.0660164766471167,0.9910828652866399,0.999994532510368
0.91,0.16000000000000003,x,beta,2.4340617045333013,1.3903759497478247,0.9997453028400661
0.91,0.16000000000000003,w,no,1.3701481067356223,0.6619703345737072,0.9979716644461707
0.91,0.16000000000000003,w,D,1.061175675220552,0.9819816254167888,0.9999656666058943
0.91,0.16000000000000003,w,mixed,1.314781410928245,1.5335393537646878,0.9996093785537256
0.91,0.16000000000000003,w,beta,2.109011784086631,1.6205390000991775,0.9986986715419741
0.91,0.16000000000000003,xw,no,1.1170333883374977,0.8787151473530685,0.9999122393449015
0.91,0.16000000000000003,xw,D,1.0467345283996194,1.0,1.0
0.91,0.16000000000000003,xw,mixed,1.3151597168798441,1.5390316387526621,0.9995119957737015
0.91,0.16000000000000003,xw,beta,2.112406205085073,1.622787101992783,0.99860028287325
0.91,0.18500000000000003,,no,2.4885976858218966,0.0,0.0
0.91,0.18500000000000003,,D,2.5692207514397434,0.018822390987523432,0.8796305942795051
0.91,0.18500000000000003,,mixed,2.0802715912459098,0.9810055470659181,0.9999349805148261
0.91,0.18500000000000003,,beta,2.4332979516313205,1.3874361024329838,0.9998105477221584
0.91,0.18500000000000003,x,no,1.78438496496439,0.36987780949401333,0.9523938570702424
0.91,0.18500000000000003,x,D,2.5594923730182337,0.030098504704177315,0.6299637688784728
0.91,0.18500000000000003,x,mixed,2.078590430503487,0.9901724860998906,0.9999937016568335
0.91,0.18500000000000003,x,beta,2.4456557420515623,1.3889982580278288,0.9997499416626555
0.91,0.18500000000000003,w,no,1.547060200338995,0.6442963898060556,0.9984900813375871
0.91,0.18500000000000003,w,D,1.2126594788965621,0.9813140896047331,0.9999650400370299
0.91,0.18500000000000003,w,mixed,1.4959547175427848,1.5021939852383832,0.9996346984110986
0.91,0.18500000000000003,w,beta,2.303150395033796,1.5945572867161755,0.9988320357441585
0.91,0.18500000000000003,xw,no,1.2800562358447014,0.8727779638188297,0.9999270365868758
0.91,0.18500000000000003,xw,D,1.2036643859138632,1.0,1.0
0.91,0.18500000000000003,xw,mixed,1.5053878026543697,1.5063925145489796,0.9995388492128588
0.91,0.18500000000000003,xw,beta,2.3163285741496136,1.595767840989262,0.9987418304075859
0.91,0.21000000000000002,,no,2.4885976858218966,0.0,0.0
0.91,0.21000000000000002,,D,2.5692207514397434,0.018822390987523432,0.8796305942795051
0.91,0.21000000000000002,,mixed,2.0802715912459098,0.9810055470659181,0.9999349805148261
0.91,0.21000000000000002,,beta,2.4332979516313205,1.3874361024329838,0.9998105477221584
0.91,0.21000000000000002,x,no,1.7329293166298174,0.4258740221772952,0.9594601003875713
0.91,0.21000000000000002,x,D,2.6027027544323973,0.020784605725427972,0.35229435299025635
0.91,0.21000000000000002,x,mixed,2.09221473124953,0.9892821760126776,0.9999928355303538
0.91,0.21000000000000002,x,beta,2.4583170234715537,1.3875340383319767,0.9997546360536426
0.91,0.21000000000000002,w,no,1.7084739537012306,0.6322405664400869,0.9989629408282445
0.91,0.21000000000000002,w,D,1.3588521574384695,0.9807276581422726,0.9999646207897901
0.91,0.21000000000000002,w,mixed,1.6645599873398398,1.476343607683484,0.999663013948962
0.91,0.21000000000000002,w,beta,2.478336349740336,1.573203018026721,0.9989415118816555
0.91,0.21000000000000002,xw,no,1.4398083363111522,0.868013316561051,0.9999371347515685
0.91,0.21000000000000002,xw,D,1.3583472999265422,1.0,1.0
0.91,0.21000000000000002,xw,mixed,1.68578204199732,1.4791904009007422,0.9995706771498597
0.91,0.21000000000000002,xw,beta,2.5036497633834274,1.573302631044748,0.9988595947749155
0.91,0.23500000000000001,,no,2.4885976858218966,0.0,0.0
0.91,0.23500000000000001,,D,2.5692207514397434,0.018822390987523432,0.8796305942795051
0.91,0.23500000000000001,,mixed,2.0802715912459098,0.9810055470659181,0.9999349805148261
0.91,0.23500000000000001,,beta,2.4332979516313205,1.3874361024329838,0.9998105477221584
0.91,0.23500000000000001,x,no,1.692883785829194,0.4773934716147837,0.9658175453846274
0.91,0.23500000000000001,x,D,2.6501536475959746,0.010076439915511482,0.08893497534226102
0.91,0.23500000000000001,x,mixed,2.10687960236992,0.9884136322420897,0.9999919403627775
0.91,0.23500000000000001,x,beta,2.472032967661336,1.3859866993760561,0.9997593758635602
0.91,0.23500000000000001,w,no,1.8560087982003475,0.6243795199085004,0.9993434972317402
0.91,0.23500000000000001,w,D,1.4997021070484513,0.9802108459065986,0.9999643651373882
0.91,0.23500000000000001,w,mixed,1.8219123253343736,1.4546086597521066,0.9996911272476798
0.91,0.23500000000000001,w,beta,2.638172234588942,1.5552090489291543,0.9990326567233886
0.91,0.23500000000000001,xw,no,1.5965069127240052,0.8641568370763918,0.9999453937729081
0.91,0.23500000000000001,xw,D,1.5107872114553564,1.0,1.0
0.91,0.23500000000000001,xw,mixed,1.8575624961946289,1.456064938134327,0.9996034186933344
0.91,0.23500000000000001,xw,beta,2.6779006279309066,1.5541333794811834,0.9989588899791607
0.91,0.26,,no,2.4885976858218966,0.0,0.0
0.91,0.26,,D,2.5692207514397434,0.018822390987523432,0.8796305942795051
0.91,0.26,,mixed,2.0802715912459098,0.9810055470659181,0.9999349805148261
0.91,0.26,,beta,2.4332979516313205,1.3874361024329838,0.9998105477221584
0.91,0.26,x,no,1.66392946639823,0.5240424316876929,0.9713685691786489
0.91,0.26,x,D,2.698965456383192,-0.001139016464173655,0.0010632577181857172
0.91,0.26,x,mixed,2.122574525559168,0.9875684271885695,0.9999910225054413
0.91,0.26,x,beta,2.4867900322743446,1.3843597857198788,0.9997641512651846
0.91,0.26,w,no,1.9912943288818472,0.6196881308578047,0.9996180711257615
0.91,0.26,w,D,1.635280948553016,0.9797530010714595,0.9999642344448912
0.91,0.26,w,mixed,1.9692878867954662,1.4360300046160708,0.9997175945875737
0.91,0.26,w,beta,2.7853506765274374,1.5397451007954812,0.9991095760531872
0.91,0.26,xw,no,1.7502467214759818,0.8610645004518899,0.9999533562669177
0.91,0.26,xw,D,1.6610338952336288,1.0,1.0
0.91,0.26,xw,mixed,2.021903601111667,1.436070949626459,0.9996350654051627
0.91,0.26,xw,beta,2.8417035146825222,1.5374381488115645,0.9990436999373975
0.91,0.28500000000000003,,no,2.4885976858218966,0.0,0.0
0.91,0.28500000000000003,,D,2.5692207514397434,0.018822390987523432,0.8796305942795051
0.91,0.28500000000000003,,mixed,2.0802715912459098,0.9810055470659181,0.9999349805148261
0.91,0.28500000000000003,,beta,2.4332979516313205,1.3874361024329838,0.9998105477221584
0.91,0.28500000000000003,x,no,1.6452423431928471,0.5658008429301622,0.976114244996868
0.91,0.28500000000000003,x,D,2.7459018561372464,-0.011870528672134345,0.09700554332702038
0.91,0.28500000000000003,x,mixed,2.139288245154233,0.9867480043803342,0.9999900883514777
0.91,0.28500000000000003,x,beta,2.5025737721458414,1.38265695424587,0.9997689527811902
0.91,0.28500000000000003,w,no,2.115851916793662,0.6174148089938685,0.9997914868784162
0.91,0.28500000000000003,w,D,1.7657476972627606,0.9793447080755567,0.9999641964664724
0.91,0.28500000000000003,w,mixed,2.1078454277032552,1.419923424484558,0.9997418638304294
0.91,0.28500000000000003,w,beta,2.921932956215343,1.5262418244872364,0.999175304996605
0.91,0.28500000000000003,xw,no,1.9010697456648218,0.8586437005543224,0.9999615185207865
0.91,0.28500000000000003,xw,D,1.8091694864892065,1.0,1.0
0.91,0.28500000000000003,xw,mixed,2.1798601854404596,1.418534970078195,0.9996647048255944
0.91,0.28500000000000003,xw,beta,2.9970487349031347,1.5226554252618085,0.9991170004042337
0.91,0.31000000000000005,,no,2.4885976858218966,0.0,0.0
0.91,0.31000000000000005,,D,2.5692207514397434,0.018822390987523432,0.8796305942795051
0.91,0.31000000000000005,,mixed,2.0802715912459098,0.9810055470659181,0.9999349805148261
0.91,0.31000000000000005,,beta,2.4332979516313205,1.3874361024329838,0.9998105477221584
0.91,0.31000000000000005,x,no,1.6357624882930888,0.6028914304449099,0.9801118663693753
0.91,0.31000000000000005,x,D,2.746015415881709,-0.007784531617932858,0.025930811485806782
0.91,0.31000000000000005,x,mixed,2.157008796633956,0.9859536698348429,0.9999891442603177
0.91,0.31000000000000005,x,beta,2.519368883564082,1.380881954447017,0.9997737713071524
0.91,0.31000000000000005,w,no,2.2310505343965708,0.616999276653996,0.9998774959319595
0.91,0.31000000000000005,w,D,1.8913189790972893,0.9789779270319143,0.9999642253939502
0.91,0.31000000000000005,w,mixed,2.23860657973176,1.4057890681484828,0.9997638221865005
0.91,0.31000000000000005,w,beta,3.049529246447908,1.5142943700518685,0.999232107916782
0.91,0.31000000000000005,xw,no,2.0490070859252185,0.856822920183301,0.9999697091820909
0.91,0.31000000000000005,xw,D,1.9552968419317092,1.0,1.0
0.91,0.31000000000000005,xw,mixed,2.332349524538138,1.4029658043031992,0.999691999425287
0.91,0.31000000000000005,xw,beta,3.145474403436739,1.5093876593416296,0.999181029070195
0.91,0.335,,no,2.4885976858218966,0.0,0.0
0.91,0.335,,D,2.5692207514397434,0.018822390987523432,0.8796305942795051
0.91,0.335,,mixed,2.0802715912459098,0.9810055470659181,0.9999349805148261
0.91,0.335,,beta,2.4332979516313205,1.3874361024329838,0.9998105477221584
0.91,0.335,x,no,1.634370033861158,0.6356753521800261,0.983445365349797
0.91,0.335,x,D,2.694608108710915,0.013064816395097382,0.024807398940596137
0.91,0.335,x,mixed,2.175723516010417,0.9851865904597079,0.9999881964856918
0.91,0.335,x,beta,2.537159264883647,1.379038605979678,0.9997785981301786
0.91,0.335,w,no,2.3380979625673746,0.6180176704861936,0.999892980460908
0.91,0.335,w,D,2.0122458240110483,0.978645942111249,0.9999643012297346
0.91,0.335,w,mixed,2.362460204109617,1.3932538513695807,0.9997835628478083
0.91,0.335,w,beta,3.169423472545279,1.5036054580353089,0.9992816952561372
0.91,0.335,xw,no,2.19410004318457,0.8555394621296664,0.9999774242855678
0.91,0.335,xw,D,2.099530124811323,1.0,1.0
0.91,0.335,xw,mixed,2.480156403421547,1.3889975571658995,0.9997169061495449
0.91,0.335,xw,beta,3.2881886925784753,1.4973447813403675,0.9992374869924454
0.91,0.36000000000000004,,no,2.4885976858218966,0.0,0.0
0.91,0.36000000000000004,,D,2.5692207514397434,0.018822390987523432,0.8796305942795051
0.91,0.36000000000000004,,mixed,2.0802715912459098,0.9810055470659181,0.9999349805148261
0.91,0.36000000000000004,,beta,2.4332979516313205,1.3874361024329838,0.9998105477221584
0.91,0.36000000000000004,x,no,1.639987614607248,0.6645769903631789,0.9862065553417425
0.91,0.36000000000000004,x,D,2.609350340591631,0.04576025712291025,0.12299105478436212
0.91,0.36000000000000004,x,mixed,2.1954190616340163,0.9844477910438809,0.9999872511082928
0.91,0.36000000000000004,x,beta,2.555928069632698,1.3771307787675797,0.9997834249434674
0.91,0.36000000000000004,w,no,2.4380482236702457,0.62014519984666,0.9998547195022364
0.91,0.36000000000000004,w,D,2.1287963479521244,0.978343240666745,0.9999644088827135
0.91,0.36000000000000004,w,mixed,2.4801755642750396,1.3820339187016897,0.9998012659478184
0.91,0.36000000000000004,w,beta,3.2826499843606474,1.4939521541002785,0.9993253763980731
0.91,0.36000000000000004,xw,no,2.3364082877272594,0.8547351252473866,0.9999840736699438
0.91,0.36000000000000004,xw,D,2.241987610092445,0.9999999999999999,1.0
0.91,0.36000000000000004,xw,mixed,2.6239465234069312,1.376352483795388,0.9997395261698769
0.91,0.36000000000000004,xw,beta,3.426150172577927,1.486310310611597,0.9992876834008552
0.91,0.385,,no,2.4885976858218966,0.0,0.0
0.91,0.385,,D,2.5692207514397434,0.018822390987523432,0.8796305942795051
0.91,0.385,,mixed,2.0802715912459098,0.9810055470659181,0.9999349805148261
0.91,0.385,,beta,2.4332979516313205,1.3874361024329838,0.9998105477221584
0.91,0.385,x,no,1.6516325550965365,0.6900340535463229,0.9884843622134591
0.91,0.385,x,D,2.503449743971614,0.08672363423251106,0.2248827823262598
0.91,0.385,x,mixed,2.216081436866445,0.9837381529310849,0.9999863139740935
0.91,0.385,x,beta,2.575657766835547,1.3751623726038775,0.9997882438571182
0.91,0.385,w,no,2.5318157157747385,0.6231302448477798,0.9997777779784848
0.91,0.385,w,D,2.2412434217096493,0.9780653474814758,0.9999645372252515
0.91,0.385,w,mixed,2.592417777054459,1.3719095667487093,0.9998171388981794
0.91,0.385,w,beta,3.3900572254893837,1.4851630333109958,0.9993641670703782
0.91,0.385,xw,no,2.47601097509274,0.8543550907515017,0.9999891354265298
0.91,0.385,xw,D,2.3827864808886248,0.9999999999999999,1.0
0.91,0.385,xw,mixed,2.7642822571350667,1.3648161177103868,0.999760024834643
0.91,0.385,xw,beta,3.560129873451844,1.4761188941055292,0.9993326388594928
0.91,0.41000000000000003,,no,2.4885976858218966,0.0,0.0
0.91,0.41000000000000003,,D,2.5692207514397434,0.018822390987523432,0.8796305942795051
0.91,0.41000000000000003,,mixed,2.0802715912459098,0.9810055470659181,0.9999349805148261
0.91,0.41000000000000003,,beta,2.4332979516313205,1.3874361024329838,0.9998105477221584
0.91,0.41000000000000003,x,no,1.668434707754468,0.7124682359463944,0.990359408916958
0.91,0.41000000000000003,x,D,2.386384825248472,0.13338472834490486,0.31701175530963144
0.91,0.41000000000000003,x,mixed,2.237696014060168,0.983058414196681,0.9999853906391383
0.91,0.41000000000000003,x,beta,2.5963302013072003,1.3731372978709149,0.9997930474055138
0.91,0.41000000000000003,w,no,2.6201913600581532,0.6267760432082261,0.9996748661395288
0.91,0.41000000000000003,w,D,2.3498562350529135,0.9778086565522828,0.9999646782328914
0.91,0.41000000000000003,w,mixed,2.699762681202675,1.3627081228940814,0.9998313875062845
0.91,0.41000000000000003,w,beta,3.49234910454064,1.4771039048301464,0.9993988652607507
0.91,0.41000000000000003,xw,no,2.613004355744056,0.8543479531850491,0.9999922340854006
0.91,0.41000000000000003,xw,D,2.5220392880878095,1.0,1.0
0.91,0.41000000000000003,xw,mixed,2.9016378777495233,1.354220268385146,0.9997785895390332
0.91,0.41000000000000003,xw,beta,3.690751988253574,1.4666421777979777,0.9993731589387732
0.91,0.43500000000000005,,no,2.4885976858218966,0.0,0.0
0.91,0.43500000000000005,,D,2.5692207514397434,0.018822390987523432,0.8796305942795051
0.91,0.43500000000000005,,mixed,2.0802715912459098,0.9810055470659181,0.9999349805148261
0.91,0.43500000000000005,,beta,2.4332979516313205,1.3874361024329838,0.9998105477221584
0.91,0.43500000000000005,x,no,1.6896424760385027,0.7322674601715159,0.9919019082276217
0.91,0.43500000000000005,x,D,2.2658553282203364,0.1835071561306401,0.3989980286179745
0.91,0.43500000000000005,x,mixed,2.2602475619252402,0.9824091707421045,0.999984486321434
0.91,0.43500000000000005,x,beta,2.6179266518417066,1.3710594578675492,0.9997978285516047
0.91,0.43500000000000005,w,no,2.703858502824277,0.6309275130862395,0.999556243229935
0.91,0.43500000000000005,w,D,2.454894799100229,0.9775702755033042,0.9999648262550999
0.91,0.43500000000000005,w,mixed,2.802710158544794,1.3542919984759714,0.9998442029845139
0.91,0.43500000000000005,w,beta,3.5901154002885733,1.4696681021300333,0.9994301054188044
0.91,0.43500000000000005,xw,no,2.7474980478044677,0.8546660084719979,0.999993164394192
0.91,0.43500000000000005,xw,D,2.659851726815948,0.9999999999999999,1.0
0.91,0.43500000000000005,xw,mixed,3.036412390630885,1.344431313003228,0.9997954081266822
0.91,0.43500000000000005,xw,beta,3.8185263292887126,1.457778833650279,0.9994098872273526
0.91,0.46,,no,2.4885976858218966,0.0,0.0
0.91,0.46,,D,2.5692207514397434,0.018822390987523432,0.8796305942795051
0.91,0.46,,mixed,2.0802715912459098,0.9810055470659181,0.9999349805148261
0.91,0.46,,beta,2.4332979516313205,1.3874361024329838,0.9998105477221584
0.91,0.46,x,no,1.714610692698537,0.7497803579517246,0.9931714407315541
0.91,0.46,x,D,2.147095818801678,0.2354405009102776,0.4719670256667353
0.91,0.46,x,mixed,2.2837202748660714,0.9817908785916729,0.9999836058603669
0.91,0.46,x,beta,2.6404278949110593,1.3689327311834112,0.9998025806884046
0.91,0.46,w,no,2.783407573417788,0.6354616167738744,0.999429899831444
0.91,0.46,w,D,2.556606591948583,0.9773478895188441,0.9999649774246635
0.91,0.46,w,mixed,2.9016957776845795,1.346550165829303,0.9998557570706533
0.91,0.46,w,beta,3.683854660023035,1.4627696844230382,0.9994583976135696
0.91,0.46,xw,no,2.8796110618582587,0.8552654878764527,0.9999918813139294
0.91,0.46,xw,D,2.7963214101859735,1.0,1.0
0.91,0.46,xw,mixed,3.16894228794068,1.3353415792172096,0.999810658402947
0.91,0.46,xw,beta,3.9438704661506994,1.4494479439504877,0.99944334385447
0.91,0.48500000000000004,,no,2.4885976858218966,0.0,0.0
0.91,0.48500000000000004,,D,2.5692207514397434,0.018822390987523432,0.8796305942795051
0.91,0.48500000000000004,,mixed,2.0802715912459098,0.9810055470659181,0.9999349805148261
0.91,0.48500000000000004,,beta,2.4332979516313205,1.3874361024329838,0.9998105477221584
0.91,0.48500000000000004,x,no,1.742792192584284,0.7653136134679153,0.9942177029719388
0.91,0.48500000000000004,x,D,2.033979826407935,0.287739438410882,0.5365650341964645
0.91,0.48500000000000004,x,mixed,2.308097803779463,0.9812038573956384,0.9999827536838876
0.91,0.48500000000000004,x,beta,2.6638142680739154,1.3667609553414246,0.9998072976379963
0.91,0.48500000000000004,w,no,2.859349131741884,0.6402802099141165,0.999301860811158
0.91,0.48500000000000004,w,D,2.65522472288829,0.9771396467548275,0.9999651291936617
0.91,0.48500000000000004,w,mixed,2.9970999250053962,1.3393921277477814,0.9998662011823564
0.91,0.48500000000000004,w,beta,3.77399218475136,1.4563385024182127,0.999484156172772
0.91,0.48500000000000004,xw,no,3.0094681488005923,0.8561066456604668,0.9999884724313685
0.91,0.48500000000000004,xw,D,2.9315373679244408,0.9999999999999998,1.0
0.91,0.48500000000000004,xw,mixed,3.2995110170304947,1.326863364757745,0.9998245036233457
0.91,0.48500000000000004,xw,beta,4.067131328502614,1.4415836357167653,0.9994739537841522
0.91,0.51,,no,2.4885976858218966,0.0,0.0
0.91,0.51,,D,2.5692207514397434,0.018822390987523432,0.8796305942795051
0.91,0.51,,mixed,2.0802715912459098,0.9810055470659181,0.9999349805148261
0.91,0.51,,beta,2.4332979516313205,1.3874361024329838,0.9998105477221584
0.91,0.51,x,no,1.7737232350022245,0.7791342870342065,0.9950816744211571
0.91,0.51,x,D,1.9286453595929658,0.33946478253048745,0.5939638045959843
0.91,0.51,x,mixed,2.3333632905828887,0.9806482944795255,0.9999819337835176
0.91,0.51,x,beta,2.6880657244136064,1.364547913508825,0.9998119736483294
0.91,0.51,w,no,2.932125241224926,0.6453046671485722,0.9991765196937534
0.91,0.51,w,D,2.7509671458714395,0.9769440638593386,0.9999652799764951
0.91,0.51,w,mixed,3.0892568018633764,1.3327432388290177,0.9998756674713776
0.91,0.51,w,beta,3.860894650042295,1.4503165080940579,0.9995077208873506
0.91,0.51,xw,no,3.137196678788991,0.857153708172077,0.9999831239846315
0.91,0.51,xw,D,3.0655800498104817,1.0,1.0
0.91,0.51,xw,mixed,3.428357572806926,1.3189244396267081,0.9998370911423082
0.91,0.51,xw,beta,4.188594795081914,1.4341321743519044,0.9995020678237696
